village_code,treat,hi_sat,subcounty,n_hh_sample,assets_mod,hhsize_bl,elec_bl,census_hh,share_biz,share_elig,n_allents_BL
601010101002.0,0,0,SIAYA,14,712.1131967817034,3.9808571679251537,0.08973683629717145,125,0.176,0.36,128.49999833106995
601010101004.0,0,0,SIAYA,12,923.7381070454916,4.666666666666667,0.0,80,0.2875,0.225,85.11999893188477
601010101009.0,0,0,SIAYA,20,777.1305576324463,4.136600017547607,0.11281578540802002,142,0.21830985915492956,0.2323943661971831,141.88799810409546
601010101010.0,1,0,SIAYA,10,349.0815139770508,3.6366000175476074,0.11281578540802002,115,0.12173913043478261,0.4,115.85999846458435
601010102001.0,0,0,SIAYA,13,642.7833797748273,3.3640000269963193,0.17356274678156927,125,0.256,0.328,125.49999833106995
601010102003.0,0,0,SIAYA,14,2082.7120688302175,4.649857180459159,0.09889096873147148,114,0.2894736842105263,0.17543859649122806,114.89599847793579
601010102010.0,0,0,SIAYA,12,794.5722883145014,4.311000029246013,0.10469297568003337,164,0.23780487804878048,0.3475609756097561,171.09599781036377
601010102013.0,0,0,SIAYA,15,326.66377878189087,3.9398667017618814,0.02563157081604004,65,0.18461538461538463,0.4307692307692308,64.65999913215637
601010103001.0,0,0,SIAYA,15,811.0331779479981,3.6065333684285483,0.02563157081604004,71,0.1267605633802817,0.3380281690140845,70.44399905204773
601010103002.0,0,0,SIAYA,12,903.4093435481191,3.5833333333333335,0.0,112,0.21428571428571427,0.42857142857142855,111.96799850463867
601010103003.0,1,0,SIAYA,11,852.2321076826615,4.017818277532404,0.16081337495283646,160,0.21875,0.3875,166.23999786376953
601010103005.0,1,0,SIAYA,15,1732.6751088460287,4.830933380126953,0.03417542775472005,45,0.5777777777777777,0.4444444444444444,54.37999939918518
601010103007.0,1,0,SIAYA,13,498.9989535991962,4.335846167344314,0.009858296467707707,77,0.15584415584415584,0.2597402597402597,76.22799897193909
601010103008.0,1,0,SIAYA,12,1261.5903027852376,3.6443333625793457,0.02135964234670003,69,0.21739130434782608,0.4057971014492754,69.51599907875061
601010104002.0,0,0,SIAYA,12,1179.2786835034688,4.144333362579346,0.02135964234670003,82,0.10975609756097561,0.4634146341463415,83.04799890518188
601010104004.0,1,0,SIAYA,11,1360.9241232438521,4.396909106861461,0.011650714007290926,94,0.13829787234042554,0.40425531914893614,95.6159987449646
601010104005.0,0,0,SIAYA,13,923.1811417799729,4.874307705805852,0.009858296467707707,135,0.17777777777777778,0.37777777777777777,141.13999819755554
601010104006.0,1,0,SIAYA,11,913.3889867609197,3.669636379588734,0.19346889582547275,111,0.1891891891891892,0.3333333333333333,126.00399851799011
601010104008.0,0,0,SIAYA,13,714.3918192936824,5.3433846693772535,0.03943318587083083,68,0.08955223880597014,0.4264705882352941,69.55199909210205
601010105001.0,1,1,SIAYA,13,706.7326246408315,4.874307705805852,0.08678137339078464,109,0.23853211009174313,0.3394495412844037,116.075998544693
601010105003.0,1,1,SIAYA,11,1656.6808266206222,4.090909090909091,0.18181818181818182,81,0.08641975308641975,0.38271604938271603,82.08399891853333
601010105004.0,1,1,SIAYA,23,814.9185465937076,4.175043562184209,0.06129288673400879,107,0.14018691588785046,0.2616822429906542,108.14799857139587
601010105005.0,1,1,SIAYA,18,776.2146788703071,4.071888976626926,0.0640789270401001,107,0.205607476635514,0.29906542056074764,110.14799857139587
601010105006.0,0,1,SIAYA,13,574.8101143470177,5.59476925776555,0.09663966985849234,106,0.20754716981132076,0.27358490566037735,112.18399858474731
601010105008.0,0,1,SIAYA,14,1514.6728719983782,4.818857192993164,0.03661652973720005,154,0.16883116883116883,0.2857142857142857,164.45599794387817
601010105009.0,1,1,SIAYA,14,541.5726699829102,4.195142882210868,0.018308264868600026,128,0.140625,0.28125,137.39199829101562
601010105010.0,1,1,SIAYA,12,1115.8671913146973,4.583333333333333,0.0,115,0.12173913043478261,0.3391304347826087,110.85999846458435
601010105011.0,1,1,SIAYA,10,826.5906700134277,5.6,0.1,103,0.1650485436893204,0.4563106796116505,104.29199862480164
601010105012.0,0,1,SIAYA,12,1131.7810325622559,4.530500014623006,0.09401315450668335,176,0.09195402298850575,0.38636363636363635,178.66399765014648
601010106001.0,1,1,SIAYA,11,951.9251403808594,4.636363636363637,0.0,45,0.26666666666666666,0.13953488372093023,50.37999939918518
601010106003.0,1,1,SIAYA,12,808.4319127400717,3.197166681289673,0.010679821173350016,144,0.056338028169014086,0.2708333333333333,145.81599807739258
601010106004.0,0,1,SIAYA,13,918.1726229741023,3.748615411611704,0.25048582370464617,127,0.10236220472440945,0.2440944881889764,135.42799830436707
601010106006.0,1,1,SIAYA,12,778.0293127695719,2.5833333333333335,0.08333333333333333,118,0.211864406779661,0.3389830508474576,121.75199842453003
601010106010.0,0,1,SIAYA,10,342.00903472900393,4.0,0.0,140,0.1366906474820144,0.25,143.95999813079834
601010201002.0,0,0,SIAYA,15,682.0735388437907,3.3398667017618817,0.02563157081604004,59,0.13559322033898305,0.3728813559322034,58.875999212265015
601010201003.0,1,0,SIAYA,11,1265.5507410222833,4.454545454545454,0.0,83,0.1927710843373494,0.43373493975903615,82.01199889183044
601010201004.0,1,0,SIAYA,12,469.54541873931885,4.25,0.0,85,0.17647058823529413,0.36470588235294116,92.93999886512756
601010201005.0,0,0,SIAYA,11,365.2007233012806,3.272727272727273,0.09090909090909091,74,0.1506849315068493,0.3013698630136986,72.33599901199341
601010201007.0,0,0,SIAYA,12,689.8580383062363,4.280500014623006,0.09401315450668335,134,0.2537313432835821,0.4253731343283582,132.17599821090698
601010201009.0,0,0,SIAYA,13,681.6949738722581,4.056307719304011,0.019716592935415413,81,0.2222222222222222,0.5925925925925926,81.08399891853333
601010201011.0,1,0,SIAYA,15,629.7755612691243,5.206533368428548,0.0922982374827067,148,0.14814814814814814,0.14189189189189189,143.67199802398682
601010202001.0,1,0,SIAYA,13,1331.5816518343413,4.566615398113544,0.009858296467707707,103,0.14563106796116504,0.43137254901960786,103.29199862480164
601010202002.0,0,0,SIAYA,14,1136.5808181762695,5.052285739353725,0.1611654077257429,131,0.09923664122137404,0.35877862595419846,136.2839982509613
601010202003.0,0,0,SIAYA,12,837.2947578430176,3.75,0.08333333333333333,101,0.19801980198019803,0.3465346534653465,99.36399865150452
601010202004.0,0,0,SIAYA,11,787.9504667195407,4.181818181818182,0.0,108,0.14814814814814814,0.5462962962962963,112.11199855804443
601010202005.0,0,0,SIAYA,12,761.9344596862793,4.916666666666667,0.0,153,0.15789473684210525,0.3790849673202614,159.49199795722961
601010202007.0,0,0,SIAYA,13,968.5093330970177,3.797384628882775,0.08678137339078464,91,0.31868131868131866,0.34065934065934067,93.72399878501892
601010202011.0,0,0,SIAYA,12,452.5704511006673,3.4166666666666665,0.0,104,0.10576923076923077,0.2692307692307692,179.2559986114502
601010203001.0,1,1,SIAYA,12,379.50454076131183,4.11383334795634,0.1773464878400167,109,0.29357798165137616,0.24770642201834864,191.075998544693
601010203002.0,0,1,SIAYA,15,833.5469863891601,3.7398667017618816,0.02563157081604004,147,0.20408163265306123,0.2789115646258503,150.70799803733826
601010203004.0,0,1,SIAYA,15,1248.675690460205,4.473200035095215,0.0922982374827067,66,0.24242424242424243,0.21212121212121213,67.62399911880493
601010203006.0,0,1,SIAYA,21,824.2857816105798,4.4425715037754605,0.05492479460580008,64,0.15625,0.359375,63.69599914550781
601010203009.0,1,1,SIAYA,14,934.2592326572964,3.9495715413774763,0.15381576333727157,183,0.25136612021857924,0.3425414364640884,224.4119975566864
601010203010.0,1,1,SIAYA,13,922.8055237990159,4.274000094487117,0.14593115219703087,65,0.13846153846153847,0.2923076923076923,66.65999913215637
601010203011.0,1,1,SIAYA,16,771.5395629405975,4.7790000438690186,0.03203946352005005,106,0.2358490566037736,0.42452830188679247,113.18399858474731
601010204001.0,0,0,SIAYA,13,494.0863930078653,3.874307705805852,0.009858296467707707,70,0.057971014492753624,0.42857142857142855,69.47999906539917
601010204007.0,0,0,SIAYA,9,1795.5307057698567,4.15177779727512,0.014239761564466689,116,0.26548672566371684,0.3826086956521739,133.8239984512329
601010204008.0,1,0,SIAYA,11,700.8897136341442,4.033272743225098,0.10255980491638184,96,0.21875,0.4479166666666667,103.54399871826172
601010204009.0,1,0,SIAYA,12,768.7423658370972,4.144333362579346,0.02135964234670003,87,0.08045977011494253,0.42528735632183906,88.86799883842468
601010301006.0,0,0,SIAYA,10,585.4269689559936,3.6,0.0,109,0.27522935779816515,0.26605504587155965,168.075998544693
601010301007.0,0,0,SIAYA,12,707.7471688588461,4.780500014623006,0.09401315450668335,101,0.1782178217821782,0.36633663366336633,106.36399865150452
601010301008.0,1,0,SIAYA,11,722.0321093472568,5.454545454545454,0.0,81,0.20987654320987653,0.24691358024691357,82.08399891853333
601010301009.0,0,0,SIAYA,14,478.8218558856419,3.552285739353725,0.018308264868600026,98,0.1368421052631579,0.4387755102040816,96.47199869155884
601010301010.0,1,0,SIAYA,15,830.4925654093424,3.7398667017618816,0.0922982374827067,77,0.16883116883116883,0.4675324675324675,80.22799897193909
601010301011.0,0,0,SIAYA,10,330.80233306884764,3.4,0.0,85,0.15294117647058825,0.39285714285714285,86.93999886512756
601010302001.0,0,1,SIAYA,15,906.8028737386068,3.9398667017618814,0.0922982374827067,165,0.15757575757575756,0.5696969696969697,174.05999779701233
601010302003.0,1,1,SIAYA,13,707.4275547907903,4.566615398113544,0.009858296467707707,191,0.19473684210526315,0.5132275132275133,232.12399744987488
601010302006.0,1,1,SIAYA,22,936.1748915585605,4.211818261580034,0.10370811549100009,94,0.29347826086956524,0.3617021276595745,143.6159987449646
601020201003.0,0,1,SIAYA,12,631.4762975374857,4.36383334795634,0.1773464878400167,140,0.22142857142857142,0.4142857142857143,156.95999813079834
601020201005.0,1,1,SIAYA,12,571.6426472663879,4.0,0.08333333333333333,120,0.15833333333333333,0.44166666666666665,121.67999839782715
601020201007.0,1,1,SIAYA,13,599.6624462421124,4.335846167344314,0.009858296467707707,98,0.23469387755102042,0.3163265306122449,110.47199869155884
601020202001.0,1,1,SIAYA,12,1277.4772233963013,3.1138333479563394,0.09401315450668335,83,0.2891566265060241,0.5060240963855421,84.01199889183044
601020202003.0,0,1,SIAYA,12,815.1322708129883,3.1443333625793457,0.1880263090133667,93,0.25,0.44086021505376344,94.65199875831604
601020202006.0,1,1,SIAYA,12,1235.378583272298,4.583333333333333,0.08333333333333333,92,0.21739130434782608,0.4891304347826087,90.68799877166748
601020203002.0,1,1,SIAYA,12,1096.9079310099285,4.61383334795634,0.010679821173350016,104,0.22115384615384615,0.375,107.2559986114502
601020203004.0,0,1,SIAYA,16,1018.6867949962616,4.3415000438690186,0.09453946352005005,91,0.15555555555555556,0.31868131868131866,93.72399878501892
601020203005.0,1,1,SIAYA,13,747.3037931002103,3.9512307827289286,0.009858296467707707,65,0.23076923076923078,0.23076923076923078,65.65999913215637
601020203008.0,1,1,SIAYA,11,414.9338025017218,4.1241818341341885,0.011650714007290926,114,0.23684210526315788,0.5526315789473685,116.89599847793579
601020203012.0,1,1,SIAYA,11,932.3608342950994,4.818181818181818,0.0,83,0.13924050632911392,0.4939759036144578,80.01199889183044
601020203015.0,0,1,SIAYA,10,1263.9922569274902,3.3,0.1,65,0.2153846153846154,0.23076923076923078,75.65999913215637
601020204003.0,0,0,SIAYA,11,1468.2727661132812,5.181818181818182,0.09090909090909091,171,0.0935672514619883,0.49122807017543857,165.8439977169037
601020204007.0,1,0,SIAYA,11,858.1943220658736,4.851454561406916,0.011650714007290926,78,0.0945945945945946,0.46153846153846156,79.19199895858765
601020205004.0,0,0,SIAYA,14,1030.6686485835485,4.409428596496582,0.018308264868600026,106,0.32075471698113206,0.39622641509433965,118.18399858474731
601020206008.0,1,1,SIAYA,11,1632.7851271195846,4.7272727272727275,0.09090909090909091,122,0.16393442622950818,0.38524590163934425,125.60799837112427
601020207007.0,1,0,SIAYA,10,613.497525024414,4.7,0.0,75,0.2,0.52,72.29999899864197
601020207009.0,0,0,SIAYA,13,998.8219234759991,5.335846167344314,0.009858296467707707,113,0.18584070796460178,0.415929203539823,149.93199849128723
601020207010.0,1,0,SIAYA,12,1026.6186157862346,4.25,0.08333333333333333,59,0.22033898305084745,0.5084745762711864,59.875999212265015
601020207013.0,0,0,SIAYA,13,818.8874188936674,4.440923103919396,0.019716592935415413,71,0.11267605633802817,0.5070422535211268,72.44399905204773
601020301003.0,1,1,SIAYA,17,613.6423698874081,5.166470639845905,0.09651701590594124,136,0.23529411764705882,0.23529411764705882,141.1039981842041
601020301004.0,1,1,SIAYA,13,1218.7964295607346,3.315230809725248,0.10649796632620004,78,0.2564102564102564,0.23376623376623376,80.19199895858765
601020301005.0,1,1,SIAYA,16,742.7349774837494,5.108250021934509,0.07851973176002502,135,0.25925925925925924,0.3880597014925373,142.13999819755554
601020301007.0,0,1,SIAYA,12,240.3527577718099,3.697166681289673,0.1773464878400167,122,0.18333333333333332,0.3524590163934426,122.60799837112427
601020301008.0,1,1,SIAYA,12,1063.8739496866863,4.36383334795634,0.09401315450668335,137,0.24087591240875914,0.3284671532846715,137.06799817085266
601020302001.0,1,1,SIAYA,13,668.9825697678787,5.335846167344314,0.009858296467707707,152,0.16447368421052633,0.4370860927152318,169.52799797058105
601020303004.0,1,1,SIAYA,14,613.8708556720188,4.792714323316302,0.02746239730290004,109,0.22018348623853212,0.3119266055045872,149.075998544693
601020303006.0,0,1,SIAYA,11,949.7937025590377,4.636363636363637,0.0,97,0.13402061855670103,0.4742268041237113,96.50799870491028
601020303009.0,0,1,SIAYA,13,1012.1084600595327,3.874307705805852,0.08678137339078464,73,0.1780821917808219,0.3561643835616438,75.37199902534485
601020401001.0,1,0,SIAYA,13,1067.7002399151143,4.671692334688627,0.09663966985849234,88,0.24705882352941178,0.45454545454545453,87.83199882507324
601020401003.0,0,0,SIAYA,14,1099.05969783238,4.695142882210868,0.08973683629717145,111,0.10377358490566038,0.35135135135135137,108.00399851799011
601020401012.0,0,0,SIAYA,11,1605.3305705677378,4.818181818181818,0.0,118,0.11864406779661017,0.36752136752136755,133.75199842453003
601020401013.0,0,0,SIAYA,13,814.4232902526855,4.105076936575083,0.009858296467707707,114,0.17699115044247787,0.37719298245614036,112.89599847793579
601020401014.0,0,0,SIAYA,13,1020.0969578669622,4.056307719304011,0.09663966985849234,101,0.2376237623762376,0.2376237623762376,123.36399865150452
601020401015.0,1,0,SIAYA,12,561.4200201034546,3.8333333333333335,0.0,144,0.0851063829787234,0.4305555555555556,139.81599807739258
601020402003.0,0,0,SIAYA,13,777.8479937039889,3.2589230904212365,0.009858296467707707,93,0.1935483870967742,0.3010752688172043,99.65199875831604
601020402004.0,1,0,SIAYA,15,898.9746678670248,3.6976000467936196,0.10084209442138672,125,0.192,0.328,126.49999833106995
601020402007.0,1,0,SIAYA,10,1131.9165370941162,3.5366000175476073,0.21281578540802001,103,0.2815533980582524,0.3786407766990291,110.29199862480164
601020402008.0,0,0,SIAYA,11,869.3873634338379,4.215090925043279,0.10255980491638184,128,0.1640625,0.34375,128.39199829101562
601020402009.0,0,0,SIAYA,12,559.8157218297323,3.4166666666666665,0.08333333333333333,129,0.08527131782945736,0.4573643410852713,124.35599827766418
601020402011.0,0,0,SIAYA,13,676.7559456458458,5.056307719304011,0.019716592935415413,133,0.13533834586466165,0.3106060606060606,142.21199822425842
601020403002.0,1,1,SIAYA,13,1186.083020723783,5.335846167344314,0.16370445031386155,101,0.25742574257425743,0.19801980198019803,124.36399865150452
601020403003.0,0,1,SIAYA,14,789.9640339442661,4.266571453639439,0.08973683629717145,126,0.304,0.23015873015873015,135.4639983177185
601020403004.0,1,1,SIAYA,12,1068.434048652649,4.447166681289673,0.34401315450668335,59,0.1724137931034483,0.1864406779661017,74.87599921226501
601020403005.0,1,1,SIAYA,11,634.6584763960404,4.487818197770552,0.011650714007290926,84,0.21428571428571427,0.2619047619047619,93.975998878479
601020403006.0,0,1,SIAYA,13,572.3943839439979,3.874307705805852,0.009858296467707707,47,0.2127659574468085,0.14893617021276595,99.3079993724823
601020403007.0,1,1,SIAYA,10,742.3101512908936,4.2,0.2,62,0.1935483870967742,0.2903225806451613,63.76799917221069
601020403008.0,1,1,SIAYA,11,566.7885552319614,3.8181818181818183,0.09090909090909091,97,0.4148936170212766,0.20618556701030927,144.50799870491028
601020403009.0,1,1,SIAYA,14,721.9693875994001,3.552285739353725,0.08973683629717145,30,0.23333333333333334,0.23333333333333334,31.919999599456787
601020403010.0,1,1,SIAYA,13,1367.248528113732,4.853692348186787,0.18342104324927697,76,0.10526315789473684,0.25,73.26399898529053
601020403011.0,1,1,SIAYA,9,250.7707756890191,5.222222222222222,0.0,116,0.21551724137931033,0.3620689655172414,115.82399845123291
601020403012.0,0,1,SIAYA,12,918.3838637669882,5.030500014623006,0.010679821173350016,101,0.23,0.38613861386138615,102.36399865150452
601020403013.0,0,1,SIAYA,9,239.28682454427084,6.111111111111111,0.0,132,0.20610687022900764,0.2803030303030303,132.24799823760986
601020404002.0,0,0,SIAYA,21,916.3076204572405,4.156857218061175,0.05492479460580008,106,0.16037735849056603,0.4056603773584906,108.18399858474731
601020404003.0,0,0,SIAYA,15,976.9613054275512,3.7285334269205728,0.0683508555094401,95,0.3157894736842105,0.4631578947368421,93.57999873161316
601020404006.0,1,0,SIAYA,11,753.4953547391025,4.909090909090909,0.0,147,0.19727891156462585,0.5578231292517006,148.70799803733826
601020404007.0,1,0,SIAYA,10,1529.399850463867,3.5366000175476073,0.11281578540802002,100,0.26,0.47,106.39999866485596
601020404010.0,0,0,SIAYA,19,969.4557527240954,4.6663158818295125,0.0674515021474738,146,0.1643835616438356,0.3561643835616438,145.7439980506897
601020404011.0,0,0,SIAYA,15,911.9007537841796,4.273200035095215,0.02563157081604004,122,0.2540983606557377,0.3360655737704918,141.60799837112427
601020404012.0,0,0,SIAYA,20,905.065559387207,3.683000087738037,0.1140789270401001,107,0.3364485981308411,0.3925233644859813,114.14799857139587
601030101002.0,1,1,SIAYA,14,569.6862531389509,4.338000025068011,0.018308264868600026,73,0.3698630136986301,0.3424657534246575,73.37199902534485
601030101003.0,0,1,SIAYA,15,1003.3153831481934,3.3642667134602866,0.03417542775472005,103,0.20388349514563106,0.13861386138613863,165.29199862480164
601030101004.0,1,1,SIAYA,12,1044.4504192670186,4.280500014623006,0.1773464878400167,90,0.2222222222222222,0.32222222222222224,96.75999879837036
601030102001.0,1,1,SIAYA,13,1074.8266583956206,4.566615398113544,0.08678137339078464,102,0.14705882352941177,0.28431372549019607,104.32799863815308
601030102002.0,0,1,SIAYA,12,722.1230297088623,5.11383334795634,0.010679821173350016,144,0.13194444444444445,0.3541666666666667,139.81599807739258
601030102003.0,1,1,SIAYA,10,967.3435165405274,5.936600017547607,0.01281578540802002,84,0.32142857142857145,0.40476190476190477,85.975998878479
601030102006.0,0,1,SIAYA,15,20.309703954060872,4.122000058492024,0.04271928469340006,89,0.2247191011235955,0.4157303370786517,91.7959988117218
601030103001.0,0,0,SIAYA,12,612.3413518269857,3.947166681289673,0.010679821173350016,123,0.0975609756097561,0.34959349593495936,123.57199835777283
601030103002.0,0,0,SIAYA,13,985.5154847365159,4.056307719304011,0.09663966985849234,90,0.17777777777777778,0.36666666666666664,93.75999879837036
601030103003.0,0,0,SIAYA,11,994.2509495128285,3.6363636363636362,0.09090909090909091,64,0.234375,0.375,73.69599914550781
601030103004.0,1,0,SIAYA,12,589.225279490153,4.36383334795634,0.010679821173350016,62,0.16129032258064516,0.3548387096774194,65.7679991722107
601030103007.0,1,0,SIAYA,12,1230.6983451843262,3.947166681289673,0.010679821173350016,58,0.20689655172413793,0.4482758620689655,58.911999225616455
601030104001.0,0,0,SIAYA,13,658.2556868333083,4.056307719304011,0.019716592935415413,165,0.09090909090909091,0.2909090909090909,162.05999779701233
601030104003.0,0,0,SIAYA,11,724.5018279335716,3.3969091068614614,0.011650714007290926,154,0.2597402597402597,0.4935064935064935,241.45599794387817
601030104006.0,0,0,SIAYA,15,797.0803606669108,4.073200035095215,0.02563157081604004,169,0.17751479289940827,0.48520710059171596,215.91599774360657
601030105002.0,0,0,SIAYA,12,435.03979873657227,3.25,0.08333333333333333,99,0.16161616161616163,0.5050505050505051,100.4359986782074
601030105004.0,0,0,SIAYA,13,894.7928825891935,4.440923103919396,0.019716592935415413,66,0.13636363636363635,0.4393939393939394,71.62399911880493
601030105008.0,1,0,SIAYA,11,928.0979350696911,4.090909090909091,0.18181818181818182,120,0.23333333333333334,0.30833333333333335,131.67999839782715
601030105009.0,1,0,SIAYA,13,562.1523132324219,4.105076936575083,0.08678137339078464,112,0.19642857142857142,0.33035714285714285,115.96799850463867
601030201002.0,1,0,SIAYA,12,883.5950374603271,3.9166666666666665,0.0,171,0.20710059171597633,0.3333333333333333,182.8439977169037
601030201003.0,0,0,SIAYA,12,675.933882077535,4.583333333333333,0.0,80,0.1625,0.3670886075949367,88.11999893188477
601030201004.0,0,0,SIAYA,12,834.7458120981852,5.11383334795634,0.010679821173350016,99,0.29292929292929293,0.4444444444444444,112.4359986782074
601030201005.0,1,0,SIAYA,14,616.1632193667548,4.623714310782296,0.018308264868600026,160,0.1375,0.51875,165.23999786376953
601030201008.0,1,0,SIAYA,16,1129.2374200820923,4.580875098705292,0.07208879292011261,136,0.16176470588235295,0.5294117647058824,139.1039981842041
601030202006.0,1,1,SIAYA,14,617.3370475769043,4.480857167925153,0.018308264868600026,99,0.23232323232323232,0.4444444444444444,107.4359986782074
601030202007.0,1,1,SIAYA,12,714.594529469808,4.447166681289673,0.010679821173350016,92,0.18478260869565216,0.42391304347826086,93.68799877166748
601030202008.0,1,1,SIAYA,13,417.5885593707745,4.643538475036621,0.24062752723693848,135,0.2,0.13333333333333333,138.13999819755554
601030202010.0,1,1,SIAYA,25,759.4037326049805,4.469280014038086,0.13025262832641601,79,0.11392405063291139,0.3037974683544304,77.1559989452362
601030203004.0,0,1,SIAYA,13,969.9620883648212,4.287076950073242,0.019716592935415413,62,0.11290322580645161,0.5,63.76799917221069
601030203005.0,1,1,SIAYA,11,493.0287988836115,3.8181818181818183,0.0,99,0.1717171717171717,0.40404040404040403,98.4359986782074
601030203006.0,0,1,SIAYA,12,1125.659626642863,3.727666695912679,0.02135964234670003,145,0.1724137931034483,0.3103448275862069,144.77999806404114
601030203007.0,1,1,SIAYA,13,1146.0098700890173,3.622923117417556,0.02957488940312312,90,0.15555555555555556,0.3333333333333333,104.75999879837036
601030204003.0,0,0,SIAYA,11,834.6623972112483,3.7605454704978247,0.10255980491638184,126,0.096,0.40476190476190477,131.4639983177185
601030204005.0,0,0,SIAYA,12,1030.9564692179363,3.0,0.08333333333333333,48,0.0625,0.25,49.27199935913086
601030204006.0,0,0,SIAYA,11,411.6310438676314,4.7272727272727275,0.09090909090909091,119,0.058823529411764705,0.2605042016806723,123.71599841117859
601030204007.0,0,0,SIAYA,13,808.9018167349009,4.517846180842473,0.09663966985849234,167,0.1656441717791411,0.2754491017964072,227.98799777030945
601030205001.0,1,0,SIAYA,16,1005.5414931774139,4.5915000438690186,0.03203946352005005,245,0.19591836734693877,0.3877551020408163,251.1799967288971
601030205002.0,0,0,SIAYA,11,1189.6751930930398,3.942363652316007,0.10255980491638184,110,0.15454545454545454,0.33636363636363636,110.03999853134155
601030205003.0,0,0,SIAYA,12,534.9716830253601,4.666666666666667,0.0,122,0.09016393442622951,0.4180327868852459,125.60799837112427
601030205007.0,0,0,SIAYA,12,339.27547152837116,3.75,0.08333333333333333,110,0.20909090909090908,0.3181818181818182,122.03999853134155
601030205008.0,1,0,SIAYA,12,739.8114166259766,4.477666695912679,0.02135964234670003,163,0.11042944785276074,0.32515337423312884,159.1319978237152
601030301001.0,1,1,SIAYA,13,400.6916104830228,4.902461565457857,0.019716592935415413,59,0.1864406779661017,0.2711864406779661,73.87599921226501
601030301002.0,0,1,SIAYA,11,539.2557577653365,4.090909090909091,0.0,51,0.0784313725490196,0.2549019607843137,49.16399931907654
601030301003.0,0,1,SIAYA,9,685.1413523356119,5.0,0.0,59,0.017241379310344827,0.2033898305084746,56.875999212265015
601030301004.0,1,1,SIAYA,12,395.65856552124023,4.25,0.0,111,0.09009009009009009,0.4774774774774775,112.00399851799011
601030301005.0,1,1,SIAYA,14,565.2582528250558,4.792714323316302,0.02746239730290004,66,0.09090909090909091,0.5454545454545454,65.62399911880493
601030301006.0,1,1,SIAYA,11,1179.3738892295144,5.0,0.09090909090909091,66,0.10606060606060606,0.5,65.62399911880493
601030301007.0,0,1,SIAYA,13,657.537592961238,3.6716923346886268,0.019716592935415413,98,0.04081632653061224,0.4387755102040816,95.47199869155884
601030301008.0,1,1,SIAYA,15,921.4167667706807,4.606533368428548,0.15896490414937336,90,0.1724137931034483,0.4111111111111111,94.75999879837036
601030301009.0,0,1,SIAYA,11,755.3686904907227,4.30600001595237,0.011650714007290926,78,0.11842105263157894,0.6282051282051282,83.19199895858765
601030301010.0,1,1,SIAYA,12,1070.4811045328777,3.8333333333333335,0.0,100,0.17346938775510204,0.41,104.39999866485596
601030301011.0,1,1,SIAYA,13,1081.8405886430007,5.133230796227088,0.019716592935415413,73,0.0958904109589041,0.4657534246575342,71.37199902534485
601030301012.0,1,1,SIAYA,12,662.3503246307373,4.583333333333333,0.0,108,0.14814814814814814,0.48148148148148145,107.11199855804443
601030301013.0,1,1,SIAYA,12,594.8107045491537,4.197166681289673,0.010679821173350016,107,0.08411214953271028,0.4392523364485981,109.14799857139587
601030302001.0,0,0,SIAYA,12,717.7851765950521,4.780500014623006,0.010679821173350016,91,0.13186813186813187,0.23076923076923078,98.72399878501892
601030302002.0,1,0,SIAYA,15,1135.9489329020182,4.006533368428548,0.22563157081604004,102,0.3235294117647059,0.17647058823529413,160.32799863815308
601030302003.0,1,0,SIAYA,13,809.2559171823355,5.0,0.07692307692307693,101,0.2376237623762376,0.297029702970297,105.36399865150452
601030302007.0,1,0,SIAYA,13,254.64201178917517,4.258923090421236,0.08678137339078464,116,0.31896551724137934,0.5263157894736842,135.8239984512329
601030302008.0,1,0,SIAYA,14,777.6741262163434,4.961714335850307,0.10804510116577148,142,0.24647887323943662,0.4225352112676056,145.88799810409546
601030302009.0,0,0,SIAYA,13,729.1774802574745,4.335846167344314,0.16370445031386155,210,0.1523809523809524,0.3761904761904762,214.4399971961975
601030302010.0,0,0,SIAYA,12,970.1512972513834,4.0,0.08333333333333333,86,0.13953488372093023,0.43023255813953487,86.90399885177612
601030302011.0,0,0,SIAYA,11,926.3771313753995,3.8181818181818183,0.09090909090909091,59,0.1864406779661017,0.4067796610169492,58.875999212265015
601030302012.0,0,0,SIAYA,14,1413.8539627620153,3.4808571679251537,0.018308264868600026,74,0.1891891891891892,0.5135135135135135,78.33599901199341
601030302014.0,0,0,SIAYA,14,655.3882435389927,3.7665714536394392,0.08973683629717145,105,0.2761904761904762,0.49038461538461536,123.21999859809875
601030303001.0,1,1,SIAYA,14,528.3901195526123,4.552285739353725,0.1611654077257429,106,0.2830188679245283,0.3490566037735849,159.18399858474731
601030303002.0,0,1,SIAYA,11,659.1172915371982,4.430181850086559,0.20511960983276367,52,0.28846153846153844,0.34615384615384615,65.1279993057251
601030303003.0,1,1,SIAYA,12,1018.1687469482422,5.144333362579346,0.1880263090133667,105,0.18095238095238095,0.5333333333333333,107.21999859809875
601030303004.0,1,1,SIAYA,13,923.8396923358624,4.335846167344314,0.009858296467707707,60,0.13333333333333333,0.36666666666666664,60.839999198913574
601030303005.0,1,1,SIAYA,13,746.0512448824369,3.210153873150165,0.3274089006277231,96,0.22105263157894736,0.4479166666666667,151.54399871826172
601030303006.0,0,1,SIAYA,11,368.4624192931435,4.215090925043279,0.19346889582547275,79,0.16455696202531644,0.3670886075949367,78.1559989452362
601030303008.0,1,1,SIAYA,14,621.9862747192383,4.266571453639439,0.018308264868600026,95,0.15789473684210525,0.45263157894736844,101.57999873161316
601030303009.0,0,1,SIAYA,12,550.3871784210205,3.697166681289673,0.1773464878400167,67,0.16417910447761194,0.4626865671641791,69.58799910545349
601030303010.0,1,1,SIAYA,11,1457.4356273304331,3.578727288679643,0.011650714007290926,61,0.19672131147540983,0.5245901639344263,62.803999185562134
601030303011.0,0,1,SIAYA,11,665.1635603471236,4.30600001595237,0.011650714007290926,75,0.0945945945945946,0.5466666666666666,85.29999899864197
601030303012.0,1,1,SIAYA,13,1152.8798605111929,4.364000026996319,0.09663966985849234,109,0.1559633027522936,0.6422018348623854,112.075998544693
601040101001.0,0,1,UKWALA,13,608.1439936711238,3.7767692712637095,0.02957488940312312,111,0.19090909090909092,0.21621621621621623,115.00399851799011
601040101002.0,1,1,UKWALA,13,1007.3597318209135,4.720461551959698,0.24062752723693848,112,0.08928571428571429,0.26785714285714285,116.96799850463867
601040101003.0,1,1,UKWALA,17,733.1430850309484,4.342941228081198,0.21416407472947063,160,0.35,0.29375,165.23999786376953
601040101004.0,0,1,UKWALA,13,621.6522827148438,3.1050769365750828,0.08678137339078464,95,0.22105263157894736,0.3473684210526316,126.57999873161316
601040101005.0,0,1,UKWALA,14,1184.9952060154505,4.695142882210868,0.1611654077257429,92,0.2696629213483146,0.2717391304347826,139.68799877166748
601040101006.0,0,1,UKWALA,12,574.9372418721517,3.977666695912679,0.10469297568003337,146,0.18620689655172415,0.2945205479452055,151.7439980506897
601040101007.0,1,1,UKWALA,10,1066.3927429199218,4.673200035095215,0.32563157081604005,111,0.10810810810810811,0.44144144144144143,116.00399851799011
601040101008.0,1,1,UKWALA,14,1211.5108964102608,4.0784286090305875,0.02746239730290004,66,0.24242424242424243,0.19696969696969696,67.62399911880493
601040101009.0,0,1,UKWALA,11,315.84504933790726,3.0,0.09090909090909091,75,0.013333333333333334,0.22666666666666666,72.29999899864197
601040101010.0,1,1,UKWALA,15,750.7306055704753,3.5642667134602863,0.10084209442138672,97,0.1958762886597938,0.13402061855670103,135.50799870491028
601040101011.0,1,1,UKWALA,13,557.5491714477539,4.440923103919396,0.25048582370464617,74,0.16216216216216217,0.21621621621621623,76.33599901199341
601040101012.0,1,1,UKWALA,14,726.5402581351144,3.8380000250680104,0.08973683629717145,81,0.3,0.2345679012345679,87.08399891853333
601040101013.0,1,1,UKWALA,14,460.1542431967599,3.6237143107822964,0.018308264868600026,53,0.07547169811320754,0.3584905660377358,53.09199929237366
601040101014.0,1,1,UKWALA,11,628.1213871348988,4.2727272727272725,0.09090909090909091,88,0.05747126436781609,0.19318181818181818,85.83199882507324
601040101015.0,1,1,UKWALA,13,655.535506615272,3.6716923346886268,0.09663966985849234,73,0.1780821917808219,0.3424657534246575,93.37199902534485
601040101016.0,1,1,UKWALA,13,589.4998001685509,4.671692334688627,0.019716592935415413,96,0.03125,0.2708333333333333,93.54399871826172
601040102001.0,1,1,UKWALA,12,1280.0924663543701,4.197166681289673,0.010679821173350016,123,0.15,0.2845528455284553,128.57199835777283
601040102002.0,1,1,UKWALA,15,843.6925343354543,3.806533368428548,0.15896490414937336,112,0.10714285714285714,0.24107142857142858,110.96799850463867
601040102003.0,1,1,UKWALA,16,787.3198149204254,3.551875054836273,0.10254932940006256,141,0.07801418439716312,0.18439716312056736,151.9239981174469
601040102004.0,1,1,UKWALA,12,804.9903043111166,3.1138333479563394,0.010679821173350016,118,0.3983050847457627,0.2627118644067797,141.75199842453003
601040102005.0,1,1,UKWALA,11,1063.2589777166193,3.272727272727273,0.09090909090909091,126,0.29365079365079366,0.15873015873015872,140.4639983177185
601040102006.0,0,1,UKWALA,13,614.3389029869667,4.566615398113544,0.009858296467707707,141,0.3404255319148936,0.16312056737588654,158.9239981174469
601040102007.0,0,1,UKWALA,14,1083.0070661817279,3.6237143107822964,0.08973683629717145,109,0.12844036697247707,0.12844036697247707,111.075998544693
601040102008.0,0,1,UKWALA,14,1019.2145451136997,4.052285739353725,0.08973683629717145,102,0.16666666666666666,0.24509803921568626,105.32799863815308
601040103001.0,0,0,UKWALA,12,599.9462223052979,5.030500014623006,0.010679821173350016,51,0.09803921568627451,0.27450980392156865,62.16399931907654
601040103002.0,0,0,UKWALA,12,760.1778119405111,3.947166681289673,0.010679821173350016,67,0.19696969696969696,0.23880597014925373,72.58799910545349
601040103003.0,1,0,UKWALA,12,475.61840375264484,4.11383334795634,0.09401315450668335,87,0.3488372093023256,0.3218390804597701,110.86799883842468
601040103004.0,1,0,UKWALA,14,638.8255359104702,4.338000025068011,0.08973683629717145,65,0.1076923076923077,0.38461538461538464,65.65999913215637
601040103005.0,0,0,UKWALA,12,646.6408446629843,4.280500014623006,0.09401315450668335,98,0.21428571428571427,0.40816326530612246,109.47199869155884
601040103006.0,0,0,UKWALA,12,17.665100653966267,4.25,0.16666666666666666,80,0.20253164556962025,0.375,79.11999893188477
601040104001.0,0,0,UKWALA,11,494.15512639825994,2.8847273046320137,0.023301428014581852,120,0.16666666666666666,0.225,129.67999839782715
601040104002.0,0,0,UKWALA,12,439.8759487469991,3.2805000146230063,0.26067982117335003,42,0.09523809523809523,0.40476190476190477,47.4879994392395
601040104003.0,1,0,UKWALA,11,1039.8912847692316,4.363636363636363,0.18181818181818182,125,0.16,0.232,133.49999833106995
601040104004.0,0,0,UKWALA,14,582.0206873757498,3.9355714661734447,0.1703195401600429,78,0.11538461538461539,0.1282051282051282,82.19199895858765
601040104005.0,0,0,UKWALA,13,1420.6793834979717,4.364000026996319,0.17356274678156927,79,0.16455696202531644,0.2911392405063291,79.1559989452362
601040104006.0,1,0,UKWALA,13,627.2382548405574,3.5460000404944787,0.02957488940312312,64,0.2222222222222222,0.390625,65.69599914550781
601040104007.0,0,0,UKWALA,12,468.19746081034344,4.030500014623006,0.010679821173350016,65,0.24615384615384617,0.15384615384615385,69.65999913215637
601040105001.0,1,0,UKWALA,13,733.2776125394381,4.2101538731501655,0.25048582370464617,97,0.22916666666666666,0.09278350515463918,100.50799870491028
601040105002.0,1,0,UKWALA,11,555.1496849060059,4.487818197770552,0.19346889582547275,80,0.2875,0.0875,82.11999893188477
601040105003.0,0,0,UKWALA,13,1194.8077850341797,3.748615411611704,0.019716592935415413,63,0.2857142857142857,0.1111111111111111,70.73199915885925
601040105004.0,0,0,UKWALA,14,903.8103302546909,4.435571466173444,0.24174811158861434,99,0.23157894736842105,0.1111111111111111,99.4359986782074
601040105005.0,0,0,UKWALA,14,869.6094235011509,3.7927143233163014,0.1703195401600429,159,0.2929936305732484,0.1949685534591195,172.27599787712097
601040105006.0,1,0,UKWALA,12,1255.280689875285,4.894333362579346,0.2713596423467,68,0.19117647058823528,0.27941176470588236,70.55199909210205
601040105007.0,1,0,UKWALA,13,592.2960873383743,4.517846180842473,0.09663966985849234,93,0.09782608695652174,0.3118279569892473,90.65199875831604
601040105008.0,0,0,UKWALA,12,562.9490234057108,3.3638333479563394,0.010679821173350016,74,0.12162162162162163,0.33783783783783783,75.33599901199341
601040107001.0,0,0,UKWALA,12,1395.4936354955037,4.36383334795634,0.1773464878400167,90,0.05555555555555555,0.34444444444444444,88.75999879837036
601040107002.0,1,0,UKWALA,14,1090.3204852512904,4.195142882210868,0.30402255058288574,98,0.17346938775510204,0.25510204081632654,102.47199869155884
601040107003.0,0,0,UKWALA,15,1396.836587524414,3.9398667017618814,0.02563157081604004,72,0.041666666666666664,0.1527777777777778,71.40799903869629
601040107004.0,0,0,UKWALA,12,471.5763193766276,4.86383334795634,0.09401315450668335,47,0.14893617021276595,0.2553191489361702,46.3079993724823
601040107005.0,0,0,UKWALA,15,481.76953989664713,4.406533368428549,0.02563157081604004,63,0.19047619047619047,0.4126984126984127,61.73199915885925
601040107006.0,1,0,UKWALA,10,499.5332191467285,4.136600017547607,0.01281578540802002,79,0.24050632911392406,0.1518987341772152,78.1559989452362
601040201001.0,1,1,UKWALA,11,781.8064360185103,5.248363668268377,0.20511960983276367,107,0.24299065420560748,0.2336448598130841,134.14799857139587
601040201002.0,1,1,UKWALA,14,1143.35493850708,5.507000037602016,0.1703195401600429,87,0.19540229885057472,0.26436781609195403,94.86799883842468
601040201003.0,1,1,UKWALA,15,707.9973948160807,4.964266713460287,0.10084209442138672,149,0.1342281879194631,0.24161073825503357,149.63599801063538
601040201004.0,1,1,UKWALA,13,755.5156455406776,4.440923103919396,0.17356274678156927,146,0.18181818181818182,0.3561643835616438,152.7439980506897
601040201005.0,0,1,UKWALA,12,744.2962544759115,4.780500014623006,0.26067982117335003,94,0.11702127659574468,0.43010752688172044,92.6159987449646
601040201006.0,0,1,UKWALA,12,958.8889961242676,4.25,0.16666666666666666,78,0.08974358974358974,0.24358974358974358,77.19199895858765
601040201007.0,1,1,UKWALA,11,473.9200911088423,4.669636379588734,0.011650714007290926,82,0.14814814814814814,0.36585365853658536,82.04799890518188
601040201008.0,1,1,UKWALA,12,503.85924339294434,5.11383334795634,0.09401315450668335,90,0.12222222222222222,0.4222222222222222,91.75999879837036
601040201009.0,0,1,UKWALA,13,772.2934532165527,4.2101538731501655,0.019716592935415413,118,0.13559322033898305,0.3898305084745763,121.75199842453003
601040202001.0,0,0,UKWALA,12,884.4518351554871,5.280500014623006,0.010679821173350016,92,0.06521739130434782,0.34065934065934067,91.68799877166748
601040202002.0,1,0,UKWALA,12,438.660639444987,5.25,0.3333333333333333,73,0.1095890410958904,0.4246575342465753,70.37199902534485
601040202003.0,1,0,UKWALA,13,750.2655663123497,4.41276924426739,0.24062752723693848,113,0.09734513274336283,0.3274336283185841,112.93199849128723
601040202004.0,0,0,UKWALA,12,1073.8222993214924,5.174833377202352,0.11537279685338338,122,0.13114754098360656,0.32786885245901637,124.60799837112427
601040202005.0,0,0,UKWALA,12,791.8871294657389,3.947166681289673,0.1773464878400167,65,0.12307692307692308,0.2,63.65999913215637
601040202006.0,0,0,UKWALA,15,936.8738637288411,4.939866701761882,0.0922982374827067,82,0.012195121951219513,0.2962962962962963,79.04799890518188
601040202008.0,1,0,UKWALA,14,349.43919318062916,3.8380000250680104,0.018308264868600026,138,0.21014492753623187,0.3115942028985507,135.03199815750122
601040202009.0,0,0,UKWALA,12,728.4362241427103,4.083333333333333,0.0,86,0.1511627906976744,0.27906976744186046,83.90399885177612
601040202010.0,0,0,UKWALA,12,757.1520640055338,3.5,0.08333333333333333,73,0.0273972602739726,0.2916666666666667,70.37199902534485
601040203001.0,1,1,UKWALA,13,591.9817227950463,4.8255384885347805,0.09663966985849234,130,0.06923076923076923,0.16153846153846155,128.31999826431274
601040203002.0,0,1,UKWALA,12,412.93826421101886,5.697166681289673,0.09401315450668335,178,0.07865168539325842,0.19318181818181818,175.5919976234436
601040203003.0,1,1,UKWALA,12,717.6059176127116,6.030500014623006,0.09401315450668335,61,0.18032786885245902,0.2459016393442623,60.803999185562134
601040203012.0,0,1,UKWALA,13,736.6977081298828,6.182000013498159,0.3175506041600154,100,0.12,0.06,103.39999866485596
601040203013.0,0,1,UKWALA,12,520.6603390375773,3.3943333625793457,0.1880263090133667,92,0.09782608695652174,0.29347826086956524,92.68799877166748
601040203014.0,1,1,UKWALA,14,706.843250138419,4.338000025068011,0.08973683629717145,95,0.21505376344086022,0.15789473684210525,101.57999873161316
601040203015.0,0,1,UKWALA,11,1077.4340383356268,4.851454561406916,0.19346889582547275,66,0.09230769230769231,0.30303030303030304,67.62399911880493
601040203016.0,1,1,UKWALA,12,540.3760693868002,5.583333333333333,0.25,56,0.16071428571428573,0.21428571428571427,54.983999252319336
601040203017.0,1,1,UKWALA,13,1292.085969191331,5.105076936575083,0.16370445031386155,96,0.1875,0.23404255319148937,98.54399871826172
601040203018.0,0,1,UKWALA,10,826.4745151519776,4.436600017547607,0.01281578540802002,98,0.10309278350515463,0.2653061224489796,98.47199869155884
601040203019.0,1,1,UKWALA,14,612.068625313895,3.8380000250680104,0.018308264868600026,136,0.08888888888888889,0.4632352941176471,139.1039981842041
601040203020.0,1,1,UKWALA,14,826.8844201224191,4.552285739353725,0.018308264868600026,72,0.08333333333333333,0.3611111111111111,72.40799903869629
601040203021.0,1,1,UKWALA,12,-66.98935763041179,5.11383334795634,0.26067982117335003,65,0.2153846153846154,0.27692307692307694,69.65999913215637
601040203022.0,1,1,UKWALA,11,1179.1783308549361,4.363636363636363,0.09090909090909091,74,0.2972972972972973,0.3918918918918919,73.33599901199341
601040203023.0,1,1,UKWALA,11,416.8833919871937,4.181818181818182,0.09090909090909091,85,0.17857142857142858,0.18823529411764706,85.93999886512756
601040204001.0,1,1,UKWALA,11,731.9267106489701,4.818181818181818,0.0,132,0.09848484848484848,0.3181818181818182,130.24799823760986
601040204002.0,1,1,UKWALA,14,1226.0101846967425,4.766571453639439,0.1611654077257429,137,0.18382352941176472,0.3357664233576642,143.06799817085266
601040204003.0,1,1,UKWALA,11,775.4121072942561,5.033272743225098,0.011650714007290926,132,0.20454545454545456,0.4015151515151515,133.24799823760986
601040204004.0,1,1,UKWALA,14,793.6053657531738,4.695142882210868,0.018308264868600026,89,0.33707865168539325,0.23595505617977527,101.7959988117218
601040204011.0,0,1,UKWALA,13,1093.7438844534067,5.517846180842473,0.17356274678156927,114,0.10526315789473684,0.0625,175.8959984779358
601040204012.0,1,1,UKWALA,15,612.976247660319,4.8732000350952145,0.15896490414937336,82,0.0975609756097561,0.2682926829268293,92.04799890518188
601040204013.0,1,1,UKWALA,13,593.8778975560115,4.035692361684946,0.03943318587083083,75,0.17333333333333334,0.32,81.29999899864197
601040204014.0,0,1,UKWALA,12,569.2622114817301,4.166666666666667,0.16666666666666666,61,0.04918032786885246,0.38333333333333336,59.803999185562134
601040204015.0,1,1,UKWALA,12,564.637555440267,3.6666666666666665,0.0,84,0.08333333333333333,0.39759036144578314,81.975998878479
601040204016.0,1,1,UKWALA,13,574.6446709266075,4.028153859652006,0.16370445031386155,138,0.17391304347826086,0.30434782608695654,146.03199815750122
601040204017.0,0,1,UKWALA,11,360.93391903963953,3.7605454704978247,0.10255980491638184,121,0.11570247933884298,0.2975206611570248,123.64399838447571
601040204018.0,0,1,UKWALA,13,693.7901986929087,4.440923103919396,0.09663966985849234,128,0.125,0.3858267716535433,124.39199829101562
601040204019.0,0,1,UKWALA,13,521.8376005612887,3.3358461673443136,0.08678137339078464,122,0.21311475409836064,0.2459016393442623,121.60799837112427
601040204020.0,0,1,UKWALA,14,965.8359407697405,4.864142894744873,0.09889096873147148,81,0.13580246913580246,0.2,104.08399891853333
601040301001.0,1,1,UKWALA,12,223.64666112263998,3.947166681289673,0.09401315450668335,128,0.1484375,0.3359375,127.39199829101562
601040301002.0,0,1,UKWALA,11,349.18555502458054,5.545454545454546,0.18181818181818182,94,0.11702127659574468,0.2765957446808511,95.6159987449646
601040301003.0,1,1,UKWALA,12,495.64063771565753,4.697166681289673,0.09401315450668335,149,0.06040268456375839,0.37583892617449666,148.63599801063538
601040301004.0,1,1,UKWALA,12,478.02394994099933,3.75,0.0,141,0.05673758865248227,0.3829787234042553,181.9239981174469
601040301005.0,1,1,UKWALA,14,884.0672119685581,3.5784286090305875,0.09889096873147148,114,0.18421052631578946,0.34210526315789475,139.8959984779358
601040301006.0,1,1,UKWALA,12,589.9619928995768,4.197166681289673,0.09401315450668335,112,0.11607142857142858,0.4732142857142857,118.96799850463867
601040301007.0,1,1,UKWALA,10,1445.9195682525635,3.6366000175476074,0.21281578540802001,99,0.020202020202020204,0.41414141414141414,96.4359986782074
601040301008.0,1,1,UKWALA,12,857.1377207438151,4.25,0.0,91,0.04395604395604396,0.24175824175824176,89.72399878501892
601040301009.0,1,1,UKWALA,13,594.7978885357196,3.9512307827289286,0.009858296467707707,93,0.10752688172043011,0.21505376344086022,90.65199875831604
601040301010.0,0,1,UKWALA,12,632.4621715545654,4.530500014623006,0.09401315450668335,163,0.1165644171779141,0.3006134969325153,163.1319978237152
601040301011.0,1,1,UKWALA,11,421.1814755526456,4.033272743225098,0.011650714007290926,67,0.13432835820895522,0.23880597014925373,65.58799910545349
601040301012.0,0,1,UKWALA,14,945.5781190054757,5.149857180459159,0.09889096873147148,153,0.10457516339869281,0.30718954248366015,154.49199795722961
601040301013.0,0,1,UKWALA,12,465.5983346303304,3.197166681289673,0.010679821173350016,70,0.07142857142857142,0.2,68.47999906539917
601040302001.0,0,0,UKWALA,13,878.147478543795,4.8255384885347805,0.019716592935415413,126,0.2,0.2857142857142857,129.4639983177185
601040302002.0,0,0,UKWALA,11,1032.3139051957564,3.8181818181818183,0.2727272727272727,120,0.17796610169491525,0.275,119.67999839782715
601040302003.0,0,0,UKWALA,11,1168.8886912952769,3.669636379588734,0.10255980491638184,78,0.20512820512820512,0.41025641025641024,81.19199895858765
601040302004.0,0,0,UKWALA,11,640.8768088600852,4.215090925043279,0.011650714007290926,114,0.11403508771929824,0.4473684210526316,112.89599847793579
601040302005.0,1,0,UKWALA,13,557.9661436814529,3.4127692442673903,0.009858296467707707,136,0.14705882352941177,0.3897058823529412,141.1039981842041
601040302006.0,0,0,UKWALA,13,614.42161325308,3.0281538596520057,0.16370445031386155,92,0.14130434782608695,0.34782608695652173,97.68799877166748
601040302007.0,1,0,UKWALA,14,878.1642357962472,4.60457147870745,0.25090224402291433,131,0.13740458015267176,0.3816793893129771,136.2839982509613
601040303001.0,0,1,UKWALA,12,1434.0646794637044,4.311000029246013,0.1880263090133667,100,0.1,0.37,102.39999866485596
601040303002.0,0,1,UKWALA,13,856.7533005934495,4.440923103919396,0.09663966985849234,164,0.1524390243902439,0.3353658536585366,179.09599781036377
601040303003.0,1,1,UKWALA,11,1048.4463895884428,3.8181818181818183,0.09090909090909091,135,0.17037037037037037,0.32592592592592595,196.13999819755554
601040303004.0,1,1,UKWALA,12,727.1384328206381,3.977666695912679,0.10469297568003337,128,0.08661417322834646,0.3125,126.39199829101562
601040303005.0,1,1,UKWALA,15,781.9229822794597,3.806533368428548,0.15896490414937336,143,0.09090909090909091,0.35664335664335667,141.85199809074402
601040303006.0,0,1,UKWALA,12,638.0762802759806,3.3333333333333335,0.08333333333333333,76,0.2236842105263158,0.3157894736842105,79.26399898529053
601040303007.0,1,1,UKWALA,13,885.6097969642052,5.440923103919396,0.09663966985849234,65,0.16923076923076924,0.3230769230769231,63.65999913215637
601040303008.0,1,1,UKWALA,15,1194.5708602905274,4.206533368428548,0.0922982374827067,94,0.05319148936170213,0.32978723404255317,92.6159987449646
601040303009.0,1,1,UKWALA,14,1450.7481951032366,4.864142894744873,0.38460525444575716,102,0.0784313725490196,0.4117647058823529,102.32799863815308
601040303010.0,1,1,UKWALA,14,548.5526809692383,3.3380000250680104,0.018308264868600026,43,0.18604651162790697,0.20930232558139536,47.45199942588806
601040303011.0,1,1,UKWALA,14,542.9877278464181,4.864142894744873,0.09889096873147148,93,0.41304347826086957,0.11827956989247312,206.65199875831604
601040401001.0,0,0,UKWALA,13,1442.9124557788555,5.258923090421236,0.24062752723693848,19,0.05263157894736842,0.42105263157894735,18.315999746322632
601040401002.0,1,0,UKWALA,14,632.627571105957,5.247428621564593,0.10804510116577148,223,0.20179372197309417,0.4349775784753363,225.97199702262878
601040401003.0,0,0,UKWALA,12,465.0820906162262,3.3333333333333335,0.0,105,0.17142857142857143,0.3047619047619048,108.21999859809875
601040402001.0,0,0,UKWALA,16,602.8675310611725,4.5915000438690186,0.03203946352005005,65,0.07692307692307693,0.36923076923076925,65.65999913215637
601040402002.0,0,0,UKWALA,14,644.3351628439767,4.890285764421735,0.03661652973720005,89,0.0898876404494382,0.3258426966292135,89.7959988117218
601040402003.0,0,0,UKWALA,15,847.0122370402019,4.339866701761881,0.0922982374827067,71,0.07042253521126761,0.23943661971830985,68.44399905204773
601040402004.0,1,0,UKWALA,20,1214.582682800293,4.54640007019043,0.15126314163208007,81,0.07407407407407407,0.2716049382716049,81.08399891853333
601040402005.0,1,0,UKWALA,10,1235.383966064453,3.6,0.3,42,0.11904761904761904,0.23076923076923078,92.4879994392395
601040402006.0,1,0,UKWALA,9,1256.0885162353516,4.444444444444445,0.0,88,0.11363636363636363,0.36363636363636365,85.83199882507324
601040402007.0,0,0,UKWALA,12,503.5545260111491,4.530500014623006,0.09401315450668335,56,0.08928571428571429,0.35714285714285715,54.983999252319336
601040403001.0,0,0,UKWALA,12,717.9429229100546,3.727666695912679,0.10469297568003337,49,0.08163265306122448,0.2857142857142857,47.23599934577942
601040403002.0,0,0,UKWALA,14,413.3976375034877,3.552285739353725,0.018308264868600026,64,0.1875,0.296875,65.69599914550781
601040403003.0,0,0,UKWALA,14,890.1791207449777,4.318857192993164,0.03661652973720005,111,0.06306306306306306,0.2909090909090909,107.00399851799011
601040403004.0,1,0,UKWALA,13,587.153560931866,4.489692321190467,0.08678137339078464,100,0.06,0.43,98.39999866485596
601040403005.0,1,0,UKWALA,12,614.2539723714193,2.75,0.0,97,0.10309278350515463,0.29896907216494845,95.50799870491028
601040403006.0,1,0,UKWALA,12,485.94680245717365,2.5,0.0,102,0.10784313725490197,0.3627450980392157,99.32799863815308
601040403007.0,0,0,UKWALA,13,521.6721426156851,3.4127692442673903,0.16370445031386155,73,0.1232876712328767,0.3150684931506849,131.37199902534485
601040403008.0,1,0,UKWALA,13,605.4006529587966,4.056307719304011,0.09663966985849234,127,0.15748031496062992,0.29133858267716534,124.42799830436707
601040404001.0,1,0,UKWALA,11,272.3029285777699,2.7605454704978247,0.011650714007290926,52,0.09615384615384616,0.19230769230769232,56.1279993057251
601040404002.0,0,0,UKWALA,12,660.2279980977377,5.11383334795634,0.010679821173350016,71,0.028169014084507043,0.28169014084507044,69.44399905204773
601040404003.0,0,0,UKWALA,12,630.1892820994059,3.25,0.25,81,0.1111111111111111,0.30864197530864196,88.08399891853333
601040404004.0,0,0,UKWALA,12,921.3450838724772,4.25,0.25,87,0.06896551724137931,0.3103448275862069,83.86799883842468
601040404005.0,1,0,UKWALA,12,1206.460173924764,4.833333333333333,0.08333333333333333,103,0.07766990291262135,0.3106796116504854,103.29199862480164
601040404006.0,0,0,UKWALA,11,852.5352380925959,5.033272743225098,0.10255980491638184,87,0.08045977011494253,0.3218390804597701,85.86799883842468
601040404007.0,1,0,UKWALA,13,649.9594386174128,5.2101538731501655,0.09663966985849234,57,0.07017543859649122,0.21052631578947367,54.947999238967896
601040404008.0,1,0,UKWALA,14,989.6736234937396,4.0784286090305875,0.09889096873147148,95,0.021505376344086023,0.2,93.57999873161316
601040404009.0,0,0,UKWALA,12,651.6526578267416,5.5915000438690186,0.11537279685338338,116,0.10344827586206896,0.3706896551724138,114.82399845123291
601040404010.0,0,0,UKWALA,12,917.9393583337466,3.6666666666666665,0.08333333333333333,71,0.24285714285714285,0.323943661971831,70.44399905204773
601040404011.0,0,0,UKWALA,13,712.4509688157302,4.776769271263709,0.18342104324927697,115,0.02608695652173913,0.2956521739130435,112.85999846458435
601040501001.0,0,0,UKWALA,14,967.3339682987759,3.864142894744873,0.09889096873147148,85,0.16666666666666666,0.35294117647058826,89.93999886512756
601040501002.0,1,0,UKWALA,13,597.3013006357046,4.056307719304011,0.09663966985849234,93,0.06451612903225806,0.3763440860215054,90.65199875831604
601040501003.0,0,0,UKWALA,12,507.15744972229004,3.947166681289673,0.09401315450668335,55,0.2727272727272727,0.3090909090909091,57.019999265670776
601040501004.0,1,0,UKWALA,12,838.5602645874023,4.811000029246013,0.02135964234670003,162,0.037037037037037035,0.30864197530864196,160.16799783706665
601040501005.0,0,0,UKWALA,13,1188.852848493136,4.133230796227088,0.25048582370464617,58,0.30357142857142855,0.22413793103448276,60.911999225616455
601040501006.0,0,0,UKWALA,13,802.0351591843826,4.287076950073242,0.25048582370464617,83,0.12195121951219512,0.3493975903614458,86.01199889183044
601040501007.0,0,0,UKWALA,12,1105.2914536794026,3.3333333333333335,0.16666666666666666,51,0.37254901960784315,0.3333333333333333,57.16399931907654
601040501008.0,0,0,UKWALA,13,859.238533606896,5.028153859652006,0.16370445031386155,118,0.2542372881355932,0.2796610169491525,136.75199842453003
601040501009.0,1,0,UKWALA,13,520.6380195617676,6.028153859652006,0.16370445031386155,93,0.07526881720430108,0.34408602150537637,93.65199875831604
601040501010.0,0,0,UKWALA,14,746.8641270228794,3.507000037602016,0.09889096873147148,74,0.12162162162162163,0.33783783783783783,73.33599901199341
601040502001.0,1,0,UKWALA,12,622.8669196764628,4.416666666666667,0.08333333333333333,89,0.14772727272727273,0.33707865168539325,100.7959988117218
601040502002.0,1,0,UKWALA,10,982.1467079162597,5.3,0.1,119,0.13559322033898305,0.31932773109243695,116.71599841117859
601040502003.0,1,0,UKWALA,14,765.3658049447196,5.195142882210868,0.1611654077257429,108,0.07407407407407407,0.25925925925925924,104.11199855804443
601040502004.0,0,0,UKWALA,11,398.1012500416149,4.090909090909091,0.2727272727272727,194,0.11855670103092783,0.4536082474226804,194.01599740982056
601040502005.0,0,0,UKWALA,12,575.0304667154948,3.447166681289673,0.010679821173350016,103,0.02912621359223301,0.39805825242718446,107.29199862480164
601040502006.0,0,0,UKWALA,12,307.4818859100342,3.697166681289673,0.09401315450668335,77,0.15584415584415584,0.5194805194805194,78.22799897193909
601040502007.0,0,0,UKWALA,11,1577.6569779135964,5.1241818341341885,0.10255980491638184,82,0.012195121951219513,0.4024390243902439,79.04799890518188
601040502008.0,0,0,UKWALA,12,1076.0378322601318,5.416666666666667,0.0,98,0.07142857142857142,0.3673469387755102,141.47199869155884
601040502009.0,0,0,UKWALA,13,697.6984119415283,4.335846167344314,0.009858296467707707,121,0.10743801652892562,0.32231404958677684,122.64399838447571
601040502010.0,0,0,UKWALA,13,784.0445316021259,4.643538475036621,0.08678137339078464,77,0.10526315789473684,0.2987012987012987,82.22799897193909
601040502011.0,0,0,UKWALA,12,457.2900908788045,4.947166681289673,0.010679821173350016,104,0.09615384615384616,0.4230769230769231,103.2559986114502
601040502012.0,1,0,UKWALA,12,512.1531473795573,5.416666666666667,0.16666666666666666,80,0.1125,0.3875,79.11999893188477
601040503001.0,0,0,UKWALA,14,575.6015036446707,4.838000025068011,0.08973683629717145,86,0.10465116279069768,0.2558139534883721,98.90399885177612
601040503002.0,0,0,UKWALA,11,653.5423195578835,3.5454545454545454,0.09090909090909091,94,0.1276595744680851,0.3404255319148936,95.6159987449646
601040503003.0,0,0,UKWALA,12,1073.9513613382976,5.227666695912679,0.10469297568003337,110,0.10909090909090909,0.32727272727272727,118.03999853134155
601040503004.0,0,0,UKWALA,12,505.17672602335614,3.3943333625793457,0.10469297568003337,54,0.07407407407407407,0.2962962962962963,52.05599927902222
601040503005.0,1,0,UKWALA,12,862.0276718139648,4.61383334795634,0.09401315450668335,77,0.03896103896103896,0.4025974025974026,122.22799897193909
601040503006.0,1,0,UKWALA,13,854.63208594689,3.9306154251098633,0.10649796632620004,104,0.23076923076923078,0.40384615384615385,102.2559986114502
601040503007.0,0,0,UKWALA,15,1210.402221194903,4.273200035095215,0.02563157081604004,110,0.14545454545454545,0.41818181818181815,117.03999853134155
601040503008.0,0,0,UKWALA,14,895.0649735586984,4.676000050136021,0.03661652973720005,130,0.08,0.47692307692307695,132.31999826431274
601040503009.0,1,0,UKWALA,9,1093.8792232937283,6.0,0.2222222222222222,56,0.05454545454545454,0.39285714285714285,56.983999252319336
601040503010.0,0,0,UKWALA,12,865.7202199871341,3.197166681289673,0.010679821173350016,73,0.0958904109589041,0.4794520547945205,78.37199902534485
601040504001.0,0,0,UKWALA,12,646.7663253148397,3.447166681289673,0.09401315450668335,91,0.23076923076923078,0.4945054945054945,96.72399878501892
601040504002.0,0,0,UKWALA,9,1014.1487935384115,4.555555555555555,0.2222222222222222,112,0.19642857142857142,0.4375,116.96799850463867
601040504003.0,0,0,UKWALA,13,1348.4752772404597,5.028153859652006,0.3175506041600154,83,0.27710843373493976,0.46987951807228917,91.01199889183044
601040504004.0,1,0,UKWALA,12,1238.060136159261,4.5915000438690186,0.1987061301867167,51,0.1568627450980392,0.39215686274509803,58.16399931907654
601040504005.0,0,0,UKWALA,14,1013.4191447666714,3.007000037602016,0.09889096873147148,116,0.17391304347826086,0.4051724137931034,119.82399845123291
601040504006.0,1,0,UKWALA,12,1286.3483390808105,4.11383334795634,0.09401315450668335,64,0.109375,0.421875,72.69599914550781
601040504007.0,0,0,UKWALA,9,968.0218200683594,4.111111111111111,0.0,68,0.3235294117647059,0.38235294117647056,106.55199909210205
601040504008.0,1,0,UKWALA,9,708.8023851182726,2.888888888888889,0.3333333333333333,112,0.026785714285714284,0.4732142857142857,112.96799850463867
601040504009.0,0,0,UKWALA,14,666.9421907152448,3.8380000250680104,0.08973683629717145,139,0.17266187050359713,0.302158273381295,147.99599814414978
601040504010.0,0,0,UKWALA,12,478.9434878031413,3.447166681289673,0.09401315450668335,153,0.039473684210526314,0.39869281045751637,154.49199795722961
601040504011.0,0,0,UKWALA,13,856.1625947218674,3.8255384885347805,0.09663966985849234,142,0.14285714285714285,0.38028169014084506,161.88799810409546
601040504012.0,0,0,UKWALA,12,1391.603926340739,3.6138333479563394,0.09401315450668335,76,0.17567567567567569,0.3815789473684211,80.26399898529053
601040504013.0,0,0,UKWALA,13,1629.15266425793,4.133230796227088,0.09663966985849234,123,0.2764227642276423,0.3983739837398374,146.57199835777283
601040504014.0,1,0,UKWALA,13,860.9428024291992,4.566615398113544,0.009858296467707707,114,0.17543859649122806,0.40350877192982454,113.89599847793579
601040504015.0,0,0,UKWALA,12,471.97962888081867,4.030500014623006,0.1773464878400167,105,0.22857142857142856,0.45714285714285713,112.21999859809875
601040504016.0,1,0,UKWALA,12,561.0776443481445,4.697166681289673,0.09401315450668335,61,0.13114754098360656,0.45901639344262296,62.803999185562134
601040504017.0,0,0,UKWALA,12,411.4415210088094,3.6666666666666665,0.16666666666666666,70,0.22857142857142856,0.3142857142857143,78.47999906539917
601040505001.0,0,0,UKWALA,13,1523.798323411208,4.489692321190467,0.08678137339078464,64,0.04918032786885246,0.40625,63.69599914550781
601040505002.0,1,0,UKWALA,12,1088.2160809834797,5.811000029246013,0.10469297568003337,102,0.08823529411764706,0.3333333333333333,103.32799863815308
601040505003.0,1,0,UKWALA,13,539.2441599919246,4.643538475036621,0.009858296467707707,22,0.09090909090909091,0.5,22.20799970626831
601040505004.0,0,0,UKWALA,15,723.2150126139323,4.606533368428548,0.0922982374827067,87,0.1511627906976744,0.27586206896551724,109.86799883842468
601040505005.0,0,0,UKWALA,16,626.8713488578796,3.7790000438690186,0.09453946352005005,115,0.20869565217391303,0.4,123.85999846458435
601040505006.0,0,0,UKWALA,12,1942.0933024088542,5.916666666666667,0.16666666666666666,124,0.17886178861788618,0.3629032258064516,123.53599834442139
601040505007.0,0,0,UKWALA,11,867.2031000310725,3.7605454704978247,0.10255980491638184,80,0.2,0.45,81.11999893188477
601040505008.0,0,0,UKWALA,18,871.1084440019396,3.6978889571295843,0.16095027658674452,124,0.1532258064516129,0.29838709677419356,145.5359983444214
601040505009.0,1,0,UKWALA,14,905.0025923592704,3.7665714536394392,0.1611654077257429,104,0.0673076923076923,0.28846153846153844,110.2559986114502
601040505010.0,1,0,UKWALA,14,731.9915030343192,4.435571466173444,0.09889096873147148,65,0.03076923076923077,0.3230769230769231,65.65999913215637
601040505011.0,0,0,UKWALA,15,474.8748648325602,4.739866701761882,0.02563157081604004,76,0.0821917808219178,0.2894736842105263,76.26399898529053
601040506001.0,0,1,UKWALA,14,586.7636579786029,4.123714310782296,0.08973683629717145,104,0.15384615384615385,0.27884615384615385,107.2559986114502
601040506002.0,1,1,UKWALA,14,1308.9773486001152,4.195142882210868,0.1611654077257429,89,0.2696629213483146,0.33707865168539325,100.7959988117218
601040506003.0,0,1,UKWALA,13,796.4293424166166,5.335846167344314,0.009858296467707707,119,0.1016949152542373,0.2689075630252101,123.71599841117859
601040506004.0,0,1,UKWALA,9,718.422120836046,3.4444444444444446,0.0,124,0.1532258064516129,0.1774193548387097,133.5359983444214
601040506005.0,1,1,UKWALA,14,999.1610859462193,4.864142894744873,0.02746239730290004,68,0.16176470588235295,0.23529411764705882,69.55199909210205
601040506006.0,0,1,UKWALA,12,586.4702161153158,5.083333333333333,0.16666666666666666,161,0.18633540372670807,0.2608695652173913,165.2039978504181
601040506007.0,1,1,UKWALA,13,638.903300358699,4.546000040494478,0.02957488940312312,79,0.22784810126582278,0.22784810126582278,102.1559989452362
601040506008.0,0,1,UKWALA,13,976.870119535006,4.979384642380935,0.09663966985849234,208,0.20588235294117646,0.2692307692307692,240.5119972229004
601040506009.0,1,1,UKWALA,13,577.0289476834811,3.7767692712637095,0.26034412017235387,63,0.22580645161290322,0.15873015873015872,60.73199915885925
601040506010.0,1,1,UKWALA,11,680.5588656338779,4.793818213722923,0.11421051892367276,105,0.02857142857142857,0.24761904761904763,101.21999859809875
601040506011.0,1,1,UKWALA,14,689.4201314108712,6.052285739353725,0.08973683629717145,155,0.07096774193548387,0.3032258064516129,165.41999793052673
601040507001.0,0,1,UKWALA,13,889.9051760160006,4.3433846693772535,0.1932793397169847,69,0.21739130434782608,0.2753623188405797,86.51599907875061
601040507002.0,1,1,UKWALA,14,784.0026871817453,4.195142882210868,0.1611654077257429,55,0.07272727272727272,0.38181818181818183,53.019999265670776
601040507003.0,1,1,UKWALA,15,642.2484870910645,4.49760004679362,0.03417542775472005,78,0.01282051282051282,0.38461538461538464,91.19199895858765
601040507004.0,1,1,UKWALA,15,649.3640106201171,4.939866701761882,0.0922982374827067,123,0.08130081300813008,0.21951219512195122,122.57199835777283
601040507005.0,1,1,UKWALA,12,680.7377974192301,4.5,0.16666666666666666,92,0.20652173913043478,0.2826086956521739,92.68799877166748
601040507006.0,1,1,UKWALA,13,703.0924644470215,4.797384628882775,0.08678137339078464,85,0.29411764705882354,0.2,92.93999886512756
601040507007.0,0,1,UKWALA,11,705.9876057017933,5.454545454545454,0.09090909090909091,85,0.14457831325301204,0.25882352941176473,90.93999886512756
601040507008.0,1,1,UKWALA,12,1195.8181002934773,4.697166681289673,0.1773464878400167,153,0.13071895424836602,0.33986928104575165,149.49199795722961
601040507009.0,0,1,UKWALA,13,671.1914831308218,3.874307705805852,0.24062752723693848,68,0.3088235294117647,0.3382352941176471,70.55199909210205
601040507010.0,1,1,UKWALA,12,1749.7777315775554,5.227666695912679,0.3546929756800334,70,0.2318840579710145,0.3142857142857143,75.47999906539917
601040507011.0,0,1,UKWALA,13,813.3229452279897,5.392153886648325,0.10649796632620004,74,0.02702702702702703,0.24324324324324326,89.33599901199341
601040507012.0,1,1,UKWALA,13,682.5851534880125,4.469076963571402,0.02957488940312312,142,0.09929078014184398,0.2323943661971831,145.88799810409546
601040601001.0,0,0,UKWALA,10,697.9995574951172,4.9,0.2,32,0.03125,0.16129032258064516,78.8479995727539
601040601002.0,0,0,UKWALA,13,420.4510455498329,3.566615398113544,0.08678137339078464,87,0.08139534883720931,0.4827586206896552,96.86799883842468
601040601003.0,1,0,UKWALA,13,841.1833754319412,4.364000026996319,0.019716592935415413,98,0.17346938775510204,0.3163265306122449,155.47199869155884
601040601004.0,0,0,UKWALA,11,582.7450873635032,4.2727272727272725,0.09090909090909091,49,0.12244897959183673,0.3469387755102041,54.23599934577942
601040601005.0,0,0,UKWALA,13,868.2694197434646,5.2101538731501655,0.09663966985849234,146,0.0896551724137931,0.4520547945205479,146.7439980506897
601040601006.0,0,0,UKWALA,15,631.1163520177205,4.073200035095215,0.02563157081604004,108,0.08333333333333333,0.42592592592592593,113.11199855804443
601040601007.0,0,0,UKWALA,12,483.63088575998944,4.697166681289673,0.010679821173350016,103,0.08737864077669903,0.4854368932038835,105.29199862480164
601040601008.0,1,0,UKWALA,12,978.4684689839681,7.030500014623006,0.09401315450668335,119,0.15126050420168066,0.5462184873949579,145.7159984111786
601040601009.0,0,0,UKWALA,15,854.4475373586018,4.073200035095215,0.02563157081604004,75,0.08,0.6,74.29999899864197
601040601010.0,1,0,UKWALA,12,477.47004954020184,4.36383334795634,0.010679821173350016,147,0.08163265306122448,0.41496598639455784,142.70799803733826
601040601011.0,0,0,UKWALA,14,921.7588833400181,3.8380000250680104,0.08973683629717145,89,0.07865168539325842,0.39325842696629215,88.7959988117218
601040601012.0,0,0,UKWALA,13,533.0443126696807,5.056307719304011,0.17356274678156927,135,0.08888888888888889,0.4666666666666667,135.13999819755554
601040601013.0,0,0,UKWALA,14,610.8164465767996,4.266571453639439,0.1611654077257429,90,0.14444444444444443,0.5111111111111111,89.75999879837036
601040601014.0,1,0,UKWALA,11,521.2420962940563,4.033272743225098,0.10255980491638184,144,0.034722222222222224,0.4861111111111111,143.81599807739258
601040601015.0,1,0,UKWALA,12,903.2157293955485,4.477666695912679,0.10469297568003337,66,0.12121212121212122,0.5757575757575758,65.62399911880493
601040602001.0,0,0,UKWALA,11,676.7594212618741,4.033272743225098,0.011650714007290926,70,0.12857142857142856,0.44285714285714284,106.47999906539917
601040602002.0,0,0,UKWALA,12,590.4244422912598,3.561000029246012,0.10469297568003337,78,0.01282051282051282,0.38461538461538464,75.19199895858765
601040602003.0,0,0,UKWALA,11,693.2634492353959,5.30600001595237,0.37528707764365454,105,0.0761904761904762,0.3142857142857143,145.21999859809875
601040602004.0,1,0,UKWALA,13,819.3920810406024,4.671692334688627,0.019716592935415413,113,0.18584070796460178,0.30973451327433627,129.93199849128723
601040602005.0,0,0,UKWALA,14,839.9901499067034,4.766571453639439,0.08973683629717145,106,0.07547169811320754,0.2641509433962264,106.18399858474731
601040602006.0,1,0,UKWALA,14,619.3205860682896,4.980857167925153,0.23259397915431432,60,0.23333333333333334,0.4166666666666667,58.839999198913574
601040602007.0,0,0,UKWALA,12,602.3661009470621,5.61383334795634,0.010679821173350016,77,0.06493506493506493,0.2857142857142857,79.22799897193909
601040602008.0,1,0,UKWALA,14,736.2474201747349,3.9355714661734447,0.02746239730290004,110,0.03636363636363636,0.5181818181818182,108.03999853134155
601040602009.0,0,0,UKWALA,11,989.2840978449041,4.7272727272727275,0.0,101,0.21782178217821782,0.4752475247524752,101.36399865150452
601040602010.0,0,0,UKWALA,10,857.5134300231933,4.536600017547608,0.11281578540802002,133,0.15789473684210525,0.3157894736842105,133.21199822425842
601040602011.0,0,0,UKWALA,15,691.0546813964844,4.030933380126953,0.16750876108805338,36,0.05555555555555555,0.4444444444444444,37.703999519348145
601040602012.0,0,0,UKWALA,14,1013.4068638256618,5.195142882210868,0.1611654077257429,86,0.08139534883720931,0.5348837209302325,83.90399885177612
601040602013.0,1,0,UKWALA,12,891.912257194519,5.166666666666667,0.3333333333333333,75,0.14666666666666667,0.44,75.29999899864197
601040602014.0,0,0,UKWALA,14,928.0705402919224,4.864142894744873,0.1703195401600429,87,0.0,0.42528735632183906,84.86799883842468
601040602015.0,1,0,UKWALA,14,788.658066885812,4.266571453639439,0.018308264868600026,79,0.11392405063291139,0.43037974683544306,123.1559989452362
601040602016.0,0,0,UKWALA,11,550.9024255925959,3.7938182137229224,0.023301428014581852,77,0.02631578947368421,0.33766233766233766,77.22799897193909
601040603001.0,1,1,UKWALA,13,620.7720342782827,4.364000026996319,0.09663966985849234,108,0.037037037037037035,0.4537037037037037,127.11199855804443
601040603002.0,1,1,UKWALA,9,321.12042914496527,4.555555555555555,0.0,100,0.07,0.53,98.39999866485596
601040603003.0,1,1,UKWALA,11,795.6843101328069,5.363636363636363,0.09090909090909091,119,0.10084033613445378,0.48739495798319327,132.7159984111786
601040603004.0,0,1,UKWALA,10,1030.1957244873047,3.4366000175476072,0.11281578540802002,61,0.09836065573770492,0.39344262295081966,60.803999185562134
601040603005.0,0,1,UKWALA,13,1139.6015349168044,5.364000026996319,0.09663966985849234,102,0.049019607843137254,0.45098039215686275,101.32799863815308
601040603006.0,0,1,UKWALA,12,1267.9626439412434,4.166666666666667,0.0,59,0.1016949152542373,0.11864406779661017,59.875999212265015
601040603007.0,1,1,UKWALA,13,645.4754415658804,4.517846180842473,0.09663966985849234,146,0.06164383561643835,0.4794520547945205,168.7439980506897
601040603008.0,1,1,UKWALA,14,703.9393901824951,4.123714310782296,0.08973683629717145,99,0.050505050505050504,0.3838383838383838,97.4359986782074
601040603009.0,1,1,UKWALA,12,1624.7096138000488,4.11383334795634,0.09401315450668335,160,0.06875,0.51875,162.23999786376953
601040603010.0,1,1,UKWALA,12,843.4788738091787,6.5,0.08333333333333333,118,0.0847457627118644,0.5169491525423728,119.75199842453003
601040603011.0,0,1,UKWALA,16,1104.8303232192993,4.8415000438690186,0.21953946352005005,67,0.05970149253731343,0.31343283582089554,66.58799910545349
601040603012.0,1,1,UKWALA,12,745.8772490819296,4.333333333333333,0.08333333333333333,73,0.0684931506849315,0.3424657534246575,89.37199902534485
601050101001.0,0,0,UGUNJA,11,501.1009119207209,4.487818197770552,0.011650714007290926,127,0.256,0.2677165354330709,131.42799830436707
601050101002.0,0,0,UGUNJA,11,752.0248610756614,3.7605454704978247,0.011650714007290926,106,0.07547169811320754,0.2169811320754717,113.18399858474731
601050101003.0,0,0,UGUNJA,12,578.5294202168783,5.416666666666667,0.08333333333333333,89,0.1348314606741573,0.1348314606741573,91.7959988117218
601050101004.0,0,0,UGUNJA,12,733.657773733139,4.030500014623006,0.1773464878400167,101,0.16831683168316833,0.1485148514851485,100.36399865150452
601050101008.0,0,0,UGUNJA,15,1282.1739420572917,5.206533368428548,0.15896490414937336,85,0.03529411764705882,0.3058823529411765,83.93999886512756
601050101009.0,0,0,UGUNJA,14,681.6304441179548,4.338000025068011,0.018308264868600026,65,0.2,0.171875,66.65999913215637
601050101010.0,1,0,UGUNJA,12,933.9839833577474,5.447166681289673,0.1773464878400167,209,0.12980769230769232,0.28708133971291866,229.47599720954895
601050101011.0,1,0,UGUNJA,13,600.3242880014272,3.874307705805852,0.009858296467707707,121,0.15126050420168066,0.2809917355371901,126.64399838447571
601050101012.0,1,0,UGUNJA,13,476.641788482666,3.9512307827289286,0.08678137339078464,65,0.06153846153846154,0.15384615384615385,64.65999913215637
601050101013.0,0,0,UGUNJA,13,511.45489208514874,3.720461551959698,0.24062752723693848,110,0.11818181818181818,0.2818181818181818,111.03999853134155
601050103001.0,0,1,UGUNJA,12,776.1812477111816,3.8943333625793457,0.2713596423467,150,0.18,0.3333333333333333,163.59999799728394
601050103002.0,1,1,UGUNJA,13,1711.7510669414814,4.335846167344314,0.24062752723693848,142,0.09859154929577464,0.29577464788732394,150.88799810409546
601050103003.0,0,1,UGUNJA,10,652.0649627685547,4.0,0.1,89,0.07865168539325842,0.32954545454545453,91.7959988117218
601050103004.0,0,1,UGUNJA,11,785.9911089810458,4.033272743225098,0.37528707764365454,108,0.12037037037037036,0.26851851851851855,127.11199855804443
601050103005.0,1,1,UGUNJA,10,1026.904704284668,4.436600017547607,0.11281578540802002,147,0.14285714285714285,0.30612244897959184,152.70799803733826
601050103006.0,1,1,UGUNJA,13,1220.9805162869966,4.161384655879094,0.18342104324927697,61,0.11666666666666667,0.19672131147540983,66.80399918556213
601050103007.0,0,1,UGUNJA,9,797.9995471106636,3.8591111501057944,0.13959063424004448,121,0.15702479338842976,0.2396694214876033,188.6439983844757
601050103008.0,1,1,UGUNJA,13,623.3234531696027,3.4896923211904674,0.009858296467707707,109,0.11009174311926606,0.3669724770642202,108.075998544693
601050103009.0,0,1,UGUNJA,12,547.4618156750997,3.7805000146230063,0.010679821173350016,68,0.10294117647058823,0.25,75.55199909210205
601050103010.0,1,1,UGUNJA,10,780.8560995101928,4.8,0.0,132,0.19083969465648856,0.11363636363636363,136.24799823760986
601050103011.0,1,1,UGUNJA,13,984.2414377652682,5.440923103919396,0.25048582370464617,113,0.23008849557522124,0.3008849557522124,123.93199849128723
601050103012.0,1,1,UGUNJA,11,627.1925572482022,5.181818181818182,0.18181818181818182,177,0.096045197740113,0.2711864406779661,179.62799763679504
601050103013.0,1,1,UGUNJA,14,518.7229112897601,4.480857167925153,0.018308264868600026,172,0.19767441860465115,0.25,195.80799770355225
601050103014.0,1,1,UGUNJA,11,1135.4347936456854,5.181818181818182,0.09090909090909091,92,0.18681318681318682,0.25,105.68799877166748
601050103015.0,1,1,UGUNJA,11,513.6686361486262,3.727272727272727,0.0,113,0.13274336283185842,0.35398230088495575,113.93199849128723
601050201001.0,1,1,UGUNJA,11,1849.5081856467507,4.636363636363637,0.18181818181818182,122,0.13114754098360656,0.45081967213114754,121.60799837112427
601050201002.0,0,1,UGUNJA,13,865.1554401104266,4.133230796227088,0.25048582370464617,98,0.10309278350515463,0.45918367346938777,97.47199869155884
601050201003.0,0,1,UGUNJA,14,754.5170756748745,4.792714323316302,0.02746239730290004,110,0.11009174311926606,0.38181818181818183,109.03999853134155
601050201004.0,1,1,UGUNJA,12,748.7094116210938,4.666666666666667,0.16666666666666666,112,0.08928571428571429,0.39285714285714285,107.96799850463867
601050201005.0,1,1,UGUNJA,15,731.6727218310039,3.3642667134602866,0.23417542775472006,74,0.10810810810810811,0.32432432432432434,71.33599901199341
601050201006.0,1,1,UGUNJA,11,916.3651948408647,5.7272727272727275,0.18181818181818182,71,0.16901408450704225,0.28169014084507044,71.44399905204773
601050202001.0,1,1,UGUNJA,11,736.0683475841175,3.942363652316007,0.10255980491638184,120,0.14166666666666666,0.43333333333333335,134.67999839782715
601050202002.0,1,1,UGUNJA,11,739.3984874378551,5.30600001595237,0.10255980491638184,110,0.10909090909090909,0.3,137.03999853134155
601050202003.0,1,1,UGUNJA,13,526.4589427067683,3.8255384885347805,0.17356274678156927,83,0.07228915662650602,0.3132530120481928,83.01199889183044
601050202004.0,0,1,UGUNJA,12,539.6321824391683,3.75,0.08333333333333333,72,0.125,0.375,77.40799903869629
601050202005.0,0,1,UGUNJA,13,1089.925033569336,4.258923090421236,0.3175506041600154,73,0.0547945205479452,0.2602739726027397,84.37199902534485
601050202006.0,1,1,UGUNJA,13,941.7674630972056,4.8255384885347805,0.17356274678156927,96,0.08333333333333333,0.23958333333333334,97.54399871826172
601050203001.0,0,0,UGUNJA,13,755.9574256310096,4.720461551959698,0.08678137339078464,93,0.10869565217391304,0.3225806451612903,95.65199875831604
601050203002.0,1,0,UGUNJA,10,941.6863861083984,3.6,0.0,85,0.3176470588235294,0.38823529411764707,117.93999886512756
601050203003.0,0,0,UGUNJA,11,688.1636470447887,4.0,0.09090909090909091,140,0.1357142857142857,0.3142857142857143,141.95999813079834
601050203004.0,1,0,UGUNJA,13,492.079348050631,3.874307705805852,0.009858296467707707,95,0.23157894736842105,0.42105263157894735,95.57999873161316
601050203005.0,0,0,UGUNJA,11,645.0282481800426,3.578727288679643,0.19346889582547275,64,0.171875,0.34375,66.69599914550781
601050203006.0,0,0,UGUNJA,13,977.6477766770583,4.133230796227088,0.09663966985849234,59,0.13793103448275862,0.2033898305084746,62.875999212265015
601050203007.0,0,0,UGUNJA,13,557.2894017146184,3.720461551959698,0.009858296467707707,96,0.14583333333333334,0.5416666666666666,97.54399871826172
601050203008.0,0,0,UGUNJA,13,860.4133219718933,4.720461551959698,0.08678137339078464,72,0.06944444444444445,0.4027777777777778,74.40799903869629
601050203009.0,1,0,UGUNJA,11,1460.417685768821,4.760545470497825,0.10255980491638184,60,0.1,0.3333333333333333,63.839999198913574
601050203010.0,1,0,UGUNJA,14,486.02770342145647,4.195142882210868,0.23259397915431432,98,0.11224489795918367,0.3469387755102041,98.47199869155884
601050203011.0,0,0,UGUNJA,13,1032.1094559889573,3.874307705805852,0.16370445031386155,106,0.11320754716981132,0.39622641509433965,144.18399858474731
601050301001.0,1,1,UGUNJA,14,699.1841387067523,4.935571466173444,0.09889096873147148,116,0.11206896551724138,0.16379310344827586,120.82399845123291
601050301002.0,1,1,UGUNJA,13,624.4485828693097,4.874307705805852,0.009858296467707707,87,0.11494252873563218,0.16091954022988506,92.86799883842468
601050301003.0,0,1,UGUNJA,12,631.8383734226227,3.25,0.08333333333333333,112,0.16071428571428573,0.17272727272727273,111.96799850463867
601050301004.0,1,1,UGUNJA,11,881.4133855646306,5.157454577359286,0.11421051892367276,139,0.04316546762589928,0.2589928057553957,138.99599814414978
601050302001.0,0,1,UGUNJA,13,587.3041194035457,5.00753850203294,0.18342104324927697,87,0.22988505747126436,0.22988505747126436,88.86799883842468
601050302002.0,0,1,UGUNJA,13,945.3447453425481,5.028153859652006,0.009858296467707707,109,0.13761467889908258,0.3425925925925926,108.075998544693
601050302003.0,1,1,UGUNJA,14,942.8233300617763,4.052285739353725,0.08973683629717145,131,0.16793893129770993,0.23622047244094488,214.2839982509613
601050302004.0,1,1,UGUNJA,11,952.7953026511452,5.2727272727272725,0.09090909090909091,164,0.09815950920245399,0.23270440251572327,186.09599781036377
601050302005.0,1,1,UGUNJA,11,1049.2950605912642,5.636363636363637,0.2727272727272727,170,0.1952662721893491,0.23668639053254437,217.87999773025513
601050302006.0,1,1,UGUNJA,15,1202.7332099914552,5.024400011698405,0.20854385693868002,91,0.04395604395604396,0.25274725274725274,90.72399878501892
601050302007.0,1,1,UGUNJA,12,820.1226000785828,3.8333333333333335,0.0,80,0.1125,0.35,82.11999893188477
601050302008.0,1,1,UGUNJA,11,826.0349169644443,4.9756363955411045,0.023301428014581852,89,0.06741573033707865,0.23863636363636365,90.7959988117218
601050302009.0,0,1,UGUNJA,12,593.2064243952433,3.6138333479563394,0.26067982117335003,132,0.07633587786259542,0.12121212121212122,133.24799823760986
601050302010.0,1,1,UGUNJA,10,514.5837783813477,4.9,0.2,100,0.10638297872340426,0.25510204081632654,101.39999866485596
601050302011.0,1,1,UGUNJA,13,1080.288557786208,5.392153886648325,0.02957488940312312,111,0.12612612612612611,0.24545454545454545,121.00399851799011
601050303001.0,1,1,UGUNJA,12,946.0062863032023,4.197166681289673,0.010679821173350016,120,0.1553398058252427,0.2,121.67999839782715
601050303002.0,1,1,UGUNJA,13,658.9886926504282,3.1050769365750828,0.16370445031386155,85,0.11764705882352941,0.32142857142857145,88.93999886512756
601050303003.0,0,1,UGUNJA,11,666.9821427085183,3.851454561406916,0.10255980491638184,102,0.20588235294117646,0.25742574257425743,106.32799863815308
601050303004.0,1,1,UGUNJA,11,901.3864149613814,4.7272727272727275,0.0,107,0.26666666666666666,0.16037735849056603,108.14799857139587
601050303005.0,0,1,UGUNJA,11,1005.2132360284978,4.339272759177468,0.11421051892367276,116,0.22413793103448276,0.31896551724137934,119.82399845123291
601050303006.0,1,1,UGUNJA,12,1159.6544059117634,4.280500014623006,0.09401315450668335,103,0.31683168316831684,0.28,140.29199862480164
601050303007.0,0,1,UGUNJA,12,735.8571799596151,3.5,0.25,87,0.10344827586206896,0.21839080459770116,87.86799883842468
601050303008.0,1,1,UGUNJA,14,674.0635400499616,5.266571453639439,0.08973683629717145,104,0.125,0.2815533980582524,104.2559986114502
601050303009.0,0,1,UGUNJA,16,1029.576226234436,4.801875054836273,0.10254932940006256,150,0.18120805369127516,0.24666666666666667,186.59999799728394
601050303010.0,1,1,UGUNJA,11,1447.0091178200462,5.702909122813832,0.11421051892367276,145,0.0979020979020979,0.2896551724137931,143.77999806404114
601050303011.0,1,1,UGUNJA,14,773.6932494299753,4.695142882210868,0.08973683629717145,106,0.1792452830188679,0.25471698113207547,108.18399858474731
601050304001.0,0,0,UGUNJA,13,533.419912484976,3.2589230904212365,0.08678137339078464,107,0.06542056074766354,0.34579439252336447,110.14799857139587
601050304002.0,0,0,UGUNJA,11,777.7625912753018,4.545454545454546,0.0,102,0.11764705882352941,0.3137254901960784,106.32799863815308
601050304003.0,0,0,UGUNJA,12,859.0933723449707,4.333333333333333,0.16666666666666666,58,0.06896551724137931,0.3448275862068966,65.91199922561646
601050304004.0,1,0,UGUNJA,11,478.30422592163086,4.7272727272727275,0.09090909090909091,60,0.16666666666666666,0.31666666666666665,60.839999198913574
601050304005.0,0,0,UGUNJA,12,783.2329575220743,4.916666666666667,0.08333333333333333,87,0.10465116279069768,0.2988505747126437,88.86799883842468
601050304006.0,1,0,UGUNJA,12,653.2049902280172,4.666666666666667,0.0,49,0.16326530612244897,0.30612244897959184,54.23599934577942
601050305001.0,0,0,UGUNJA,14,602.5811808449881,4.338000025068011,0.018308264868600026,137,0.1386861313868613,0.291044776119403,140.06799817085266
601050305002.0,0,0,UGUNJA,11,1005.6903617165306,4.0,0.0,103,0.0970873786407767,0.24509803921568626,105.29199862480164
601050305003.0,0,0,UGUNJA,13,1534.5632576575647,5.161384655879094,0.10649796632620004,146,0.08759124087591241,0.2671232876712329,150.7439980506897
601050305004.0,1,0,UGUNJA,13,699.0717568030724,4.41276924426739,0.08678137339078464,153,0.0718954248366013,0.26143790849673204,155.49199795722961
601050305005.0,0,0,UGUNJA,10,481.73801498413087,5.9,0.0,181,0.11049723756906077,0.3055555555555556,192.48399758338928
601050305006.0,0,0,UGUNJA,10,1115.9066436767578,4.5,0.0,100,0.12,0.32,114.39999866485596
601050305007.0,0,0,UGUNJA,13,623.2076386671799,4.951230782728929,0.08678137339078464,140,0.09285714285714286,0.22142857142857142,152.95999813079834
601050305008.0,0,0,UGUNJA,11,716.5333619551225,4.760545470497825,0.011650714007290926,105,0.1619047619047619,0.20192307692307693,118.21999859809875
601050305009.0,0,0,UGUNJA,13,833.0294212928185,5.182000013498159,0.16370445031386155,96,0.15625,0.23958333333333334,107.54399871826172
601050305010.0,1,0,UGUNJA,13,1241.189987035898,5.335846167344314,0.08678137339078464,94,0.18888888888888888,0.2127659574468085,103.6159987449646
601050305011.0,1,0,UGUNJA,14,580.9252210344587,4.623714310782296,0.018308264868600026,108,0.12037037037037036,0.2830188679245283,112.11199855804443
601050305012.0,1,0,UGUNJA,12,831.6842269897461,4.583333333333333,0.08333333333333333,134,0.1044776119402985,0.27611940298507465,170.17599821090698
601050306001.0,0,1,UGUNJA,15,596.7792179107666,3.6732000350952148,0.0922982374827067,88,0.09090909090909091,0.25287356321839083,86.83199882507324
601050306002.0,0,1,UGUNJA,13,757.1785392027634,3.748615411611704,0.09663966985849234,35,0.17142857142857143,0.2647058823529412,37.739999532699585
601050306003.0,1,1,UGUNJA,12,483.6846618652344,5.11383334795634,0.010679821173350016,82,0.0975609756097561,0.17073170731707318,82.04799890518188
601050306004.0,1,1,UGUNJA,12,617.0950864156088,5.0,0.0,65,0.18461538461538463,0.2,83.65999913215637
601050306005.0,1,1,UGUNJA,13,1507.086681659405,4.258923090421236,0.16370445031386155,51,0.09803921568627451,0.11764705882352941,93.16399931907654
601050306006.0,1,1,UGUNJA,13,1343.4915712796724,5.671692334688627,0.09663966985849234,101,0.13861386138613863,0.31683168316831684,105.36399865150452
601050306007.0,1,1,UGUNJA,13,713.0367114727313,5.489692321190467,0.08678137339078464,77,0.14473684210526316,0.22077922077922077,79.22799897193909
601050306008.0,1,1,UGUNJA,15,738.6850011189779,4.030933380126953,0.10084209442138672,41,0.17073170731707318,0.35,42.52399945259094
601050306009.0,0,1,UGUNJA,9,738.6702067057291,3.6666666666666665,0.1111111111111111,75,0.09333333333333334,0.24324324324324326,75.29999899864197
601050401001.0,0,0,UGUNJA,11,705.0978865189986,2.8181818181818183,0.09090909090909091,86,0.1411764705882353,0.47674418604651164,85.90399885177612
601050401002.0,0,0,UGUNJA,13,1287.146964439979,4.566615398113544,0.16370445031386155,115,0.1826086956521739,0.48695652173913045,118.85999846458435
601050401003.0,0,0,UGUNJA,8,776.5245399475098,5.875,0.0,91,0.06593406593406594,0.5164835164835165,89.72399878501892
601050401004.0,1,0,UGUNJA,14,1098.5034844534737,4.10457147870745,0.1794736725943429,98,0.061224489795918366,0.23469387755102042,97.47199869155884
601050401005.0,1,0,UGUNJA,10,803.9212799072266,3.8366000175476076,0.11281578540802002,63,0.14516129032258066,0.38095238095238093,76.73199915885925
601050401006.0,0,0,UGUNJA,13,1029.9121215526875,5.105076936575083,0.16370445031386155,64,0.125,0.296875,66.69599914550781
601050401007.0,1,0,UGUNJA,14,610.7857194628034,3.552285739353725,0.1611654077257429,146,0.1095890410958904,0.3219178082191781,146.7439980506897
601050401008.0,1,0,UGUNJA,10,1726.2637145996093,4.2,0.0,111,0.06306306306306306,0.46846846846846846,108.00399851799011
601050402001.0,0,0,UGUNJA,13,950.6146721473107,5.258923090421236,0.08678137339078464,53,0.05660377358490566,0.20754716981132076,55.09199929237366
601050402002.0,1,0,UGUNJA,14,811.842777797154,4.838000025068011,0.08973683629717145,66,0.15151515151515152,0.36363636363636365,68.62399911880493
601050402003.0,1,0,UGUNJA,13,768.1155395507812,5.2101538731501655,0.019716592935415413,41,0.04878048780487805,0.3170731707317073,40.52399945259094
601050402004.0,0,0,UGUNJA,8,684.9752655029297,4.0,0.0,94,0.11827956989247312,0.2553191489361702,96.6159987449646
601050402005.0,0,0,UGUNJA,13,570.1407951941857,3.9793846423809347,0.019716592935415413,61,0.01639344262295082,0.3114754098360656,61.803999185562134
601050403001.0,1,1,UGUNJA,10,1187.4489395141602,4.8,0.1,94,0.09574468085106383,0.3404255319148936,94.6159987449646
601050403002.0,1,1,UGUNJA,11,984.7670047066429,4.7272727272727275,0.09090909090909091,61,0.16393442622950818,0.4918032786885246,61.803999185562134
601050403004.0,1,1,UGUNJA,13,525.7094078063965,4.182000013498159,0.009858296467707707,91,0.1978021978021978,0.38461538461538464,97.72399878501892
601050403005.0,0,1,UGUNJA,12,610.8446254730225,5.530500014623006,0.26067982117335003,89,0.2696629213483146,0.3258426966292135,90.7959988117218
601050403006.0,0,1,UGUNJA,13,571.4016186640813,5.028153859652006,0.08678137339078464,93,0.08602150537634409,0.3978494623655914,95.65199875831604
601050403007.0,1,1,UGUNJA,12,921.601393699646,4.86383334795634,0.09401315450668335,88,0.07954545454545454,0.375,90.83199882507324
601050403008.0,1,1,UGUNJA,14,400.64835711887906,4.623714310782296,0.018308264868600026,128,0.1484375,0.328125,130.39199829101562
601050403009.0,0,1,UGUNJA,10,602.5553756713867,5.136600017547607,0.01281578540802002,78,0.07692307692307693,0.34615384615384615,77.19199895858765
601050403010.0,1,1,UGUNJA,13,603.1371445289025,3.797384628882775,0.16370445031386155,79,0.3076923076923077,0.4050632911392405,91.1559989452362
601050403011.0,0,1,UGUNJA,9,204.38086975945367,3.6666666666666665,0.0,70,0.11594202898550725,0.2571428571428571,123.47999906539917
601050403012.0,0,1,UGUNJA,13,902.4901862511268,5.028153859652006,0.009858296467707707,98,0.14285714285714285,0.2857142857142857,102.47199869155884
601050403013.0,1,1,UGUNJA,13,1135.1456827016978,5.105076936575083,0.3175506041600154,68,0.08823529411764706,0.3088235294117647,67.55199909210205
601050403014.0,1,1,UGUNJA,10,527.1026092529297,5.1,0.1,69,0.08695652173913043,0.2753623188405797,69.51599907875061
601050403015.0,1,1,UGUNJA,13,634.1578662578876,5.133230796227088,0.019716592935415413,106,0.10377358490566038,0.44339622641509435,105.18399858474731
601050404001.0,1,1,UGUNJA,13,504.581601362962,5.392153886648325,0.10649796632620004,54,0.1111111111111111,0.24074074074074073,57.05599927902222
601050404002.0,1,1,UGUNJA,10,729.9677391052246,4.1,0.0,76,0.09210526315789473,0.4868421052631579,75.26399898529053
601050404003.0,0,1,UGUNJA,14,661.0269333975656,4.623714310782296,0.1611654077257429,112,0.11711711711711711,0.42857142857142855,116.96799850463867
601050404004.0,0,1,UGUNJA,11,1117.309680223465,3.4545454545454546,0.09090909090909091,93,0.07526881720430108,0.5806451612903226,94.65199875831604
601050404005.0,0,1,UGUNJA,11,481.62066529013896,5.884727304632014,0.11421051892367276,99,0.04040404040404041,0.36363636363636365,106.4359986782074
601050404006.0,0,1,UGUNJA,12,880.364952882131,4.530500014623006,0.09401315450668335,68,0.08823529411764706,0.35294117647058826,68.55199909210205
601050404007.0,1,1,UGUNJA,13,727.7131594144381,3.720461551959698,0.009858296467707707,81,0.1125,0.3950617283950617,82.08399891853333
601050404008.0,1,1,UGUNJA,11,656.8626549460671,4.942363652316007,0.011650714007290926,88,0.11363636363636363,0.23863636363636365,94.83199882507324
601050404009.0,1,1,UGUNJA,11,1242.0657223788176,3.909090909090909,0.18181818181818182,90,0.13333333333333333,0.34444444444444444,108.75999879837036
601050404010.0,0,1,UGUNJA,14,685.6097897120884,3.8380000250680104,0.08973683629717145,119,0.11764705882352941,0.3445378151260504,118.71599841117859
601050404011.0,1,1,UGUNJA,13,902.7019773996793,4.902461565457857,0.17356274678156927,103,0.05825242718446602,0.39805825242718446,117.29199862480164
601050501001.0,1,1,UGUNJA,13,793.2359349177434,3.1050769365750828,0.009858296467707707,110,0.08181818181818182,0.2545454545454545,113.03999853134155
601050501002.0,1,1,UGUNJA,14,578.1381340026855,4.318857192993164,0.10804510116577148,86,0.05813953488372093,0.3488372093023256,84.90399885177612
601050501003.0,1,1,UGUNJA,13,766.795154278095,5.566615398113544,0.009858296467707707,52,0.11538461538461539,0.28846153846153844,54.1279993057251
601050501004.0,0,1,UGUNJA,13,422.5275823886578,4.41276924426739,0.16370445031386155,107,0.11214953271028037,0.19626168224299065,107.14799857139587
601050501005.0,1,1,UGUNJA,11,604.9942217740146,4.669636379588734,0.10255980491638184,178,0.10674157303370786,0.15730337078651685,186.5919976234436
601050501006.0,0,1,UGUNJA,9,295.6430222855674,3.3333333333333335,0.0,100,0.04,0.2,106.39999866485596
601050501007.0,1,1,UGUNJA,15,566.9807006835938,4.939866701761882,0.0922982374827067,191,0.08900523560209424,0.225130890052356,195.12399744987488
601050501008.0,1,1,UGUNJA,9,754.1406894259983,3.6666666666666665,0.1111111111111111,91,0.17582417582417584,0.2967032967032967,92.72399878501892
601050501009.0,0,1,UGUNJA,14,422.7729355948312,3.7665714536394392,0.08973683629717145,97,0.1134020618556701,0.1958762886597938,103.50799870491028
601050502001.0,1,1,UGUNJA,11,470.42374766956675,4.454545454545454,0.09090909090909091,147,0.14285714285714285,0.24489795918367346,144.70799803733826
601050502002.0,0,1,UGUNJA,10,633.7190643310547,3.6732000350952148,0.12563157081604004,97,0.12371134020618557,0.29896907216494845,97.50799870491028
601050502003.0,1,1,UGUNJA,12,466.6917559305827,3.1138333479563394,0.1773464878400167,106,0.16981132075471697,0.2169811320754717,104.18399858474731
601050502004.0,1,1,UGUNJA,13,1295.347194965069,4.258923090421236,0.24062752723693848,113,0.11504424778761062,0.36283185840707965,109.93199849128723
601050502005.0,1,1,UGUNJA,13,592.1587622715876,3.4127692442673903,0.16370445031386155,100,0.1,0.31,100.39999866485596
601050502006.0,1,1,UGUNJA,9,731.3639763726128,3.2222222222222223,0.0,86,0.10465116279069768,0.2558139534883721,85.90399885177612
601050502007.0,1,1,UGUNJA,13,683.5812278160682,4.056307719304011,0.019716592935415413,91,0.16483516483516483,0.37362637362637363,88.72399878501892
601050502008.0,0,1,UGUNJA,12,392.14526240030926,5.25,0.0,127,0.1349206349206349,0.14960629921259844,126.42799830436707
601050502009.0,0,1,UGUNJA,15,686.9462743123372,4.897600046793619,0.10084209442138672,86,0.08235294117647059,0.20930232558139536,87.90399885177612
601050504001.0,1,0,UGUNJA,14,899.8340563092913,4.266571453639439,0.1611654077257429,94,0.10638297872340426,0.24468085106382978,100.6159987449646
601050504002.0,0,0,UGUNJA,12,516.5232531229655,5.030500014623006,0.34401315450668335,58,0.2413793103448276,0.2413793103448276,61.911999225616455
601050504003.0,0,0,UGUNJA,12,1145.425533612569,5.583333333333333,0.08333333333333333,141,0.08571428571428572,0.2907801418439716,140.9239981174469
601050504004.0,0,0,UGUNJA,14,1198.2115922655378,3.9808571679251537,0.1611654077257429,155,0.08387096774193549,0.23870967741935484,160.41999793052673
601050504005.0,1,0,UGUNJA,11,653.7437140724876,4.215090925043279,0.10255980491638184,128,0.1484375,0.296875,139.39199829101562
601050504006.0,1,0,UGUNJA,13,1811.5359800778901,4.797384628882775,0.24062752723693848,141,0.09929078014184398,0.24822695035460993,140.9239981174469
601050504007.0,0,0,UGUNJA,13,1071.568734389085,4.238307732802171,0.10649796632620004,85,0.1411764705882353,0.3764705882352941,86.93999886512756
601050504008.0,0,0,UGUNJA,9,698.9747038947212,3.485111130608453,0.1253508726755778,60,0.13333333333333333,0.21666666666666667,61.839999198913574
601050504009.0,0,0,UGUNJA,12,375.50726890563965,3.447166681289673,0.010679821173350016,156,0.1346153846153846,0.25,158.3839979171753
