"method","seed","target","rmse_mu","pehe_tau","rmse_y","runtime_seconds","propensity_method"
"MVBCF",1,1,1.84301637464661,0.493910527687206,5.24319322664743,23.3110864162445,"bart"
"MVBCF",1,2,1.85440024841569,0.230606066592782,5.2435109040925,23.3110864162445,"bart"
"BCF-univariate",1,1,1.94975818497361,0.320729078185691,5.24950002713799,16.9280459880829,"bart"
"BCF-univariate",1,2,1.83645248780565,0.531687665299158,5.30354742842659,18.2084324359894,"bart"
"MVBCF",2,1,1.7177921727767,0.111505225308899,5.24227243302363,23.7117192745209,"bart"
"MVBCF",2,2,1.54303883463278,0.241227677555163,5.01544220051826,23.7117192745209,"bart"
"BCF-univariate",2,1,1.95225053553193,0.115645350331485,5.29574655577075,49.4322633743286,"bart"
"BCF-univariate",2,2,1.86615191026834,0.140444814781316,5.15045145851675,-13.3127954006195,"bart"
"MVBCF",3,1,1.74487980057922,0.183853373180935,4.35282231808709,22.9031653404236,"bart"
"MVBCF",3,2,1.61507272909993,0.138811343412974,4.43039523866209,22.9031653404236,"bart"
"BCF-univariate",3,1,1.7352424588475,0.326807076807268,4.28641331747558,24.4078063964844,"bart"
"BCF-univariate",3,2,1.75777100224216,0.0798441633905686,4.49607765943046,50.6208002567291,"bart"
"MVBCF",4,1,1.51760516152429,0.408318204512108,3.89136797519797,23.439044713974,"bart"
"MVBCF",4,2,1.44662675741637,0.775802185904794,3.85067373146971,23.439044713974,"bart"
"BCF-univariate",4,1,1.64170248521639,0.121422444507626,4.00599315321105,21.4399116039276,"bart"
"BCF-univariate",4,2,1.77516043032542,0.840475087704817,3.96567717418654,18.459178686142,"bart"
"MVBCF",5,1,2.0250809036321,0.983227836351555,4.84118948148515,23.0948903560638,"bart"
"MVBCF",5,2,2.18051207438088,0.68888924600901,5.12085107790169,23.0948903560638,"bart"
"BCF-univariate",5,1,1.9812193880455,1.01547155765485,4.82842378029742,21.2557530403137,"bart"
"BCF-univariate",5,2,2.13861215641609,1.00498790953208,5.05341431929401,18.5985715389252,"bart"
"MVBCF",6,1,1.77385196126147,0.407218053149363,4.72843210229192,23.2733705043793,"bart"
"MVBCF",6,2,1.74487003320975,0.172416890717888,4.67165423384811,23.2733705043793,"bart"
"BCF-univariate",6,1,1.91283528088691,0.824233243365485,4.81716322453352,16.2520864009857,"bart"
"BCF-univariate",6,2,2.01065035740668,0.527632501682541,4.79848706866275,18.7442529201508,"bart"
"MVBCF",7,1,1.39417182303601,0.570084421300995,4.60234561921254,25.9732739925385,"bart"
"MVBCF",7,2,1.48158894736034,0.652488870017174,4.53421839482469,25.9732739925385,"bart"
"BCF-univariate",7,1,1.71371148834742,0.585747785483287,4.6687340755753,11.9275944232941,"bart"
"BCF-univariate",7,2,1.70764883892305,0.605040299374315,4.54293943808169,12.9992935657501,"bart"
"MVBCF",8,1,1.70770616486802,0.200905987334136,4.45572613507226,26.0237953662872,"bart"
"MVBCF",8,2,1.57360944160569,0.254840705562783,4.76694750579163,26.0237953662872,"bart"
"BCF-univariate",8,1,1.81177499425449,0.27153301684475,4.52562050230795,12.1417987346649,"bart"
"BCF-univariate",8,2,1.64581214850846,0.180155359622133,4.81029028966584,14.7306232452393,"bart"
"MVBCF",9,1,1.36892412263182,0.373518726833697,4.05060699342506,25.6179738044739,"bart"
"MVBCF",9,2,1.31358495423711,0.25447302153408,3.81831566766134,25.6179738044739,"bart"
"BCF-univariate",9,1,1.45755818702595,0.483307898644701,4.07409170737942,12.1669347286224,"bart"
"BCF-univariate",9,2,1.42184949070999,0.337771224798976,3.87569378805396,12.4668333530426,"bart"
"MVBCF",10,1,1.57875559807628,0.334651426047026,3.86217321897182,-6.86324906349182,"bart"
"MVBCF",10,2,1.41531954606519,0.17628235324534,3.87650945170177,-6.86324906349182,"bart"
"BCF-univariate",10,1,1.78267216089096,0.475997615659145,4.03781193407595,12.5771191120148,"bart"
"BCF-univariate",10,2,1.65571440742953,0.0315047416899101,4.04189854322669,15.379132270813,"bart"
"MVBCF",11,1,1.97266883274957,1.31028221803805,4.92921091037036,26.3269484043121,"bart"
"MVBCF",11,2,1.74563078560355,0.590241557689777,4.47324571757082,26.3269484043121,"bart"
"BCF-univariate",11,1,2.07900813919342,1.00913596847842,4.9801768700972,12.9271099567413,"bart"
"BCF-univariate",11,2,1.79945818476966,0.788790703154203,4.50363426059543,12.1834342479706,"bart"
"MVBCF",12,1,1.76623060897268,0.538792270922095,4.40445338165947,-6.45436525344849,"bart"
"MVBCF",12,2,1.73122277919619,0.37276297746107,4.6425106654579,-6.45436525344849,"bart"
"BCF-univariate",12,1,1.91980685462622,0.569857347882272,4.50919646552518,12.3514552116394,"bart"
"BCF-univariate",12,2,1.79529344109761,0.691874848558558,4.62225935609986,15.8347434997559,"bart"
"MVBCF",13,1,1.51492954720979,0.335866861285895,3.85198698251884,58.9747114181519,"bart"
"MVBCF",13,2,1.52795735931986,0.303238121863466,3.84543146891591,58.9747114181519,"bart"
"BCF-univariate",13,1,1.63596407651025,0.347076663191414,3.9558798275119,-20.0654077529907,"bart"
"BCF-univariate",13,2,1.54076637471624,0.197852183286475,3.80748322562684,14.4766125679016,"bart"
"MVBCF",14,1,1.71213111344051,0.654121143172351,4.56724633911273,26.8298497200012,"bart"
"MVBCF",14,2,1.8184790839125,0.438652132162465,4.48001396815342,26.8298497200012,"bart"
"BCF-univariate",14,1,1.96772281683937,1.62764869792035,4.72725040966126,16.520711183548,"bart"
"BCF-univariate",14,2,2.0046464997892,0.334556299446563,4.56129102216597,14.0652666091919,"bart"
"MVBCF",15,1,1.7708972513291,0.174638578316303,5.06883775802965,-6.25679111480713,"bart"
"MVBCF",15,2,1.75686180271606,1.22518133849654,5.2100541970845,-6.25679111480713,"bart"
"BCF-univariate",15,1,1.97628756049526,0.528371152563869,5.16791847207988,12.8115918636322,"bart"
"BCF-univariate",15,2,1.87948981089536,1.44265967398929,5.3396074125144,19.0183930397034,"bart"
"MVBCF",16,1,1.53198778632731,0.289706888695029,4.29813340937078,26.8096287250519,"bart"
"MVBCF",16,2,1.63230232613966,0.287238645351471,4.6809165200194,26.8096287250519,"bart"
"BCF-univariate",16,1,1.4304291543925,0.45271522651207,4.26513145791772,18.7193348407745,"bart"
"BCF-univariate",16,2,1.58668079307146,0.70276906993245,4.74058205458868,13.7224698066711,"bart"
"MVBCF",17,1,1.69992730816111,0.307811797769134,4.51063108667912,26.3684396743774,"bart"
"MVBCF",17,2,1.66007617118294,0.284845084606884,4.77855391490272,26.3684396743774,"bart"
"BCF-univariate",17,1,2.0441694650195,0.215235150429183,4.6750095102877,13.0430176258087,"bart"
"BCF-univariate",17,2,1.80052733166631,0.352971470694983,4.82466493795588,13.2130150794983,"bart"
"MVBCF",18,1,1.64449587799844,0.573619545950615,4.27672072774803,26.7099976539612,"bart"
"MVBCF",18,2,1.71451672133187,0.251300659339742,4.17923631727371,26.7099976539612,"bart"
"BCF-univariate",18,1,1.76489499624592,0.648462086089155,4.30267507722889,12.1195809841156,"bart"
"BCF-univariate",18,2,1.94610961999363,0.376673996445164,4.31466064009999,13.8876361846924,"bart"
"MVBCF",19,1,1.56030251017696,0.225410513514409,4.057103737721,28.0308613777161,"bart"
"MVBCF",19,2,1.63269423351158,0.238301908867533,4.19005325442859,28.0308613777161,"bart"
"BCF-univariate",19,1,2.06400596897203,1.1399832613058,4.18603362992631,12.5836837291718,"bart"
"BCF-univariate",19,2,1.724839848643,0.301471785352877,4.23433535006034,15.9207375049591,"bart"
"MVBCF",20,1,1.60723776809793,0.225959451423883,4.0154096218345,25.8846323490143,"bart"
"MVBCF",20,2,1.38228874382488,0.360547099292525,4.14861245745569,25.8846323490143,"bart"
"BCF-univariate",20,1,1.68762225584852,0.0839191232279561,3.94271662813014,44.6180267333984,"bart"
"BCF-univariate",20,2,1.44767755106698,0.575704321821497,4.19027121490067,-19.2548060417175,"bart"
"MVBCF",21,1,1.78994835177764,0.198139965797846,5.01204291159878,25.1829619407654,"bart"
"MVBCF",21,2,1.99742006684287,1.4655488972862,5.06848103407179,25.1829619407654,"bart"
"BCF-univariate",21,1,1.7862578371189,0.227338460840461,4.99628024172845,12.128514289856,"bart"
"BCF-univariate",21,2,2.0477780809115,1.49890310736031,5.06619056562411,12.8113718032837,"bart"
"MVBCF",22,1,1.87670694818174,0.584566744250017,4.89250754938322,25.0563213825226,"bart"
"MVBCF",22,2,1.93109475404988,0.546656081957007,5.1219822819919,25.0563213825226,"bart"
"BCF-univariate",22,1,1.91730027156604,0.476604481488523,4.86293224322201,12.6677904129028,"bart"
"BCF-univariate",22,2,2.03587186034425,0.576898513870461,5.12903691250765,11.8047034740448,"bart"
"MVBCF",23,1,1.70477403487141,0.539805679522083,5.0101707867875,24.6222841739655,"bart"
"MVBCF",23,2,1.6951738454447,0.190042632729758,4.84923030171198,24.6222841739655,"bart"
"BCF-univariate",23,1,1.71002459694038,0.45364662411681,5.01349901469909,11.4386165142059,"bart"
"BCF-univariate",23,2,1.83062980167344,0.333841059119719,4.89352564134204,12.9778335094452,"bart"
"MVBCF",24,1,1.77499298853402,0.722924916154087,4.71000350965465,26.3394358158112,"bart"
"MVBCF",24,2,1.83323424946304,0.239230149408202,4.49618636792489,26.3394358158112,"bart"
"BCF-univariate",24,1,1.92337916256646,0.583378089236724,4.77107429834931,13.9890067577362,"bart"
"BCF-univariate",24,2,1.93251755753977,0.319462488153575,4.54860916837086,15.584041595459,"bart"
"MVBCF",25,1,1.93462172910293,0.41397031346087,4.98249992751527,25.0562694072723,"bart"
"MVBCF",25,2,1.97563559708087,0.590860973457894,4.79249708163206,25.0562694072723,"bart"
"BCF-univariate",25,1,2.15462114385148,1.02988569306946,5.10184675333446,13.8364515304565,"bart"
"BCF-univariate",25,2,2.02449398609182,0.60208896726329,4.85108622104751,14.5775256156921,"bart"
"MVBCF",26,1,1.601955142007,0.233751262648195,4.48331999213444,25.0940549373627,"bart"
"MVBCF",26,2,1.82623029561528,0.292964215115369,4.76925831553432,25.0940549373627,"bart"
"BCF-univariate",26,1,1.72445516476126,0.258840333107883,4.48138369881564,13.2340841293335,"bart"
"BCF-univariate",26,2,1.83752937422158,0.466603204906242,4.70440980190933,13.8453361988068,"bart"
"MVBCF",27,1,1.70527763643949,0.284511661363625,4.29230957208797,24.9873621463776,"bart"
"MVBCF",27,2,1.49661391167871,0.24327575008389,4.16998337983535,24.9873621463776,"bart"
"BCF-univariate",27,1,1.82499534042966,0.592697028317555,4.42415754701137,20.0159635543823,"bart"
"BCF-univariate",27,2,1.57390304638017,0.175183085598719,4.2713118097008,16.3936972618103,"bart"
"MVBCF",28,1,1.43692628129444,0.154706115966679,3.88441775675696,25.4699125289917,"bart"
"MVBCF",28,2,1.41745839802666,0.903642835792278,3.67003268837671,25.4699125289917,"bart"
"BCF-univariate",28,1,1.66242208807283,0.078784374181667,4.01841882076324,15.2287428379059,"bart"
"BCF-univariate",28,2,1.58507853944424,0.939216694610856,3.71462350888336,17.3884201049805,"bart"
"MVBCF",29,1,1.83915636380927,0.336945058054282,4.43362811560874,25.3708860874176,"bart"
"MVBCF",29,2,1.86286108734848,0.470450826425289,4.58975677010462,25.3708860874176,"bart"
"BCF-univariate",29,1,2.00813173066806,0.300353864931967,4.54550059209341,12.7725672721863,"bart"
"BCF-univariate",29,2,1.93761146331029,0.436267050052606,4.64906502838553,20.2623662948608,"bart"
"MVBCF",30,1,1.89667318261435,0.34349887948066,5.00717980275699,25.2265565395355,"bart"
"MVBCF",30,2,2.02915037247463,0.176688407094316,5.30003104863966,25.2265565395355,"bart"
"BCF-univariate",30,1,1.86940345959701,0.298361182186999,5.02453625757432,22.1518175601959,"bart"
"BCF-univariate",30,2,2.05035344859961,0.330460663961127,5.28853082678957,16.582629442215,"bart"
