grid,dgp,metric,claimant,comparator,n_seeds,claimant_mean,comparator_mean,paired_mean_difference,paired_standard_error,seed_win_fraction,claimant_wins,comparator_wins,merged_checksum,git_revision
main,D0,mean_quantile_rmse,cwdb_v1,causal_drf,20,0.10130602854464825,0.12803110945072918,-0.026725080906080934,0.004267324997360056,0.9,True,False,a871fd7b6ab72544e1f0f317c16cb18551759b575899188c0bfb1d048f9a4a69,63651f1b650ba00f6a69f98bd79b8b8708ada257
main,D0,kernel_law_error,cwdb_v1,causal_drf,20,0.020503958518921013,0.1434170939502088,-0.12291313543128779,0.003792129888288121,1.0,True,False,a871fd7b6ab72544e1f0f317c16cb18551759b575899188c0bfb1d048f9a4a69,63651f1b650ba00f6a69f98bd79b8b8708ada257
main,D0,arm_energy_risk,cwdb_v1,causal_drf,20,0.05025091161616248,0.15036144464799306,-0.1001105330318306,0.002557076090136404,1.0,True,False,a871fd7b6ab72544e1f0f317c16cb18551759b575899188c0bfb1d048f9a4a69,63651f1b650ba00f6a69f98bd79b8b8708ada257
main,D0,tcate_functional_rmse,cwdb_v1,causal_drf,20,0.045027846202563546,0.046296904951274906,-0.001269058748711365,0.0026526241217229587,0.65,False,False,a871fd7b6ab72544e1f0f317c16cb18551759b575899188c0bfb1d048f9a4a69,63651f1b650ba00f6a69f98bd79b8b8708ada257
main,D0,reference_tcate_rmse,cwdb_v1,causal_drf,20,0.05230134641351179,0.04977881790124912,0.0025225285122626754,0.00457348684824733,0.45,False,False,a871fd7b6ab72544e1f0f317c16cb18551759b575899188c0bfb1d048f9a4a69,63651f1b650ba00f6a69f98bd79b8b8708ada257
main,D0,reference_effect_rmse,cwdb_v1,causal_drf,20,0.03948068574827447,0.008968641004341183,0.0305120447439333,0.002303707271646896,0.0,False,True,a871fd7b6ab72544e1f0f317c16cb18551759b575899188c0bfb1d048f9a4a69,63651f1b650ba00f6a69f98bd79b8b8708ada257
main,D0,tail_calibration,cwdb_v1,causal_drf,20,0.0673,0.19508431321220782,-0.1277843132122078,0.0029491945209066135,1.0,True,False,a871fd7b6ab72544e1f0f317c16cb18551759b575899188c0bfb1d048f9a4a69,63651f1b650ba00f6a69f98bd79b8b8708ada257
main,D0,mode_coverage,cwdb_v1,causal_drf,20,1.0,1.0,0.0,0.0,0.0,False,False,a871fd7b6ab72544e1f0f317c16cb18551759b575899188c0bfb1d048f9a4a69,63651f1b650ba00f6a69f98bd79b8b8708ada257
main,D0,barycenter_rmse,cwdb_v1,causal_drf,20,0.09426130726888117,0.2574547082304369,-0.16319340096155582,0.006297655664672143,1.0,True,False,a871fd7b6ab72544e1f0f317c16cb18551759b575899188c0bfb1d048f9a4a69,63651f1b650ba00f6a69f98bd79b8b8708ada257
main,D1,mean_quantile_rmse,cwdb_v1,causal_drf,20,0.16908798792988905,0.15331141718059352,0.015776570749295542,0.005202539111994192,0.35,False,True,a871fd7b6ab72544e1f0f317c16cb18551759b575899188c0bfb1d048f9a4a69,63651f1b650ba00f6a69f98bd79b8b8708ada257
main,D1,kernel_law_error,cwdb_v1,causal_drf,20,0.010506073353288223,0.01882626708751189,-0.008320193734223668,0.000573646964088335,1.0,True,False,a871fd7b6ab72544e1f0f317c16cb18551759b575899188c0bfb1d048f9a4a69,63651f1b650ba00f6a69f98bd79b8b8708ada257
main,D1,arm_energy_risk,cwdb_v1,causal_drf,20,0.05076428844074869,0.05011821731347055,0.0006460711272781566,0.0012712891862364456,0.45,False,False,a871fd7b6ab72544e1f0f317c16cb18551759b575899188c0bfb1d048f9a4a69,63651f1b650ba00f6a69f98bd79b8b8708ada257
main,D1,tcate_functional_rmse,cwdb_v1,causal_drf,20,0.05751137066670327,0.05815751626629075,-0.0006461455995874808,0.0034698351767158643,0.5,False,False,a871fd7b6ab72544e1f0f317c16cb18551759b575899188c0bfb1d048f9a4a69,63651f1b650ba00f6a69f98bd79b8b8708ada257
main,D1,reference_tcate_rmse,cwdb_v1,causal_drf,20,0.0515414406852854,0.0687192492144309,-0.017177808529145498,0.0038152503886892323,0.85,True,False,a871fd7b6ab72544e1f0f317c16cb18551759b575899188c0bfb1d048f9a4a69,63651f1b650ba00f6a69f98bd79b8b8708ada257
main,D1,reference_effect_rmse,cwdb_v1,causal_drf,20,0.023320300714573756,0.019397541938039598,0.00392275877653416,0.004802040363751007,0.5,False,False,a871fd7b6ab72544e1f0f317c16cb18551759b575899188c0bfb1d048f9a4a69,63651f1b650ba00f6a69f98bd79b8b8708ada257
main,D1,tail_calibration,cwdb_v1,causal_drf,20,0.09573655989930109,0.10855736353058779,-0.012820803631286671,0.002684413728079486,0.8,True,False,a871fd7b6ab72544e1f0f317c16cb18551759b575899188c0bfb1d048f9a4a69,63651f1b650ba00f6a69f98bd79b8b8708ada257
main,D1,mode_coverage,cwdb_v1,causal_drf,20,1.0,1.0,0.0,0.0,0.0,False,False,a871fd7b6ab72544e1f0f317c16cb18551759b575899188c0bfb1d048f9a4a69,63651f1b650ba00f6a69f98bd79b8b8708ada257
main,D1,barycenter_rmse,cwdb_v1,causal_drf,20,0.1899708199034418,0.26339153811650523,-0.07342071821306348,0.0048853691140996304,1.0,True,False,a871fd7b6ab72544e1f0f317c16cb18551759b575899188c0bfb1d048f9a4a69,63651f1b650ba00f6a69f98bd79b8b8708ada257
main,D2,mean_quantile_rmse,cwdb_v1,causal_drf,20,0.12661229486874592,0.10320038203363446,0.023411912835111494,0.004730263639767134,0.2,False,True,a871fd7b6ab72544e1f0f317c16cb18551759b575899188c0bfb1d048f9a4a69,63651f1b650ba00f6a69f98bd79b8b8708ada257
main,D2,kernel_law_error,cwdb_v1,causal_drf,20,0.009998470474662093,0.03178606399509836,-0.021787593520436275,0.0006994094966351615,1.0,True,False,a871fd7b6ab72544e1f0f317c16cb18551759b575899188c0bfb1d048f9a4a69,63651f1b650ba00f6a69f98bd79b8b8708ada257
main,D2,arm_energy_risk,cwdb_v1,causal_drf,20,0.04688522285434511,0.07158207560147967,-0.02469685274713456,0.0012915036844388648,1.0,True,False,a871fd7b6ab72544e1f0f317c16cb18551759b575899188c0bfb1d048f9a4a69,63651f1b650ba00f6a69f98bd79b8b8708ada257
main,D2,tcate_functional_rmse,cwdb_v1,causal_drf,20,0.02919561136419479,0.04915727143480224,-0.019961660070607453,0.0027407946965783566,0.95,True,False,a871fd7b6ab72544e1f0f317c16cb18551759b575899188c0bfb1d048f9a4a69,63651f1b650ba00f6a69f98bd79b8b8708ada257
main,D2,reference_tcate_rmse,cwdb_v1,causal_drf,20,0.030055849151733156,0.020241166143222616,0.009814683008510534,0.0030187938312454593,0.1,False,True,a871fd7b6ab72544e1f0f317c16cb18551759b575899188c0bfb1d048f9a4a69,63651f1b650ba00f6a69f98bd79b8b8708ada257
main,D2,reference_effect_rmse,cwdb_v1,causal_drf,20,0.0212098059324279,0.01760979648495814,0.0036000094474697617,0.0031235961577096255,0.3,False,False,a871fd7b6ab72544e1f0f317c16cb18551759b575899188c0bfb1d048f9a4a69,63651f1b650ba00f6a69f98bd79b8b8708ada257
main,D2,tail_calibration,cwdb_v1,causal_drf,20,0.10606965721446485,0.1343517078705984,-0.028282050656133578,0.0021915738153443515,1.0,True,False,a871fd7b6ab72544e1f0f317c16cb18551759b575899188c0bfb1d048f9a4a69,63651f1b650ba00f6a69f98bd79b8b8708ada257
main,D2,mode_coverage,cwdb_v1,causal_drf,20,1.0,1.0,0.0,0.0,0.0,False,False,a871fd7b6ab72544e1f0f317c16cb18551759b575899188c0bfb1d048f9a4a69,63651f1b650ba00f6a69f98bd79b8b8708ada257
main,D2,barycenter_rmse,cwdb_v1,causal_drf,20,0.17565644619724743,0.3364581810480578,-0.16080173485081037,0.0029501257274287956,1.0,True,False,a871fd7b6ab72544e1f0f317c16cb18551759b575899188c0bfb1d048f9a4a69,63651f1b650ba00f6a69f98bd79b8b8708ada257
main,D3,mean_quantile_rmse,cwdb_v1,causal_drf,20,0.25895963071397915,0.3972308170420698,-0.1382711863280906,0.003188762771109579,1.0,True,False,a871fd7b6ab72544e1f0f317c16cb18551759b575899188c0bfb1d048f9a4a69,63651f1b650ba00f6a69f98bd79b8b8708ada257
main,D3,kernel_law_error,cwdb_v1,causal_drf,20,0.013254091249217443,0.022297849617047383,-0.009043758367829943,0.00034563339642499784,1.0,True,False,a871fd7b6ab72544e1f0f317c16cb18551759b575899188c0bfb1d048f9a4a69,63651f1b650ba00f6a69f98bd79b8b8708ada257
main,D3,arm_energy_risk,cwdb_v1,causal_drf,20,0.05637915993319843,0.057197632178210646,-0.0008184722450122188,0.0009422454127034803,0.55,False,False,a871fd7b6ab72544e1f0f317c16cb18551759b575899188c0bfb1d048f9a4a69,63651f1b650ba00f6a69f98bd79b8b8708ada257
main,D3,tcate_functional_rmse,cwdb_v1,causal_drf,20,0.05974013034779685,0.044956817853319106,0.014783312494477747,0.003069618723887111,0.2,False,True,a871fd7b6ab72544e1f0f317c16cb18551759b575899188c0bfb1d048f9a4a69,63651f1b650ba00f6a69f98bd79b8b8708ada257
main,D3,reference_tcate_rmse,cwdb_v1,causal_drf,20,0.0370243776144856,0.03086150902844139,0.0061628685860441994,0.004152360027746836,0.45,False,False,a871fd7b6ab72544e1f0f317c16cb18551759b575899188c0bfb1d048f9a4a69,63651f1b650ba00f6a69f98bd79b8b8708ada257
main,D3,reference_effect_rmse,cwdb_v1,causal_drf,20,0.025219499753471562,0.01749618757658337,0.007723312176888189,0.004012835251951828,0.35,False,False,a871fd7b6ab72544e1f0f317c16cb18551759b575899188c0bfb1d048f9a4a69,63651f1b650ba00f6a69f98bd79b8b8708ada257
main,D3,tail_calibration,cwdb_v1,causal_drf,20,0.10302400588402512,0.11696772390093554,-0.013943718016910417,0.002821963261949357,0.85,True,False,a871fd7b6ab72544e1f0f317c16cb18551759b575899188c0bfb1d048f9a4a69,63651f1b650ba00f6a69f98bd79b8b8708ada257
main,D3,mode_coverage,cwdb_v1,causal_drf,20,1.0,1.0,0.0,0.0,0.0,False,False,a871fd7b6ab72544e1f0f317c16cb18551759b575899188c0bfb1d048f9a4a69,63651f1b650ba00f6a69f98bd79b8b8708ada257
main,D3,barycenter_rmse,cwdb_v1,causal_drf,20,0.21146473252843934,0.27744644407281166,-0.06598171154437232,0.0017275425746969672,1.0,True,False,a871fd7b6ab72544e1f0f317c16cb18551759b575899188c0bfb1d048f9a4a69,63651f1b650ba00f6a69f98bd79b8b8708ada257
main,D4,mean_quantile_rmse,cwdb_v1,causal_drf,20,0.17653403868328016,0.1557258085395642,0.020808230143715967,0.009568914746006773,0.3,False,True,a871fd7b6ab72544e1f0f317c16cb18551759b575899188c0bfb1d048f9a4a69,63651f1b650ba00f6a69f98bd79b8b8708ada257
main,D4,kernel_law_error,cwdb_v1,causal_drf,20,0.008893507101713268,0.025762297296008336,-0.016868790194295068,0.001698067027765623,1.0,True,False,a871fd7b6ab72544e1f0f317c16cb18551759b575899188c0bfb1d048f9a4a69,63651f1b650ba00f6a69f98bd79b8b8708ada257
main,D4,arm_energy_risk,cwdb_v1,causal_drf,20,0.04966102847118906,0.06806953654302791,-0.018408508071838848,0.0038719288246327715,0.9,True,False,a871fd7b6ab72544e1f0f317c16cb18551759b575899188c0bfb1d048f9a4a69,63651f1b650ba00f6a69f98bd79b8b8708ada257
main,D4,tcate_functional_rmse,cwdb_v1,causal_drf,20,0.07507750495221813,0.078462045937744,-0.003384540985525886,0.005954059500243424,0.55,False,False,a871fd7b6ab72544e1f0f317c16cb18551759b575899188c0bfb1d048f9a4a69,63651f1b650ba00f6a69f98bd79b8b8708ada257
main,D4,reference_tcate_rmse,cwdb_v1,causal_drf,20,0.0609451836020539,0.0729622838109178,-0.01201710020886389,0.00427759370213311,0.75,True,False,a871fd7b6ab72544e1f0f317c16cb18551759b575899188c0bfb1d048f9a4a69,63651f1b650ba00f6a69f98bd79b8b8708ada257
main,D4,reference_effect_rmse,cwdb_v1,causal_drf,20,0.02535321613649274,0.019644143964706918,0.0057090721717858225,0.005038441024179529,0.5,False,False,a871fd7b6ab72544e1f0f317c16cb18551759b575899188c0bfb1d048f9a4a69,63651f1b650ba00f6a69f98bd79b8b8708ada257
main,D4,tail_calibration,cwdb_v1,causal_drf,20,0.07215783180706063,0.12821207494718145,-0.056054243140120794,0.0056113509911466545,1.0,True,False,a871fd7b6ab72544e1f0f317c16cb18551759b575899188c0bfb1d048f9a4a69,63651f1b650ba00f6a69f98bd79b8b8708ada257
main,D4,mode_coverage,cwdb_v1,causal_drf,20,1.0,1.0,0.0,0.0,0.0,False,False,a871fd7b6ab72544e1f0f317c16cb18551759b575899188c0bfb1d048f9a4a69,63651f1b650ba00f6a69f98bd79b8b8708ada257
main,D4,barycenter_rmse,cwdb_v1,causal_drf,20,0.19417351239317265,0.3429585056164497,-0.148784993223277,0.01277391295748099,1.0,True,False,a871fd7b6ab72544e1f0f317c16cb18551759b575899188c0bfb1d048f9a4a69,63651f1b650ba00f6a69f98bd79b8b8708ada257
main,D5,mean_quantile_rmse,cwdb_v1,causal_drf,20,0.15590669007978197,0.07542247424913744,0.0804842158306445,0.004403052865704104,0.0,False,True,a871fd7b6ab72544e1f0f317c16cb18551759b575899188c0bfb1d048f9a4a69,63651f1b650ba00f6a69f98bd79b8b8708ada257
main,D5,kernel_law_error,cwdb_v1,causal_drf,20,0.019954814063472763,0.05546103030149395,-0.0355062162380212,0.003044795258991275,1.0,True,False,a871fd7b6ab72544e1f0f317c16cb18551759b575899188c0bfb1d048f9a4a69,63651f1b650ba00f6a69f98bd79b8b8708ada257
main,D5,arm_energy_risk,cwdb_v1,causal_drf,20,0.04853104249202585,0.06264626889615993,-0.014115226404134087,0.0029881962035198605,0.95,True,False,a871fd7b6ab72544e1f0f317c16cb18551759b575899188c0bfb1d048f9a4a69,63651f1b650ba00f6a69f98bd79b8b8708ada257
main,D5,tcate_functional_rmse,cwdb_v1,causal_drf,20,0.037639546856495426,0.03281931835057018,0.0048202285059252515,0.0027994278829205563,0.15,False,False,a871fd7b6ab72544e1f0f317c16cb18551759b575899188c0bfb1d048f9a4a69,63651f1b650ba00f6a69f98bd79b8b8708ada257
main,D5,reference_tcate_rmse,cwdb_v1,causal_drf,20,0.09605562627484673,0.023021874727458605,0.07303375154738811,0.0045481992165149155,0.0,False,True,a871fd7b6ab72544e1f0f317c16cb18551759b575899188c0bfb1d048f9a4a69,63651f1b650ba00f6a69f98bd79b8b8708ada257
main,D5,reference_effect_rmse,cwdb_v1,causal_drf,20,0.0937314157627038,0.017923845459374692,0.0758075703033291,0.004818520901240563,0.0,False,True,a871fd7b6ab72544e1f0f317c16cb18551759b575899188c0bfb1d048f9a4a69,63651f1b650ba00f6a69f98bd79b8b8708ada257
main,D5,tail_calibration,cwdb_v1,causal_drf,20,0.08066426063511276,0.0833239211778301,-0.0026596605427173293,0.003305767553935927,0.5,False,False,a871fd7b6ab72544e1f0f317c16cb18551759b575899188c0bfb1d048f9a4a69,63651f1b650ba00f6a69f98bd79b8b8708ada257
main,D5,mode_coverage,cwdb_v1,causal_drf,20,1.0,1.0,0.0,0.0,0.0,False,False,a871fd7b6ab72544e1f0f317c16cb18551759b575899188c0bfb1d048f9a4a69,63651f1b650ba00f6a69f98bd79b8b8708ada257
main,D5,barycenter_rmse,cwdb_v1,causal_drf,20,0.16482715984201482,0.25016405787838913,-0.0853368980363743,0.0083580325110033,1.0,True,False,a871fd7b6ab72544e1f0f317c16cb18551759b575899188c0bfb1d048f9a4a69,63651f1b650ba00f6a69f98bd79b8b8708ada257
main,D6,mean_quantile_rmse,cwdb_v1,causal_drf,20,0.24898064816280266,0.23950450392172903,0.009476144241073622,0.009179532107965552,0.4,False,False,a871fd7b6ab72544e1f0f317c16cb18551759b575899188c0bfb1d048f9a4a69,63651f1b650ba00f6a69f98bd79b8b8708ada257
main,D6,kernel_law_error,cwdb_v1,causal_drf,20,0.019097738345714866,0.009449670568322343,0.009648067777392525,0.00045213512050046203,0.0,False,True,a871fd7b6ab72544e1f0f317c16cb18551759b575899188c0bfb1d048f9a4a69,63651f1b650ba00f6a69f98bd79b8b8708ada257
main,D6,arm_energy_risk,cwdb_v1,causal_drf,20,0.06964776616093646,0.04352711005996994,0.026120656100966512,0.0014769142775302633,0.0,False,True,a871fd7b6ab72544e1f0f317c16cb18551759b575899188c0bfb1d048f9a4a69,63651f1b650ba00f6a69f98bd79b8b8708ada257
main,D6,tcate_functional_rmse,cwdb_v1,causal_drf,20,0.08810047909191858,0.10121439797348168,-0.013113918881563094,0.005433180762815434,0.7,True,False,a871fd7b6ab72544e1f0f317c16cb18551759b575899188c0bfb1d048f9a4a69,63651f1b650ba00f6a69f98bd79b8b8708ada257
main,D6,reference_tcate_rmse,cwdb_v1,causal_drf,20,0.07462629952820891,0.04116124169666974,0.03346505783153917,0.006088623682225953,0.05,False,True,a871fd7b6ab72544e1f0f317c16cb18551759b575899188c0bfb1d048f9a4a69,63651f1b650ba00f6a69f98bd79b8b8708ada257
main,D6,reference_effect_rmse,cwdb_v1,causal_drf,20,0.048503988345809226,0.022067112210389782,0.026436876135419445,0.007413215171884837,0.2,False,True,a871fd7b6ab72544e1f0f317c16cb18551759b575899188c0bfb1d048f9a4a69,63651f1b650ba00f6a69f98bd79b8b8708ada257
main,D6,tail_calibration,cwdb_v1,causal_drf,20,0.08011562685607888,0.058894811215574404,0.02122081564050448,0.001955993046168817,0.0,False,True,a871fd7b6ab72544e1f0f317c16cb18551759b575899188c0bfb1d048f9a4a69,63651f1b650ba00f6a69f98bd79b8b8708ada257
main,D6,mode_coverage,cwdb_v1,causal_drf,20,0.9965000000000002,1.0,0.0034999999999999697,0.0009707905080532633,0.0,False,True,a871fd7b6ab72544e1f0f317c16cb18551759b575899188c0bfb1d048f9a4a69,63651f1b650ba00f6a69f98bd79b8b8708ada257
main,D6,barycenter_rmse,cwdb_v1,causal_drf,20,0.32437464650664505,0.3329002529823285,-0.008525606475683503,0.005832090280818578,0.6,False,False,a871fd7b6ab72544e1f0f317c16cb18551759b575899188c0bfb1d048f9a4a69,63651f1b650ba00f6a69f98bd79b8b8708ada257
main,D7,mean_quantile_rmse,cwdb_v1,causal_drf,20,0.12643495852064487,0.08811072507696252,0.038324233443682354,0.004748591502323225,0.05,False,True,a871fd7b6ab72544e1f0f317c16cb18551759b575899188c0bfb1d048f9a4a69,63651f1b650ba00f6a69f98bd79b8b8708ada257
main,D7,kernel_law_error,cwdb_v1,causal_drf,20,0.010071229650731806,0.02509944577933414,-0.015028216128602334,0.0010543323050135405,1.0,True,False,a871fd7b6ab72544e1f0f317c16cb18551759b575899188c0bfb1d048f9a4a69,63651f1b650ba00f6a69f98bd79b8b8708ada257
main,D7,arm_energy_risk,cwdb_v1,causal_drf,20,0.04762019457747909,0.05871240676040277,-0.011092212182923675,0.0020630993610292413,0.9,True,False,a871fd7b6ab72544e1f0f317c16cb18551759b575899188c0bfb1d048f9a4a69,63651f1b650ba00f6a69f98bd79b8b8708ada257
main,D7,tcate_functional_rmse,cwdb_v1,causal_drf,20,0.02834847855052174,0.0575950763292629,-0.02924659777874116,0.003471726194658325,1.0,True,False,a871fd7b6ab72544e1f0f317c16cb18551759b575899188c0bfb1d048f9a4a69,63651f1b650ba00f6a69f98bd79b8b8708ada257
main,D7,reference_tcate_rmse,cwdb_v1,causal_drf,20,0.028925209449849953,0.023031803682818323,0.005893405767031632,0.002572011824779552,0.3,False,True,a871fd7b6ab72544e1f0f317c16cb18551759b575899188c0bfb1d048f9a4a69,63651f1b650ba00f6a69f98bd79b8b8708ada257
main,D7,reference_effect_rmse,cwdb_v1,causal_drf,20,0.020159174370626302,0.016519470286660086,0.003639704083966221,0.0026943894645072544,0.35,False,False,a871fd7b6ab72544e1f0f317c16cb18551759b575899188c0bfb1d048f9a4a69,63651f1b650ba00f6a69f98bd79b8b8708ada257
main,D7,tail_calibration,cwdb_v1,causal_drf,20,0.049885027401544615,0.05129842388881282,-0.0014133964872682168,0.001124447548003419,0.55,False,False,a871fd7b6ab72544e1f0f317c16cb18551759b575899188c0bfb1d048f9a4a69,63651f1b650ba00f6a69f98bd79b8b8708ada257
main,D7,mode_coverage,cwdb_v1,causal_drf,20,1.0,1.0,0.0,0.0,0.0,False,False,a871fd7b6ab72544e1f0f317c16cb18551759b575899188c0bfb1d048f9a4a69,63651f1b650ba00f6a69f98bd79b8b8708ada257
main,D7,barycenter_rmse,cwdb_v1,causal_drf,20,0.17509485712771417,0.29616922406364093,-0.12107436693592677,0.005856418346220963,1.0,True,False,a871fd7b6ab72544e1f0f317c16cb18551759b575899188c0bfb1d048f9a4a69,63651f1b650ba00f6a69f98bd79b8b8708ada257
main,D8,mean_quantile_rmse,cwdb_v1,causal_drf,20,0.17414614936570544,0.3317873629804212,-0.15764121361471578,0.010086500957851893,1.0,True,False,a871fd7b6ab72544e1f0f317c16cb18551759b575899188c0bfb1d048f9a4a69,63651f1b650ba00f6a69f98bd79b8b8708ada257
main,D8,kernel_law_error,cwdb_v1,causal_drf,20,0.015168889017442237,0.07950428564476555,-0.06433539662732332,0.0019993945960845774,1.0,True,False,a871fd7b6ab72544e1f0f317c16cb18551759b575899188c0bfb1d048f9a4a69,63651f1b650ba00f6a69f98bd79b8b8708ada257
main,D8,arm_energy_risk,cwdb_v1,causal_drf,20,0.0633848048914663,0.18046329840643233,-0.11707849351496602,0.0039315375081755395,1.0,True,False,a871fd7b6ab72544e1f0f317c16cb18551759b575899188c0bfb1d048f9a4a69,63651f1b650ba00f6a69f98bd79b8b8708ada257
main,D8,tcate_functional_rmse,cwdb_v1,causal_drf,20,0.0549608885375482,0.16635880999450356,-0.11139792145695537,0.006214162985584659,1.0,True,False,a871fd7b6ab72544e1f0f317c16cb18551759b575899188c0bfb1d048f9a4a69,63651f1b650ba00f6a69f98bd79b8b8708ada257
main,D8,reference_tcate_rmse,cwdb_v1,causal_drf,20,0.04537988150254972,0.07205577034445511,-0.026675888841905398,0.004816366625622219,0.9,True,False,a871fd7b6ab72544e1f0f317c16cb18551759b575899188c0bfb1d048f9a4a69,63651f1b650ba00f6a69f98bd79b8b8708ada257
main,D8,reference_effect_rmse,cwdb_v1,causal_drf,20,0.024776659358831197,0.04335400050794709,-0.018577341149115904,0.007555313786810468,0.7,True,False,a871fd7b6ab72544e1f0f317c16cb18551759b575899188c0bfb1d048f9a4a69,63651f1b650ba00f6a69f98bd79b8b8708ada257
main,D8,tail_calibration,cwdb_v1,causal_drf,20,0.09577438925567325,0.19815765021404969,-0.10238326095837647,0.005161694809592124,1.0,True,False,a871fd7b6ab72544e1f0f317c16cb18551759b575899188c0bfb1d048f9a4a69,63651f1b650ba00f6a69f98bd79b8b8708ada257
main,D8,mode_coverage,cwdb_v1,causal_drf,20,1.0,1.0,0.0,0.0,0.0,False,False,a871fd7b6ab72544e1f0f317c16cb18551759b575899188c0bfb1d048f9a4a69,63651f1b650ba00f6a69f98bd79b8b8708ada257
main,D8,barycenter_rmse,cwdb_v1,causal_drf,20,0.25119048023972856,0.6076996894862792,-0.3565092092465505,0.008602878794854475,1.0,True,False,a871fd7b6ab72544e1f0f317c16cb18551759b575899188c0bfb1d048f9a4a69,63651f1b650ba00f6a69f98bd79b8b8708ada257
main,D9,mean_quantile_rmse,cwdb_v1,causal_drf,20,0.22113059860197967,0.24752253741382915,-0.026391938811849452,0.008387581276012458,0.7,True,False,a871fd7b6ab72544e1f0f317c16cb18551759b575899188c0bfb1d048f9a4a69,63651f1b650ba00f6a69f98bd79b8b8708ada257
main,D9,kernel_law_error,cwdb_v1,causal_drf,20,0.012858325161172631,0.022031683738314278,-0.009173358577141648,0.0007792428196502793,1.0,True,False,a871fd7b6ab72544e1f0f317c16cb18551759b575899188c0bfb1d048f9a4a69,63651f1b650ba00f6a69f98bd79b8b8708ada257
main,D9,arm_energy_risk,cwdb_v1,causal_drf,20,0.053898775141556596,0.05806765850929935,-0.004168883367742759,0.0020067713568541687,0.6,True,False,a871fd7b6ab72544e1f0f317c16cb18551759b575899188c0bfb1d048f9a4a69,63651f1b650ba00f6a69f98bd79b8b8708ada257
main,D9,tcate_functional_rmse,cwdb_v1,causal_drf,20,0.09584852907094996,0.11692012385736295,-0.021071594786413007,0.005481039289847435,0.75,True,False,a871fd7b6ab72544e1f0f317c16cb18551759b575899188c0bfb1d048f9a4a69,63651f1b650ba00f6a69f98bd79b8b8708ada257
main,D9,reference_tcate_rmse,cwdb_v1,causal_drf,20,0.06630906976506351,0.08947034859929084,-0.023161278834227323,0.006097454328633212,0.9,True,False,a871fd7b6ab72544e1f0f317c16cb18551759b575899188c0bfb1d048f9a4a69,63651f1b650ba00f6a69f98bd79b8b8708ada257
main,D9,reference_effect_rmse,cwdb_v1,causal_drf,20,0.031379251460091545,0.03174681865879973,-0.00036756719870818105,0.006765059952546908,0.65,False,False,a871fd7b6ab72544e1f0f317c16cb18551759b575899188c0bfb1d048f9a4a69,63651f1b650ba00f6a69f98bd79b8b8708ada257
main,D9,tail_calibration,cwdb_v1,causal_drf,20,0.10246485449926464,0.12270060962744052,-0.020235755128175874,0.0028338516623114193,0.95,True,False,a871fd7b6ab72544e1f0f317c16cb18551759b575899188c0bfb1d048f9a4a69,63651f1b650ba00f6a69f98bd79b8b8708ada257
main,D9,mode_coverage,cwdb_v1,causal_drf,20,1.0,1.0,0.0,0.0,0.0,False,False,a871fd7b6ab72544e1f0f317c16cb18551759b575899188c0bfb1d048f9a4a69,63651f1b650ba00f6a69f98bd79b8b8708ada257
main,D9,barycenter_rmse,cwdb_v1,causal_drf,20,0.21302486415032784,0.28352351478652194,-0.07049865063619411,0.0055273527763173,1.0,True,False,a871fd7b6ab72544e1f0f317c16cb18551759b575899188c0bfb1d048f9a4a69,63651f1b650ba00f6a69f98bd79b8b8708ada257
main,D0,mean_quantile_rmse,cwdb_v1,wdrft,20,0.10130602854464825,0.12513628888860448,-0.023830260343956255,0.0018487395878799494,1.0,True,False,a871fd7b6ab72544e1f0f317c16cb18551759b575899188c0bfb1d048f9a4a69,63651f1b650ba00f6a69f98bd79b8b8708ada257
main,D0,kernel_law_error,cwdb_v1,wdrft,20,0.020503958518921013,0.08232217825276181,-0.061818219733840794,0.0017250509566880106,1.0,True,False,a871fd7b6ab72544e1f0f317c16cb18551759b575899188c0bfb1d048f9a4a69,63651f1b650ba00f6a69f98bd79b8b8708ada257
main,D0,arm_energy_risk,cwdb_v1,wdrft,20,0.05025091161616248,0.10879088905950078,-0.0585399774433383,0.0004783407481451009,1.0,True,False,a871fd7b6ab72544e1f0f317c16cb18551759b575899188c0bfb1d048f9a4a69,63651f1b650ba00f6a69f98bd79b8b8708ada257
main,D0,tcate_functional_rmse,cwdb_v1,wdrft,20,0.045027846202563546,0.028591077245484153,0.01643676895707939,0.0016881049776527432,0.0,False,True,a871fd7b6ab72544e1f0f317c16cb18551759b575899188c0bfb1d048f9a4a69,63651f1b650ba00f6a69f98bd79b8b8708ada257
main,D0,reference_tcate_rmse,cwdb_v1,wdrft,20,0.05230134641351179,0.052876388960623764,-0.0005750425471119748,0.002913936128966557,0.55,False,False,a871fd7b6ab72544e1f0f317c16cb18551759b575899188c0bfb1d048f9a4a69,63651f1b650ba00f6a69f98bd79b8b8708ada257
main,D0,reference_effect_rmse,cwdb_v1,wdrft,20,0.03948068574827447,0.006519520466314399,0.03296116528196007,0.0024861034543164763,0.0,False,True,a871fd7b6ab72544e1f0f317c16cb18551759b575899188c0bfb1d048f9a4a69,63651f1b650ba00f6a69f98bd79b8b8708ada257
main,D0,tail_calibration,cwdb_v1,wdrft,20,0.0673,0.12812222958104952,-0.06082222958104951,0.0034110731848331316,1.0,True,False,a871fd7b6ab72544e1f0f317c16cb18551759b575899188c0bfb1d048f9a4a69,63651f1b650ba00f6a69f98bd79b8b8708ada257
main,D0,mode_coverage,cwdb_v1,wdrft,20,1.0,1.0,0.0,0.0,0.0,False,False,a871fd7b6ab72544e1f0f317c16cb18551759b575899188c0bfb1d048f9a4a69,63651f1b650ba00f6a69f98bd79b8b8708ada257
main,D0,barycenter_rmse,cwdb_v1,wdrft,20,0.09426130726888117,0.17457971459623148,-0.08031840732735032,0.000975162246944307,1.0,True,False,a871fd7b6ab72544e1f0f317c16cb18551759b575899188c0bfb1d048f9a4a69,63651f1b650ba00f6a69f98bd79b8b8708ada257
main,D1,mean_quantile_rmse,cwdb_v1,wdrft,20,0.16908798792988905,0.15260300783335487,0.01648498009653416,0.003282607148757938,0.1,False,True,a871fd7b6ab72544e1f0f317c16cb18551759b575899188c0bfb1d048f9a4a69,63651f1b650ba00f6a69f98bd79b8b8708ada257
main,D1,kernel_law_error,cwdb_v1,wdrft,20,0.010506073353288223,0.010600652529188515,-9.457917590029062e-05,0.00029943212759048996,0.65,False,False,a871fd7b6ab72544e1f0f317c16cb18551759b575899188c0bfb1d048f9a4a69,63651f1b650ba00f6a69f98bd79b8b8708ada257
main,D1,arm_energy_risk,cwdb_v1,wdrft,20,0.05076428844074869,0.031154608184986506,0.0196096802557622,0.0008958613365937056,0.0,False,True,a871fd7b6ab72544e1f0f317c16cb18551759b575899188c0bfb1d048f9a4a69,63651f1b650ba00f6a69f98bd79b8b8708ada257
main,D1,tcate_functional_rmse,cwdb_v1,wdrft,20,0.05751137066670327,0.0459496195551448,0.011561751111558462,0.0025692100818191584,0.1,False,True,a871fd7b6ab72544e1f0f317c16cb18551759b575899188c0bfb1d048f9a4a69,63651f1b650ba00f6a69f98bd79b8b8708ada257
main,D1,reference_tcate_rmse,cwdb_v1,wdrft,20,0.0515414406852854,0.06597408560604515,-0.014432644920759755,0.003174408014356923,0.8,True,False,a871fd7b6ab72544e1f0f317c16cb18551759b575899188c0bfb1d048f9a4a69,63651f1b650ba00f6a69f98bd79b8b8708ada257
main,D1,reference_effect_rmse,cwdb_v1,wdrft,20,0.023320300714573756,0.019709603213228132,0.003610697501345625,0.0047181562788930174,0.55,False,False,a871fd7b6ab72544e1f0f317c16cb18551759b575899188c0bfb1d048f9a4a69,63651f1b650ba00f6a69f98bd79b8b8708ada257
main,D1,tail_calibration,cwdb_v1,wdrft,20,0.09573655989930109,0.07603216362451265,0.01970439627478843,0.0020623076598401033,0.0,False,True,a871fd7b6ab72544e1f0f317c16cb18551759b575899188c0bfb1d048f9a4a69,63651f1b650ba00f6a69f98bd79b8b8708ada257
main,D1,mode_coverage,cwdb_v1,wdrft,20,1.0,1.0,0.0,0.0,0.0,False,False,a871fd7b6ab72544e1f0f317c16cb18551759b575899188c0bfb1d048f9a4a69,63651f1b650ba00f6a69f98bd79b8b8708ada257
main,D1,barycenter_rmse,cwdb_v1,wdrft,20,0.1899708199034418,0.19348818958748024,-0.0035173696840384446,0.0019558464565758147,0.75,False,False,a871fd7b6ab72544e1f0f317c16cb18551759b575899188c0bfb1d048f9a4a69,63651f1b650ba00f6a69f98bd79b8b8708ada257
main,D2,mean_quantile_rmse,cwdb_v1,wdrft,20,0.12661229486874592,0.09007462646589318,0.03653766840285278,0.003551473327163989,0.05,False,True,a871fd7b6ab72544e1f0f317c16cb18551759b575899188c0bfb1d048f9a4a69,63651f1b650ba00f6a69f98bd79b8b8708ada257
main,D2,kernel_law_error,cwdb_v1,wdrft,20,0.009998470474662093,0.011048017395187805,-0.001049546920525711,0.0002722165223006762,0.85,True,False,a871fd7b6ab72544e1f0f317c16cb18551759b575899188c0bfb1d048f9a4a69,63651f1b650ba00f6a69f98bd79b8b8708ada257
main,D2,arm_energy_risk,cwdb_v1,wdrft,20,0.04688522285434511,0.029127624419374238,0.01775759843497087,0.0009028228133422287,0.0,False,True,a871fd7b6ab72544e1f0f317c16cb18551759b575899188c0bfb1d048f9a4a69,63651f1b650ba00f6a69f98bd79b8b8708ada257
main,D2,tcate_functional_rmse,cwdb_v1,wdrft,20,0.02919561136419479,0.02603785008764045,0.0031577612765543426,0.0020699717474297738,0.4,False,False,a871fd7b6ab72544e1f0f317c16cb18551759b575899188c0bfb1d048f9a4a69,63651f1b650ba00f6a69f98bd79b8b8708ada257
main,D2,reference_tcate_rmse,cwdb_v1,wdrft,20,0.030055849151733156,0.028535209542918986,0.0015206396088141626,0.0021656816720329107,0.35,False,False,a871fd7b6ab72544e1f0f317c16cb18551759b575899188c0bfb1d048f9a4a69,63651f1b650ba00f6a69f98bd79b8b8708ada257
main,D2,reference_effect_rmse,cwdb_v1,wdrft,20,0.0212098059324279,0.01841379790317203,0.0027960080292558733,0.0025303081764445293,0.35,False,False,a871fd7b6ab72544e1f0f317c16cb18551759b575899188c0bfb1d048f9a4a69,63651f1b650ba00f6a69f98bd79b8b8708ada257
main,D2,tail_calibration,cwdb_v1,wdrft,20,0.10606965721446485,0.07462676932857094,0.031442887885893896,0.001625191185107393,0.0,False,True,a871fd7b6ab72544e1f0f317c16cb18551759b575899188c0bfb1d048f9a4a69,63651f1b650ba00f6a69f98bd79b8b8708ada257
main,D2,mode_coverage,cwdb_v1,wdrft,20,1.0,1.0,0.0,0.0,0.0,False,False,a871fd7b6ab72544e1f0f317c16cb18551759b575899188c0bfb1d048f9a4a69,63651f1b650ba00f6a69f98bd79b8b8708ada257
main,D2,barycenter_rmse,cwdb_v1,wdrft,20,0.17565644619724743,0.19188513082420713,-0.016228684626959682,0.0020893892683789745,1.0,True,False,a871fd7b6ab72544e1f0f317c16cb18551759b575899188c0bfb1d048f9a4a69,63651f1b650ba00f6a69f98bd79b8b8708ada257
main,D3,mean_quantile_rmse,cwdb_v1,wdrft,20,0.25895963071397915,0.29331732303685065,-0.034357692322871405,0.0036126870386437807,1.0,True,False,a871fd7b6ab72544e1f0f317c16cb18551759b575899188c0bfb1d048f9a4a69,63651f1b650ba00f6a69f98bd79b8b8708ada257
main,D3,kernel_law_error,cwdb_v1,wdrft,20,0.013254091249217443,0.01248306583010418,0.0007710254191132624,0.00026810847048050804,0.3,False,True,a871fd7b6ab72544e1f0f317c16cb18551759b575899188c0bfb1d048f9a4a69,63651f1b650ba00f6a69f98bd79b8b8708ada257
main,D3,arm_energy_risk,cwdb_v1,wdrft,20,0.05637915993319843,0.03399564308773897,0.02238351684545945,0.0008962927117495109,0.0,False,True,a871fd7b6ab72544e1f0f317c16cb18551759b575899188c0bfb1d048f9a4a69,63651f1b650ba00f6a69f98bd79b8b8708ada257
main,D3,tcate_functional_rmse,cwdb_v1,wdrft,20,0.05974013034779685,0.03119105439500396,0.02854907595279289,0.00236730750997553,0.0,False,True,a871fd7b6ab72544e1f0f317c16cb18551759b575899188c0bfb1d048f9a4a69,63651f1b650ba00f6a69f98bd79b8b8708ada257
main,D3,reference_tcate_rmse,cwdb_v1,wdrft,20,0.0370243776144856,0.026777435871579797,0.010246941742905797,0.0031512969848617113,0.3,False,True,a871fd7b6ab72544e1f0f317c16cb18551759b575899188c0bfb1d048f9a4a69,63651f1b650ba00f6a69f98bd79b8b8708ada257
main,D3,reference_effect_rmse,cwdb_v1,wdrft,20,0.025219499753471562,0.018871535694728724,0.006347964058742836,0.003935148122105736,0.35,False,False,a871fd7b6ab72544e1f0f317c16cb18551759b575899188c0bfb1d048f9a4a69,63651f1b650ba00f6a69f98bd79b8b8708ada257
main,D3,tail_calibration,cwdb_v1,wdrft,20,0.10302400588402512,0.07570670966581129,0.027317296218213834,0.0024491588884362984,0.0,False,True,a871fd7b6ab72544e1f0f317c16cb18551759b575899188c0bfb1d048f9a4a69,63651f1b650ba00f6a69f98bd79b8b8708ada257
main,D3,mode_coverage,cwdb_v1,wdrft,20,1.0,1.0,0.0,0.0,0.0,False,False,a871fd7b6ab72544e1f0f317c16cb18551759b575899188c0bfb1d048f9a4a69,63651f1b650ba00f6a69f98bd79b8b8708ada257
main,D3,barycenter_rmse,cwdb_v1,wdrft,20,0.21146473252843934,0.20505854346071564,0.00640618906772372,0.00183814726908816,0.3,False,True,a871fd7b6ab72544e1f0f317c16cb18551759b575899188c0bfb1d048f9a4a69,63651f1b650ba00f6a69f98bd79b8b8708ada257
main,D4,mean_quantile_rmse,cwdb_v1,wdrft,20,0.17653403868328016,0.11649206077636687,0.06004197790691329,0.005664630005951495,0.0,False,True,a871fd7b6ab72544e1f0f317c16cb18551759b575899188c0bfb1d048f9a4a69,63651f1b650ba00f6a69f98bd79b8b8708ada257
main,D4,kernel_law_error,cwdb_v1,wdrft,20,0.008893507101713268,0.003985719007826457,0.0049077880938868095,0.0001619409686660698,0.0,False,True,a871fd7b6ab72544e1f0f317c16cb18551759b575899188c0bfb1d048f9a4a69,63651f1b650ba00f6a69f98bd79b8b8708ada257
main,D4,arm_energy_risk,cwdb_v1,wdrft,20,0.04966102847118906,0.015754671788136637,0.03390635668305243,0.0006981317468279752,0.0,False,True,a871fd7b6ab72544e1f0f317c16cb18551759b575899188c0bfb1d048f9a4a69,63651f1b650ba00f6a69f98bd79b8b8708ada257
main,D4,tcate_functional_rmse,cwdb_v1,wdrft,20,0.07507750495221813,0.03307305656818021,0.0420044483840379,0.00402846939233012,0.0,False,True,a871fd7b6ab72544e1f0f317c16cb18551759b575899188c0bfb1d048f9a4a69,63651f1b650ba00f6a69f98bd79b8b8708ada257
main,D4,reference_tcate_rmse,cwdb_v1,wdrft,20,0.0609451836020539,0.04423573449428801,0.01670944910776589,0.0027413510858828095,0.1,False,True,a871fd7b6ab72544e1f0f317c16cb18551759b575899188c0bfb1d048f9a4a69,63651f1b650ba00f6a69f98bd79b8b8708ada257
main,D4,reference_effect_rmse,cwdb_v1,wdrft,20,0.02535321613649274,0.01976537917827261,0.00558783695822013,0.004590654866385622,0.55,False,False,a871fd7b6ab72544e1f0f317c16cb18551759b575899188c0bfb1d048f9a4a69,63651f1b650ba00f6a69f98bd79b8b8708ada257
main,D4,tail_calibration,cwdb_v1,wdrft,20,0.07215783180706063,0.03205383138845515,0.040104000418605505,0.0023524526863528857,0.0,False,True,a871fd7b6ab72544e1f0f317c16cb18551759b575899188c0bfb1d048f9a4a69,63651f1b650ba00f6a69f98bd79b8b8708ada257
main,D4,mode_coverage,cwdb_v1,wdrft,20,1.0,1.0,0.0,0.0,0.0,False,False,a871fd7b6ab72544e1f0f317c16cb18551759b575899188c0bfb1d048f9a4a69,63651f1b650ba00f6a69f98bd79b8b8708ada257
main,D4,barycenter_rmse,cwdb_v1,wdrft,20,0.19417351239317265,0.12379259908931879,0.07038091330385388,0.0017992904662847912,0.0,False,True,a871fd7b6ab72544e1f0f317c16cb18551759b575899188c0bfb1d048f9a4a69,63651f1b650ba00f6a69f98bd79b8b8708ada257
main,D5,mean_quantile_rmse,cwdb_v1,wdrft,20,0.15590669007978197,0.10651755020959999,0.049389139870181974,0.0027990310537695097,0.0,False,True,a871fd7b6ab72544e1f0f317c16cb18551759b575899188c0bfb1d048f9a4a69,63651f1b650ba00f6a69f98bd79b8b8708ada257
main,D5,kernel_law_error,cwdb_v1,wdrft,20,0.019954814063472763,0.0310184986775666,-0.011063684614093839,0.000613292612485591,1.0,True,False,a871fd7b6ab72544e1f0f317c16cb18551759b575899188c0bfb1d048f9a4a69,63651f1b650ba00f6a69f98bd79b8b8708ada257
main,D5,arm_energy_risk,cwdb_v1,wdrft,20,0.04853104249202585,0.040104028811145644,0.008427013680880188,0.000774280896907366,0.0,False,True,a871fd7b6ab72544e1f0f317c16cb18551759b575899188c0bfb1d048f9a4a69,63651f1b650ba00f6a69f98bd79b8b8708ada257
main,D5,tcate_functional_rmse,cwdb_v1,wdrft,20,0.037639546856495426,0.02987225238390719,0.007767294472588233,0.0016964520542927044,0.1,False,True,a871fd7b6ab72544e1f0f317c16cb18551759b575899188c0bfb1d048f9a4a69,63651f1b650ba00f6a69f98bd79b8b8708ada257
main,D5,reference_tcate_rmse,cwdb_v1,wdrft,20,0.09605562627484673,0.02795297885544908,0.06810264741939767,0.004587835445331142,0.0,False,True,a871fd7b6ab72544e1f0f317c16cb18551759b575899188c0bfb1d048f9a4a69,63651f1b650ba00f6a69f98bd79b8b8708ada257
main,D5,reference_effect_rmse,cwdb_v1,wdrft,20,0.0937314157627038,0.017163761843633985,0.07656765391906983,0.004773734731907911,0.0,False,True,a871fd7b6ab72544e1f0f317c16cb18551759b575899188c0bfb1d048f9a4a69,63651f1b650ba00f6a69f98bd79b8b8708ada257
main,D5,tail_calibration,cwdb_v1,wdrft,20,0.08066426063511276,0.06445799193812218,0.016206268696990586,0.002571441975995032,0.05,False,True,a871fd7b6ab72544e1f0f317c16cb18551759b575899188c0bfb1d048f9a4a69,63651f1b650ba00f6a69f98bd79b8b8708ada257
main,D5,mode_coverage,cwdb_v1,wdrft,20,1.0,1.0,0.0,0.0,0.0,False,False,a871fd7b6ab72544e1f0f317c16cb18551759b575899188c0bfb1d048f9a4a69,63651f1b650ba00f6a69f98bd79b8b8708ada257
main,D5,barycenter_rmse,cwdb_v1,wdrft,20,0.16482715984201482,0.19055588611719848,-0.025728726275183654,0.001886469751797998,1.0,True,False,a871fd7b6ab72544e1f0f317c16cb18551759b575899188c0bfb1d048f9a4a69,63651f1b650ba00f6a69f98bd79b8b8708ada257
main,D6,mean_quantile_rmse,cwdb_v1,wdrft,20,0.24898064816280266,0.22184522752619693,0.027135420636605713,0.008253149900040706,0.15,False,True,a871fd7b6ab72544e1f0f317c16cb18551759b575899188c0bfb1d048f9a4a69,63651f1b650ba00f6a69f98bd79b8b8708ada257
main,D6,kernel_law_error,cwdb_v1,wdrft,20,0.019097738345714866,0.005900047404888267,0.0131976909408266,0.00043463227017611814,0.0,False,True,a871fd7b6ab72544e1f0f317c16cb18551759b575899188c0bfb1d048f9a4a69,63651f1b650ba00f6a69f98bd79b8b8708ada257
main,D6,arm_energy_risk,cwdb_v1,wdrft,20,0.06964776616093646,0.02633531931919511,0.04331244684174133,0.0010070024756386974,0.0,False,True,a871fd7b6ab72544e1f0f317c16cb18551759b575899188c0bfb1d048f9a4a69,63651f1b650ba00f6a69f98bd79b8b8708ada257
main,D6,tcate_functional_rmse,cwdb_v1,wdrft,20,0.08810047909191858,0.08201597222642341,0.006084506865495162,0.004543392923685977,0.35,False,False,a871fd7b6ab72544e1f0f317c16cb18551759b575899188c0bfb1d048f9a4a69,63651f1b650ba00f6a69f98bd79b8b8708ada257
main,D6,reference_tcate_rmse,cwdb_v1,wdrft,20,0.07462629952820891,0.05438951942539231,0.0202367801028166,0.0065034373511632885,0.25,False,True,a871fd7b6ab72544e1f0f317c16cb18551759b575899188c0bfb1d048f9a4a69,63651f1b650ba00f6a69f98bd79b8b8708ada257
main,D6,reference_effect_rmse,cwdb_v1,wdrft,20,0.048503988345809226,0.024741264921642598,0.023762723424166632,0.006354569500057144,0.2,False,True,a871fd7b6ab72544e1f0f317c16cb18551759b575899188c0bfb1d048f9a4a69,63651f1b650ba00f6a69f98bd79b8b8708ada257
main,D6,tail_calibration,cwdb_v1,wdrft,20,0.08011562685607888,0.05254963415235109,0.02756599270372779,0.002275490596269996,0.0,False,True,a871fd7b6ab72544e1f0f317c16cb18551759b575899188c0bfb1d048f9a4a69,63651f1b650ba00f6a69f98bd79b8b8708ada257
main,D6,mode_coverage,cwdb_v1,wdrft,20,0.9965000000000002,1.0,0.0034999999999999697,0.0009707905080532633,0.0,False,True,a871fd7b6ab72544e1f0f317c16cb18551759b575899188c0bfb1d048f9a4a69,63651f1b650ba00f6a69f98bd79b8b8708ada257
main,D6,barycenter_rmse,cwdb_v1,wdrft,20,0.32437464650664505,0.2357012006699563,0.08867344583668876,0.003269275275171733,0.0,False,True,a871fd7b6ab72544e1f0f317c16cb18551759b575899188c0bfb1d048f9a4a69,63651f1b650ba00f6a69f98bd79b8b8708ada257
main,D7,mean_quantile_rmse,cwdb_v1,wdrft,20,0.12643495852064487,0.0914943205693737,0.034940637951271176,0.003158705604252992,0.05,False,True,a871fd7b6ab72544e1f0f317c16cb18551759b575899188c0bfb1d048f9a4a69,63651f1b650ba00f6a69f98bd79b8b8708ada257
main,D7,kernel_law_error,cwdb_v1,wdrft,20,0.010071229650731806,0.011518031744646254,-0.0014468020939144514,0.00022515852448966507,0.9,True,False,a871fd7b6ab72544e1f0f317c16cb18551759b575899188c0bfb1d048f9a4a69,63651f1b650ba00f6a69f98bd79b8b8708ada257
main,D7,arm_energy_risk,cwdb_v1,wdrft,20,0.04762019457747909,0.030839387738682732,0.016780806838796354,0.0007016249397227728,0.0,False,True,a871fd7b6ab72544e1f0f317c16cb18551759b575899188c0bfb1d048f9a4a69,63651f1b650ba00f6a69f98bd79b8b8708ada257
main,D7,tcate_functional_rmse,cwdb_v1,wdrft,20,0.02834847855052174,0.037247266712637915,-0.008898788162116186,0.0018408156817373781,0.95,True,False,a871fd7b6ab72544e1f0f317c16cb18551759b575899188c0bfb1d048f9a4a69,63651f1b650ba00f6a69f98bd79b8b8708ada257
main,D7,reference_tcate_rmse,cwdb_v1,wdrft,20,0.028925209449849953,0.02860101673873853,0.00032419271111143097,0.002071257621434715,0.4,False,False,a871fd7b6ab72544e1f0f317c16cb18551759b575899188c0bfb1d048f9a4a69,63651f1b650ba00f6a69f98bd79b8b8708ada257
main,D7,reference_effect_rmse,cwdb_v1,wdrft,20,0.020159174370626302,0.01749481316101506,0.0026643612096112386,0.0022724502092523243,0.4,False,False,a871fd7b6ab72544e1f0f317c16cb18551759b575899188c0bfb1d048f9a4a69,63651f1b650ba00f6a69f98bd79b8b8708ada257
main,D7,tail_calibration,cwdb_v1,wdrft,20,0.049885027401544615,0.034198940697564045,0.015686086703980556,0.0009867447095517673,0.0,False,True,a871fd7b6ab72544e1f0f317c16cb18551759b575899188c0bfb1d048f9a4a69,63651f1b650ba00f6a69f98bd79b8b8708ada257
main,D7,mode_coverage,cwdb_v1,wdrft,20,1.0,1.0,0.0,0.0,0.0,False,False,a871fd7b6ab72544e1f0f317c16cb18551759b575899188c0bfb1d048f9a4a69,63651f1b650ba00f6a69f98bd79b8b8708ada257
main,D7,barycenter_rmse,cwdb_v1,wdrft,20,0.17509485712771417,0.19623409296009492,-0.021139235832380792,0.0018141905560166327,1.0,True,False,a871fd7b6ab72544e1f0f317c16cb18551759b575899188c0bfb1d048f9a4a69,63651f1b650ba00f6a69f98bd79b8b8708ada257
main,D8,mean_quantile_rmse,cwdb_v1,wdrft,20,0.17414614936570544,0.19942781849436103,-0.025281669128655638,0.006134411471209141,0.9,True,False,a871fd7b6ab72544e1f0f317c16cb18551759b575899188c0bfb1d048f9a4a69,63651f1b650ba00f6a69f98bd79b8b8708ada257
main,D8,kernel_law_error,cwdb_v1,wdrft,20,0.015168889017442237,0.033287986961132485,-0.01811909794369024,0.0005395939275679903,1.0,True,False,a871fd7b6ab72544e1f0f317c16cb18551759b575899188c0bfb1d048f9a4a69,63651f1b650ba00f6a69f98bd79b8b8708ada257
main,D8,arm_energy_risk,cwdb_v1,wdrft,20,0.0633848048914663,0.0870816872871736,-0.023696882395707268,0.0011988887730242197,1.0,True,False,a871fd7b6ab72544e1f0f317c16cb18551759b575899188c0bfb1d048f9a4a69,63651f1b650ba00f6a69f98bd79b8b8708ada257
main,D8,tcate_functional_rmse,cwdb_v1,wdrft,20,0.0549608885375482,0.053367093072932345,0.0015937954646158456,0.004633503322868046,0.65,False,False,a871fd7b6ab72544e1f0f317c16cb18551759b575899188c0bfb1d048f9a4a69,63651f1b650ba00f6a69f98bd79b8b8708ada257
main,D8,reference_tcate_rmse,cwdb_v1,wdrft,20,0.04537988150254972,0.07790845094702008,-0.03252856944447037,0.003505506965921127,0.95,True,False,a871fd7b6ab72544e1f0f317c16cb18551759b575899188c0bfb1d048f9a4a69,63651f1b650ba00f6a69f98bd79b8b8708ada257
main,D8,reference_effect_rmse,cwdb_v1,wdrft,20,0.024776659358831197,0.04373277799947404,-0.018956118640642845,0.006827916411017574,0.7,True,False,a871fd7b6ab72544e1f0f317c16cb18551759b575899188c0bfb1d048f9a4a69,63651f1b650ba00f6a69f98bd79b8b8708ada257
main,D8,tail_calibration,cwdb_v1,wdrft,20,0.09577438925567325,0.10302283397343126,-0.007248444717758015,0.0035724868120293905,0.65,True,False,a871fd7b6ab72544e1f0f317c16cb18551759b575899188c0bfb1d048f9a4a69,63651f1b650ba00f6a69f98bd79b8b8708ada257
main,D8,mode_coverage,cwdb_v1,wdrft,20,1.0,1.0,0.0,0.0,0.0,False,False,a871fd7b6ab72544e1f0f317c16cb18551759b575899188c0bfb1d048f9a4a69,63651f1b650ba00f6a69f98bd79b8b8708ada257
main,D8,barycenter_rmse,cwdb_v1,wdrft,20,0.25119048023972856,0.37123734820693066,-0.12004686796720213,0.002524806432364923,1.0,True,False,a871fd7b6ab72544e1f0f317c16cb18551759b575899188c0bfb1d048f9a4a69,63651f1b650ba00f6a69f98bd79b8b8708ada257
main,D9,mean_quantile_rmse,cwdb_v1,wdrft,20,0.22113059860197967,0.19102077449885413,0.030109824103125606,0.005837709804212555,0.05,False,True,a871fd7b6ab72544e1f0f317c16cb18551759b575899188c0bfb1d048f9a4a69,63651f1b650ba00f6a69f98bd79b8b8708ada257
main,D9,kernel_law_error,cwdb_v1,wdrft,20,0.012858325161172631,0.012829368591847435,2.8956569325199257e-05,0.0003656087602005557,0.5,False,False,a871fd7b6ab72544e1f0f317c16cb18551759b575899188c0bfb1d048f9a4a69,63651f1b650ba00f6a69f98bd79b8b8708ada257
main,D9,arm_energy_risk,cwdb_v1,wdrft,20,0.053898775141556596,0.03675942668452915,0.017139348457027442,0.0011036301552503373,0.0,False,True,a871fd7b6ab72544e1f0f317c16cb18551759b575899188c0bfb1d048f9a4a69,63651f1b650ba00f6a69f98bd79b8b8708ada257
main,D9,tcate_functional_rmse,cwdb_v1,wdrft,20,0.09584852907094996,0.0786867163821507,0.01716181268879923,0.004776614160880131,0.2,False,True,a871fd7b6ab72544e1f0f317c16cb18551759b575899188c0bfb1d048f9a4a69,63651f1b650ba00f6a69f98bd79b8b8708ada257
main,D9,reference_tcate_rmse,cwdb_v1,wdrft,20,0.06630906976506351,0.07621776629256943,-0.009908696527505917,0.004734443162305743,0.6,True,False,a871fd7b6ab72544e1f0f317c16cb18551759b575899188c0bfb1d048f9a4a69,63651f1b650ba00f6a69f98bd79b8b8708ada257
main,D9,reference_effect_rmse,cwdb_v1,wdrft,20,0.031379251460091545,0.02038404833560743,0.010995203124484113,0.006022676575182899,0.25,False,False,a871fd7b6ab72544e1f0f317c16cb18551759b575899188c0bfb1d048f9a4a69,63651f1b650ba00f6a69f98bd79b8b8708ada257
main,D9,tail_calibration,cwdb_v1,wdrft,20,0.10246485449926464,0.0939492847297096,0.008515569769555042,0.002317285864790317,0.25,False,True,a871fd7b6ab72544e1f0f317c16cb18551759b575899188c0bfb1d048f9a4a69,63651f1b650ba00f6a69f98bd79b8b8708ada257
main,D9,mode_coverage,cwdb_v1,wdrft,20,1.0,1.0,0.0,0.0,0.0,False,False,a871fd7b6ab72544e1f0f317c16cb18551759b575899188c0bfb1d048f9a4a69,63651f1b650ba00f6a69f98bd79b8b8708ada257
main,D9,barycenter_rmse,cwdb_v1,wdrft,20,0.21302486415032784,0.21415329324633445,-0.0011284290960065558,0.003056036544752609,0.45,False,False,a871fd7b6ab72544e1f0f317c16cb18551759b575899188c0bfb1d048f9a4a69,63651f1b650ba00f6a69f98bd79b8b8708ada257
main,D0,mean_quantile_rmse,cwdb_v1,pta_s,20,0.10130602854464825,0.04647461369559554,0.05483141484905272,0.0016708029238245838,0.0,False,True,a871fd7b6ab72544e1f0f317c16cb18551759b575899188c0bfb1d048f9a4a69,63651f1b650ba00f6a69f98bd79b8b8708ada257
main,D0,tcate_functional_rmse,cwdb_v1,pta_s,20,0.045027846202563546,0.0047437162019478086,0.04028413000061574,0.0013934489317532545,0.0,False,True,a871fd7b6ab72544e1f0f317c16cb18551759b575899188c0bfb1d048f9a4a69,63651f1b650ba00f6a69f98bd79b8b8708ada257
main,D0,reference_tcate_rmse,cwdb_v1,pta_s,20,0.05230134641351179,0.011044215491965196,0.041257130921546606,0.002106609167030597,0.0,False,True,a871fd7b6ab72544e1f0f317c16cb18551759b575899188c0bfb1d048f9a4a69,63651f1b650ba00f6a69f98bd79b8b8708ada257
main,D0,reference_effect_rmse,cwdb_v1,pta_s,20,0.03948068574827447,0.0038800992262787632,0.03560058652199571,0.0023582851603818067,0.0,False,True,a871fd7b6ab72544e1f0f317c16cb18551759b575899188c0bfb1d048f9a4a69,63651f1b650ba00f6a69f98bd79b8b8708ada257
main,D0,barycenter_rmse,cwdb_v1,pta_s,20,0.09426130726888117,0.045893933969926505,0.048367373298954665,0.0008416465899461108,0.0,False,True,a871fd7b6ab72544e1f0f317c16cb18551759b575899188c0bfb1d048f9a4a69,63651f1b650ba00f6a69f98bd79b8b8708ada257
main,D1,mean_quantile_rmse,cwdb_v1,pta_s,20,0.16908798792988905,0.13063186054569245,0.03845612738419658,0.0026066298021929554,0.0,False,True,a871fd7b6ab72544e1f0f317c16cb18551759b575899188c0bfb1d048f9a4a69,63651f1b650ba00f6a69f98bd79b8b8708ada257
main,D1,tcate_functional_rmse,cwdb_v1,pta_s,20,0.05751137066670327,0.03538203351205335,0.022129337154649913,0.0031060120312425177,0.05,False,True,a871fd7b6ab72544e1f0f317c16cb18551759b575899188c0bfb1d048f9a4a69,63651f1b650ba00f6a69f98bd79b8b8708ada257
main,D1,reference_tcate_rmse,cwdb_v1,pta_s,20,0.0515414406852854,0.049869415124136354,0.001672025561149038,0.0035512899042523297,0.55,False,False,a871fd7b6ab72544e1f0f317c16cb18551759b575899188c0bfb1d048f9a4a69,63651f1b650ba00f6a69f98bd79b8b8708ada257
main,D1,reference_effect_rmse,cwdb_v1,pta_s,20,0.023320300714573756,0.018606125389806195,0.004714175324767564,0.004665832055686477,0.4,False,False,a871fd7b6ab72544e1f0f317c16cb18551759b575899188c0bfb1d048f9a4a69,63651f1b650ba00f6a69f98bd79b8b8708ada257
main,D1,barycenter_rmse,cwdb_v1,pta_s,20,0.1899708199034418,0.13415428864480639,0.05581653125863543,0.001780190353855094,0.0,False,True,a871fd7b6ab72544e1f0f317c16cb18551759b575899188c0bfb1d048f9a4a69,63651f1b650ba00f6a69f98bd79b8b8708ada257
main,D2,mean_quantile_rmse,cwdb_v1,pta_s,20,0.12661229486874592,0.048189644980821775,0.07842264988792418,0.0027740616812825065,0.0,False,True,a871fd7b6ab72544e1f0f317c16cb18551759b575899188c0bfb1d048f9a4a69,63651f1b650ba00f6a69f98bd79b8b8708ada257
main,D2,tcate_functional_rmse,cwdb_v1,pta_s,20,0.02919561136419479,0.02144631652999063,0.0077492948342041635,0.0021799386041774435,0.15,False,True,a871fd7b6ab72544e1f0f317c16cb18551759b575899188c0bfb1d048f9a4a69,63651f1b650ba00f6a69f98bd79b8b8708ada257
main,D2,reference_tcate_rmse,cwdb_v1,pta_s,20,0.030055849151733156,0.020838175245099306,0.009217673906633844,0.0029786793413203085,0.2,False,True,a871fd7b6ab72544e1f0f317c16cb18551759b575899188c0bfb1d048f9a4a69,63651f1b650ba00f6a69f98bd79b8b8708ada257
main,D2,reference_effect_rmse,cwdb_v1,pta_s,20,0.0212098059324279,0.016956838731104144,0.004252967201323754,0.0032328067153752408,0.3,False,False,a871fd7b6ab72544e1f0f317c16cb18551759b575899188c0bfb1d048f9a4a69,63651f1b650ba00f6a69f98bd79b8b8708ada257
main,D2,barycenter_rmse,cwdb_v1,pta_s,20,0.17565644619724743,0.11730397814048363,0.05835246805676379,0.0016637210722124382,0.0,False,True,a871fd7b6ab72544e1f0f317c16cb18551759b575899188c0bfb1d048f9a4a69,63651f1b650ba00f6a69f98bd79b8b8708ada257
main,D3,mean_quantile_rmse,cwdb_v1,pta_s,20,0.25895963071397915,0.26109598432461334,-0.0021363536106341536,0.00242943624615965,0.55,False,False,a871fd7b6ab72544e1f0f317c16cb18551759b575899188c0bfb1d048f9a4a69,63651f1b650ba00f6a69f98bd79b8b8708ada257
main,D3,tcate_functional_rmse,cwdb_v1,pta_s,20,0.05974013034779685,0.0401872298779396,0.01955290046985724,0.002540062509156044,0.05,False,True,a871fd7b6ab72544e1f0f317c16cb18551759b575899188c0bfb1d048f9a4a69,63651f1b650ba00f6a69f98bd79b8b8708ada257
main,D3,reference_tcate_rmse,cwdb_v1,pta_s,20,0.0370243776144856,0.035123716600258634,0.0019006610142269624,0.003933150071030228,0.6,False,False,a871fd7b6ab72544e1f0f317c16cb18551759b575899188c0bfb1d048f9a4a69,63651f1b650ba00f6a69f98bd79b8b8708ada257
main,D3,reference_effect_rmse,cwdb_v1,pta_s,20,0.025219499753471562,0.019785626961390294,0.005433872792081273,0.003973531717342299,0.4,False,False,a871fd7b6ab72544e1f0f317c16cb18551759b575899188c0bfb1d048f9a4a69,63651f1b650ba00f6a69f98bd79b8b8708ada257
main,D3,barycenter_rmse,cwdb_v1,pta_s,20,0.21146473252843934,0.17527662794209842,0.036188104586340954,0.0015278552411099311,0.0,False,True,a871fd7b6ab72544e1f0f317c16cb18551759b575899188c0bfb1d048f9a4a69,63651f1b650ba00f6a69f98bd79b8b8708ada257
main,D4,mean_quantile_rmse,cwdb_v1,pta_s,20,0.17653403868328016,0.12255286532517326,0.053981173358106885,0.004703670858974507,0.0,False,True,a871fd7b6ab72544e1f0f317c16cb18551759b575899188c0bfb1d048f9a4a69,63651f1b650ba00f6a69f98bd79b8b8708ada257
main,D4,tcate_functional_rmse,cwdb_v1,pta_s,20,0.07507750495221813,0.040395486595983576,0.03468201835623454,0.0036703481751979962,0.0,False,True,a871fd7b6ab72544e1f0f317c16cb18551759b575899188c0bfb1d048f9a4a69,63651f1b650ba00f6a69f98bd79b8b8708ada257
main,D4,reference_tcate_rmse,cwdb_v1,pta_s,20,0.0609451836020539,0.04700536300971504,0.013939820592338859,0.003365088575061461,0.3,False,True,a871fd7b6ab72544e1f0f317c16cb18551759b575899188c0bfb1d048f9a4a69,63651f1b650ba00f6a69f98bd79b8b8708ada257
main,D4,reference_effect_rmse,cwdb_v1,pta_s,20,0.02535321613649274,0.01847980138140736,0.0068734147550853775,0.004317006556682384,0.5,False,False,a871fd7b6ab72544e1f0f317c16cb18551759b575899188c0bfb1d048f9a4a69,63651f1b650ba00f6a69f98bd79b8b8708ada257
main,D4,barycenter_rmse,cwdb_v1,pta_s,20,0.19417351239317265,0.1235119009548202,0.07066161143835245,0.001995187130524531,0.0,False,True,a871fd7b6ab72544e1f0f317c16cb18551759b575899188c0bfb1d048f9a4a69,63651f1b650ba00f6a69f98bd79b8b8708ada257
main,D5,mean_quantile_rmse,cwdb_v1,pta_s,20,0.15590669007978197,0.04011982351297159,0.11578686656681039,0.002428905059024367,0.0,False,True,a871fd7b6ab72544e1f0f317c16cb18551759b575899188c0bfb1d048f9a4a69,63651f1b650ba00f6a69f98bd79b8b8708ada257
main,D5,tcate_functional_rmse,cwdb_v1,pta_s,20,0.037639546856495426,0.016686244633185025,0.020953302223310405,0.002118097636384715,0.0,False,True,a871fd7b6ab72544e1f0f317c16cb18551759b575899188c0bfb1d048f9a4a69,63651f1b650ba00f6a69f98bd79b8b8708ada257
main,D5,reference_tcate_rmse,cwdb_v1,pta_s,20,0.09605562627484673,0.024007378006471063,0.07204824826837566,0.0049982810598446165,0.0,False,True,a871fd7b6ab72544e1f0f317c16cb18551759b575899188c0bfb1d048f9a4a69,63651f1b650ba00f6a69f98bd79b8b8708ada257
main,D5,reference_effect_rmse,cwdb_v1,pta_s,20,0.0937314157627038,0.01857112410924051,0.0751602916534633,0.005378750919171536,0.0,False,True,a871fd7b6ab72544e1f0f317c16cb18551759b575899188c0bfb1d048f9a4a69,63651f1b650ba00f6a69f98bd79b8b8708ada257
main,D5,barycenter_rmse,cwdb_v1,pta_s,20,0.16482715984201482,0.12357051725209833,0.04125664258991649,0.0016552840737893329,0.0,False,True,a871fd7b6ab72544e1f0f317c16cb18551759b575899188c0bfb1d048f9a4a69,63651f1b650ba00f6a69f98bd79b8b8708ada257
main,D6,mean_quantile_rmse,cwdb_v1,pta_s,20,0.24898064816280266,0.21397053070580324,0.035010117456999355,0.008290114711277339,0.2,False,True,a871fd7b6ab72544e1f0f317c16cb18551759b575899188c0bfb1d048f9a4a69,63651f1b650ba00f6a69f98bd79b8b8708ada257
main,D6,tcate_functional_rmse,cwdb_v1,pta_s,20,0.08810047909191858,0.0868542888536898,0.0012461902382287966,0.004614388362902536,0.5,False,False,a871fd7b6ab72544e1f0f317c16cb18551759b575899188c0bfb1d048f9a4a69,63651f1b650ba00f6a69f98bd79b8b8708ada257
main,D6,reference_tcate_rmse,cwdb_v1,pta_s,20,0.07462629952820891,0.040497007883306124,0.03412929164490279,0.006488429004825712,0.1,False,True,a871fd7b6ab72544e1f0f317c16cb18551759b575899188c0bfb1d048f9a4a69,63651f1b650ba00f6a69f98bd79b8b8708ada257
main,D6,reference_effect_rmse,cwdb_v1,pta_s,20,0.048503988345809226,0.024342020382400582,0.024161967963408644,0.007443358042883382,0.2,False,True,a871fd7b6ab72544e1f0f317c16cb18551759b575899188c0bfb1d048f9a4a69,63651f1b650ba00f6a69f98bd79b8b8708ada257
main,D6,barycenter_rmse,cwdb_v1,pta_s,20,0.32437464650664505,0.25847043388689295,0.06590421261975202,0.00409121488995804,0.0,False,True,a871fd7b6ab72544e1f0f317c16cb18551759b575899188c0bfb1d048f9a4a69,63651f1b650ba00f6a69f98bd79b8b8708ada257
main,D7,mean_quantile_rmse,cwdb_v1,pta_s,20,0.12643495852064487,0.05636524156597187,0.070069716954673,0.0020480903636086595,0.0,False,True,a871fd7b6ab72544e1f0f317c16cb18551759b575899188c0bfb1d048f9a4a69,63651f1b650ba00f6a69f98bd79b8b8708ada257
main,D7,tcate_functional_rmse,cwdb_v1,pta_s,20,0.02834847855052174,0.019986012657876,0.008362465892645733,0.002047335138764784,0.2,False,True,a871fd7b6ab72544e1f0f317c16cb18551759b575899188c0bfb1d048f9a4a69,63651f1b650ba00f6a69f98bd79b8b8708ada257
main,D7,reference_tcate_rmse,cwdb_v1,pta_s,20,0.028925209449849953,0.022900311166647848,0.006024898283202111,0.0024222173662026523,0.25,False,True,a871fd7b6ab72544e1f0f317c16cb18551759b575899188c0bfb1d048f9a4a69,63651f1b650ba00f6a69f98bd79b8b8708ada257
main,D7,reference_effect_rmse,cwdb_v1,pta_s,20,0.020159174370626302,0.015599701552350687,0.004559472818275616,0.0023515364834577985,0.35,False,False,a871fd7b6ab72544e1f0f317c16cb18551759b575899188c0bfb1d048f9a4a69,63651f1b650ba00f6a69f98bd79b8b8708ada257
main,D7,barycenter_rmse,cwdb_v1,pta_s,20,0.17509485712771417,0.11782304144051492,0.057271815687199225,0.0015343325795525854,0.0,False,True,a871fd7b6ab72544e1f0f317c16cb18551759b575899188c0bfb1d048f9a4a69,63651f1b650ba00f6a69f98bd79b8b8708ada257
main,D8,mean_quantile_rmse,cwdb_v1,pta_s,20,0.17414614936570544,0.08481388724608219,0.08933226211962322,0.006581633578941385,0.0,False,True,a871fd7b6ab72544e1f0f317c16cb18551759b575899188c0bfb1d048f9a4a69,63651f1b650ba00f6a69f98bd79b8b8708ada257
main,D8,tcate_functional_rmse,cwdb_v1,pta_s,20,0.0549608885375482,0.03563222693434302,0.019328661603205156,0.0055648487611484445,0.25,False,True,a871fd7b6ab72544e1f0f317c16cb18551759b575899188c0bfb1d048f9a4a69,63651f1b650ba00f6a69f98bd79b8b8708ada257
main,D8,reference_tcate_rmse,cwdb_v1,pta_s,20,0.04537988150254972,0.04968414740815501,-0.004304265905605292,0.0031204967408868874,0.6,False,False,a871fd7b6ab72544e1f0f317c16cb18551759b575899188c0bfb1d048f9a4a69,63651f1b650ba00f6a69f98bd79b8b8708ada257
main,D8,reference_effect_rmse,cwdb_v1,pta_s,20,0.024776659358831197,0.033744408750325965,-0.008967749391494775,0.005833424304544155,0.65,False,False,a871fd7b6ab72544e1f0f317c16cb18551759b575899188c0bfb1d048f9a4a69,63651f1b650ba00f6a69f98bd79b8b8708ada257
main,D8,barycenter_rmse,cwdb_v1,pta_s,20,0.25119048023972856,0.17440262541317073,0.07678785482655781,0.0019946432325665597,0.0,False,True,a871fd7b6ab72544e1f0f317c16cb18551759b575899188c0bfb1d048f9a4a69,63651f1b650ba00f6a69f98bd79b8b8708ada257
main,D9,mean_quantile_rmse,cwdb_v1,pta_s,20,0.22113059860197967,0.17272110609849314,0.0484094925034866,0.00592515124412137,0.0,False,True,a871fd7b6ab72544e1f0f317c16cb18551759b575899188c0bfb1d048f9a4a69,63651f1b650ba00f6a69f98bd79b8b8708ada257
main,D9,tcate_functional_rmse,cwdb_v1,pta_s,20,0.09584852907094996,0.06432084328119067,0.03152768578975927,0.0053022487833212055,0.05,False,True,a871fd7b6ab72544e1f0f317c16cb18551759b575899188c0bfb1d048f9a4a69,63651f1b650ba00f6a69f98bd79b8b8708ada257
main,D9,reference_tcate_rmse,cwdb_v1,pta_s,20,0.06630906976506351,0.0852013677310898,-0.018892297966026268,0.006204841065092066,0.75,True,False,a871fd7b6ab72544e1f0f317c16cb18551759b575899188c0bfb1d048f9a4a69,63651f1b650ba00f6a69f98bd79b8b8708ada257
main,D9,reference_effect_rmse,cwdb_v1,pta_s,20,0.031379251460091545,0.034633625552700484,-0.0032543740926089444,0.006646943845420359,0.45,False,False,a871fd7b6ab72544e1f0f317c16cb18551759b575899188c0bfb1d048f9a4a69,63651f1b650ba00f6a69f98bd79b8b8708ada257
main,D9,barycenter_rmse,cwdb_v1,pta_s,20,0.21302486415032784,0.15953080973892292,0.053494054411404944,0.003243020634974356,0.0,False,True,a871fd7b6ab72544e1f0f317c16cb18551759b575899188c0bfb1d048f9a4a69,63651f1b650ba00f6a69f98bd79b8b8708ada257
main,D0,mean_quantile_rmse,cwdb_v1,cwdb_v0,20,0.10130602854464825,0.11591326309146124,-0.014607234546812994,0.0014843613778043841,1.0,True,False,a871fd7b6ab72544e1f0f317c16cb18551759b575899188c0bfb1d048f9a4a69,63651f1b650ba00f6a69f98bd79b8b8708ada257
main,D0,kernel_law_error,cwdb_v1,cwdb_v0,20,0.020503958518921013,0.026044703875183733,-0.005540745356262716,0.0007153761722165887,0.95,True,False,a871fd7b6ab72544e1f0f317c16cb18551759b575899188c0bfb1d048f9a4a69,63651f1b650ba00f6a69f98bd79b8b8708ada257
main,D0,arm_energy_risk,cwdb_v1,cwdb_v0,20,0.05025091161616248,0.05536605529023335,-0.005115143674070873,0.0006569804415314198,0.95,True,False,a871fd7b6ab72544e1f0f317c16cb18551759b575899188c0bfb1d048f9a4a69,63651f1b650ba00f6a69f98bd79b8b8708ada257
main,D0,tcate_functional_rmse,cwdb_v1,cwdb_v0,20,0.045027846202563546,0.03811611213939803,0.0069117340631655215,0.0014576662731300032,0.15,False,True,a871fd7b6ab72544e1f0f317c16cb18551759b575899188c0bfb1d048f9a4a69,63651f1b650ba00f6a69f98bd79b8b8708ada257
main,D0,reference_tcate_rmse,cwdb_v1,cwdb_v0,20,0.05230134641351179,0.03674623198464401,0.015555114428867797,0.0014682705936242197,0.0,False,True,a871fd7b6ab72544e1f0f317c16cb18551759b575899188c0bfb1d048f9a4a69,63651f1b650ba00f6a69f98bd79b8b8708ada257
main,D0,reference_effect_rmse,cwdb_v1,cwdb_v0,20,0.03948068574827447,0.028609804703792336,0.010870881044482139,0.001598992313123357,0.05,False,True,a871fd7b6ab72544e1f0f317c16cb18551759b575899188c0bfb1d048f9a4a69,63651f1b650ba00f6a69f98bd79b8b8708ada257
main,D0,tail_calibration,cwdb_v1,cwdb_v0,20,0.0673,0.0653625,0.001937499999999996,0.0020503429591168408,0.5,False,False,a871fd7b6ab72544e1f0f317c16cb18551759b575899188c0bfb1d048f9a4a69,63651f1b650ba00f6a69f98bd79b8b8708ada257
main,D0,mode_coverage,cwdb_v1,cwdb_v0,20,1.0,1.0,0.0,0.0,0.0,False,False,a871fd7b6ab72544e1f0f317c16cb18551759b575899188c0bfb1d048f9a4a69,63651f1b650ba00f6a69f98bd79b8b8708ada257
main,D0,barycenter_rmse,cwdb_v1,cwdb_v0,20,0.09426130726888117,0.10243185600770903,-0.00817054873882786,0.0008443810692282134,1.0,True,False,a871fd7b6ab72544e1f0f317c16cb18551759b575899188c0bfb1d048f9a4a69,63651f1b650ba00f6a69f98bd79b8b8708ada257
main,D1,mean_quantile_rmse,cwdb_v1,cwdb_v0,20,0.16908798792988905,0.28138017490675643,-0.11229218697686742,0.0030739189670299307,1.0,True,False,a871fd7b6ab72544e1f0f317c16cb18551759b575899188c0bfb1d048f9a4a69,63651f1b650ba00f6a69f98bd79b8b8708ada257
main,D1,kernel_law_error,cwdb_v1,cwdb_v0,20,0.010506073353288223,0.013528296612979388,-0.0030222232596911662,0.0002160193719420326,1.0,True,False,a871fd7b6ab72544e1f0f317c16cb18551759b575899188c0bfb1d048f9a4a69,63651f1b650ba00f6a69f98bd79b8b8708ada257
main,D1,arm_energy_risk,cwdb_v1,cwdb_v0,20,0.05076428844074869,0.0669259483368991,-0.01616165989615042,0.0008130470052700964,1.0,True,False,a871fd7b6ab72544e1f0f317c16cb18551759b575899188c0bfb1d048f9a4a69,63651f1b650ba00f6a69f98bd79b8b8708ada257
main,D1,tcate_functional_rmse,cwdb_v1,cwdb_v0,20,0.05751137066670327,0.04292957658845539,0.014581794078247879,0.0014711386940760808,0.0,False,True,a871fd7b6ab72544e1f0f317c16cb18551759b575899188c0bfb1d048f9a4a69,63651f1b650ba00f6a69f98bd79b8b8708ada257
main,D1,reference_tcate_rmse,cwdb_v1,cwdb_v0,20,0.0515414406852854,0.04219010444714253,0.009351336238142867,0.0029732705217817485,0.25,False,True,a871fd7b6ab72544e1f0f317c16cb18551759b575899188c0bfb1d048f9a4a69,63651f1b650ba00f6a69f98bd79b8b8708ada257
main,D1,reference_effect_rmse,cwdb_v1,cwdb_v0,20,0.023320300714573756,0.023694411883171368,-0.00037411116859761004,0.0019712890772672527,0.5,False,False,a871fd7b6ab72544e1f0f317c16cb18551759b575899188c0bfb1d048f9a4a69,63651f1b650ba00f6a69f98bd79b8b8708ada257
main,D1,tail_calibration,cwdb_v1,cwdb_v0,20,0.09573655989930109,0.11093298004365382,-0.015196420144352712,0.0011464335215528357,1.0,True,False,a871fd7b6ab72544e1f0f317c16cb18551759b575899188c0bfb1d048f9a4a69,63651f1b650ba00f6a69f98bd79b8b8708ada257
main,D1,mode_coverage,cwdb_v1,cwdb_v0,20,1.0,1.0,0.0,0.0,0.0,False,False,a871fd7b6ab72544e1f0f317c16cb18551759b575899188c0bfb1d048f9a4a69,63651f1b650ba00f6a69f98bd79b8b8708ada257
main,D1,barycenter_rmse,cwdb_v1,cwdb_v0,20,0.1899708199034418,0.21544971459376994,-0.025478894690328137,0.0013960528654519359,1.0,True,False,a871fd7b6ab72544e1f0f317c16cb18551759b575899188c0bfb1d048f9a4a69,63651f1b650ba00f6a69f98bd79b8b8708ada257
main,D2,mean_quantile_rmse,cwdb_v1,cwdb_v0,20,0.12661229486874592,0.2753517919312872,-0.1487394970625413,0.002393656465922644,1.0,True,False,a871fd7b6ab72544e1f0f317c16cb18551759b575899188c0bfb1d048f9a4a69,63651f1b650ba00f6a69f98bd79b8b8708ada257
main,D2,kernel_law_error,cwdb_v1,cwdb_v0,20,0.009998470474662093,0.013963866497562094,-0.0039653960229,0.00018091142085193757,1.0,True,False,a871fd7b6ab72544e1f0f317c16cb18551759b575899188c0bfb1d048f9a4a69,63651f1b650ba00f6a69f98bd79b8b8708ada257
main,D2,arm_energy_risk,cwdb_v1,cwdb_v0,20,0.04688522285434511,0.06507884419714925,-0.018193621342804157,0.0005786488357384359,1.0,True,False,a871fd7b6ab72544e1f0f317c16cb18551759b575899188c0bfb1d048f9a4a69,63651f1b650ba00f6a69f98bd79b8b8708ada257
main,D2,tcate_functional_rmse,cwdb_v1,cwdb_v0,20,0.02919561136419479,0.032245559739679644,-0.003049948375484856,0.0013092644386729824,0.7,True,False,a871fd7b6ab72544e1f0f317c16cb18551759b575899188c0bfb1d048f9a4a69,63651f1b650ba00f6a69f98bd79b8b8708ada257
main,D2,reference_tcate_rmse,cwdb_v1,cwdb_v0,20,0.030055849151733156,0.03807558280951598,-0.008019733657782833,0.002288578206804431,0.8,True,False,a871fd7b6ab72544e1f0f317c16cb18551759b575899188c0bfb1d048f9a4a69,63651f1b650ba00f6a69f98bd79b8b8708ada257
main,D2,reference_effect_rmse,cwdb_v1,cwdb_v0,20,0.0212098059324279,0.024791285862772086,-0.003581479930344189,0.0018814749053746112,0.7,False,False,a871fd7b6ab72544e1f0f317c16cb18551759b575899188c0bfb1d048f9a4a69,63651f1b650ba00f6a69f98bd79b8b8708ada257
main,D2,tail_calibration,cwdb_v1,cwdb_v0,20,0.10606965721446485,0.1255960613322531,-0.01952640411778823,0.0011855023484900215,1.0,True,False,a871fd7b6ab72544e1f0f317c16cb18551759b575899188c0bfb1d048f9a4a69,63651f1b650ba00f6a69f98bd79b8b8708ada257
main,D2,mode_coverage,cwdb_v1,cwdb_v0,20,1.0,1.0,0.0,0.0,0.0,False,False,a871fd7b6ab72544e1f0f317c16cb18551759b575899188c0bfb1d048f9a4a69,63651f1b650ba00f6a69f98bd79b8b8708ada257
main,D2,barycenter_rmse,cwdb_v1,cwdb_v0,20,0.17565644619724743,0.20883853840175162,-0.03318209220450421,0.0012321917612188632,1.0,True,False,a871fd7b6ab72544e1f0f317c16cb18551759b575899188c0bfb1d048f9a4a69,63651f1b650ba00f6a69f98bd79b8b8708ada257
main,D3,mean_quantile_rmse,cwdb_v1,cwdb_v0,20,0.25895963071397915,0.2909531740039384,-0.031993543289959125,0.0035579524161502025,1.0,True,False,a871fd7b6ab72544e1f0f317c16cb18551759b575899188c0bfb1d048f9a4a69,63651f1b650ba00f6a69f98bd79b8b8708ada257
main,D3,kernel_law_error,cwdb_v1,cwdb_v0,20,0.013254091249217443,0.013329835429330455,-7.574418011301502e-05,0.00031919033352807095,0.6,False,False,a871fd7b6ab72544e1f0f317c16cb18551759b575899188c0bfb1d048f9a4a69,63651f1b650ba00f6a69f98bd79b8b8708ada257
main,D3,arm_energy_risk,cwdb_v1,cwdb_v0,20,0.05637915993319843,0.06530352335853817,-0.008924363425339744,0.0010988660718842156,0.95,True,False,a871fd7b6ab72544e1f0f317c16cb18551759b575899188c0bfb1d048f9a4a69,63651f1b650ba00f6a69f98bd79b8b8708ada257
main,D3,tcate_functional_rmse,cwdb_v1,cwdb_v0,20,0.05974013034779685,0.0428620007569327,0.016878129590864134,0.0019926138979686125,0.1,False,True,a871fd7b6ab72544e1f0f317c16cb18551759b575899188c0bfb1d048f9a4a69,63651f1b650ba00f6a69f98bd79b8b8708ada257
main,D3,reference_tcate_rmse,cwdb_v1,cwdb_v0,20,0.0370243776144856,0.029465948928532538,0.007558428685953059,0.0019310425797694902,0.25,False,True,a871fd7b6ab72544e1f0f317c16cb18551759b575899188c0bfb1d048f9a4a69,63651f1b650ba00f6a69f98bd79b8b8708ada257
main,D3,reference_effect_rmse,cwdb_v1,cwdb_v0,20,0.025219499753471562,0.01865327365231387,0.00656622610115769,0.0026069569886940044,0.3,False,True,a871fd7b6ab72544e1f0f317c16cb18551759b575899188c0bfb1d048f9a4a69,63651f1b650ba00f6a69f98bd79b8b8708ada257
main,D3,tail_calibration,cwdb_v1,cwdb_v0,20,0.10302400588402512,0.11272915710645201,-0.009705151222426878,0.001959541184941111,0.85,True,False,a871fd7b6ab72544e1f0f317c16cb18551759b575899188c0bfb1d048f9a4a69,63651f1b650ba00f6a69f98bd79b8b8708ada257
main,D3,mode_coverage,cwdb_v1,cwdb_v0,20,1.0,1.0,0.0,0.0,0.0,False,False,a871fd7b6ab72544e1f0f317c16cb18551759b575899188c0bfb1d048f9a4a69,63651f1b650ba00f6a69f98bd79b8b8708ada257
main,D3,barycenter_rmse,cwdb_v1,cwdb_v0,20,0.21146473252843934,0.20669367845283984,0.004771054075599482,0.0016878270380463734,0.3,False,True,a871fd7b6ab72544e1f0f317c16cb18551759b575899188c0bfb1d048f9a4a69,63651f1b650ba00f6a69f98bd79b8b8708ada257
main,D4,mean_quantile_rmse,cwdb_v1,cwdb_v0,20,0.17653403868328016,0.27774538272449106,-0.10121134404121095,0.003218674340221112,1.0,True,False,a871fd7b6ab72544e1f0f317c16cb18551759b575899188c0bfb1d048f9a4a69,63651f1b650ba00f6a69f98bd79b8b8708ada257
main,D4,kernel_law_error,cwdb_v1,cwdb_v0,20,0.008893507101713268,0.011464140152739982,-0.0025706330510267155,0.00015849351055783128,1.0,True,False,a871fd7b6ab72544e1f0f317c16cb18551759b575899188c0bfb1d048f9a4a69,63651f1b650ba00f6a69f98bd79b8b8708ada257
main,D4,arm_energy_risk,cwdb_v1,cwdb_v0,20,0.04966102847118906,0.0638405190535146,-0.014179490582325548,0.0005344607584549988,1.0,True,False,a871fd7b6ab72544e1f0f317c16cb18551759b575899188c0bfb1d048f9a4a69,63651f1b650ba00f6a69f98bd79b8b8708ada257
main,D4,tcate_functional_rmse,cwdb_v1,cwdb_v0,20,0.07507750495221813,0.05705491884140397,0.01802258611081415,0.002224927110527795,0.05,False,True,a871fd7b6ab72544e1f0f317c16cb18551759b575899188c0bfb1d048f9a4a69,63651f1b650ba00f6a69f98bd79b8b8708ada257
main,D4,reference_tcate_rmse,cwdb_v1,cwdb_v0,20,0.0609451836020539,0.05015437026041989,0.010790813341634014,0.001981360172041145,0.1,False,True,a871fd7b6ab72544e1f0f317c16cb18551759b575899188c0bfb1d048f9a4a69,63651f1b650ba00f6a69f98bd79b8b8708ada257
main,D4,reference_effect_rmse,cwdb_v1,cwdb_v0,20,0.02535321613649274,0.025549655778031123,-0.000196439641538379,0.0028826904440184724,0.5,False,False,a871fd7b6ab72544e1f0f317c16cb18551759b575899188c0bfb1d048f9a4a69,63651f1b650ba00f6a69f98bd79b8b8708ada257
main,D4,tail_calibration,cwdb_v1,cwdb_v0,20,0.07215783180706063,0.08029173294832928,-0.008133901141268631,0.0015788631025896462,0.9,True,False,a871fd7b6ab72544e1f0f317c16cb18551759b575899188c0bfb1d048f9a4a69,63651f1b650ba00f6a69f98bd79b8b8708ada257
main,D4,mode_coverage,cwdb_v1,cwdb_v0,20,1.0,1.0,0.0,0.0,0.0,False,False,a871fd7b6ab72544e1f0f317c16cb18551759b575899188c0bfb1d048f9a4a69,63651f1b650ba00f6a69f98bd79b8b8708ada257
main,D4,barycenter_rmse,cwdb_v1,cwdb_v0,20,0.19417351239317265,0.21914804268930607,-0.024974530296133394,0.0014346613348943087,1.0,True,False,a871fd7b6ab72544e1f0f317c16cb18551759b575899188c0bfb1d048f9a4a69,63651f1b650ba00f6a69f98bd79b8b8708ada257
main,D5,mean_quantile_rmse,cwdb_v1,cwdb_v0,20,0.15590669007978197,0.27104129002027233,-0.1151345999404904,0.0023997440107899073,1.0,True,False,a871fd7b6ab72544e1f0f317c16cb18551759b575899188c0bfb1d048f9a4a69,63651f1b650ba00f6a69f98bd79b8b8708ada257
main,D5,kernel_law_error,cwdb_v1,cwdb_v0,20,0.019954814063472763,0.020129440478278977,-0.00017462641480622143,0.0006287310325000759,0.5,False,False,a871fd7b6ab72544e1f0f317c16cb18551759b575899188c0bfb1d048f9a4a69,63651f1b650ba00f6a69f98bd79b8b8708ada257
main,D5,arm_energy_risk,cwdb_v1,cwdb_v0,20,0.04853104249202585,0.057859080456705916,-0.009328037964680081,0.0008792445268031621,1.0,True,False,a871fd7b6ab72544e1f0f317c16cb18551759b575899188c0bfb1d048f9a4a69,63651f1b650ba00f6a69f98bd79b8b8708ada257
main,D5,tcate_functional_rmse,cwdb_v1,cwdb_v0,20,0.037639546856495426,0.04182654167734041,-0.004186994820844977,0.0015579143330491081,0.7,True,False,a871fd7b6ab72544e1f0f317c16cb18551759b575899188c0bfb1d048f9a4a69,63651f1b650ba00f6a69f98bd79b8b8708ada257
main,D5,reference_tcate_rmse,cwdb_v1,cwdb_v0,20,0.09605562627484673,0.08859091266087832,0.007464713613968414,0.0020664111983496663,0.2,False,True,a871fd7b6ab72544e1f0f317c16cb18551759b575899188c0bfb1d048f9a4a69,63651f1b650ba00f6a69f98bd79b8b8708ada257
main,D5,reference_effect_rmse,cwdb_v1,cwdb_v0,20,0.0937314157627038,0.08540535490212887,0.00832606086057494,0.0021119317843326805,0.2,False,True,a871fd7b6ab72544e1f0f317c16cb18551759b575899188c0bfb1d048f9a4a69,63651f1b650ba00f6a69f98bd79b8b8708ada257
main,D5,tail_calibration,cwdb_v1,cwdb_v0,20,0.08066426063511276,0.09191260855633662,-0.011248347921223856,0.0014817366886669982,1.0,True,False,a871fd7b6ab72544e1f0f317c16cb18551759b575899188c0bfb1d048f9a4a69,63651f1b650ba00f6a69f98bd79b8b8708ada257
main,D5,mode_coverage,cwdb_v1,cwdb_v0,20,1.0,1.0,0.0,0.0,0.0,False,False,a871fd7b6ab72544e1f0f317c16cb18551759b575899188c0bfb1d048f9a4a69,63651f1b650ba00f6a69f98bd79b8b8708ada257
main,D5,barycenter_rmse,cwdb_v1,cwdb_v0,20,0.16482715984201482,0.19273806077908487,-0.02791090093707006,0.0015414685861094095,1.0,True,False,a871fd7b6ab72544e1f0f317c16cb18551759b575899188c0bfb1d048f9a4a69,63651f1b650ba00f6a69f98bd79b8b8708ada257
main,D6,mean_quantile_rmse,cwdb_v1,cwdb_v0,20,0.24898064816280266,0.5414774568016492,-0.2924968086388466,0.008173770684171763,1.0,True,False,a871fd7b6ab72544e1f0f317c16cb18551759b575899188c0bfb1d048f9a4a69,63651f1b650ba00f6a69f98bd79b8b8708ada257
main,D6,kernel_law_error,cwdb_v1,cwdb_v0,20,0.019097738345714866,0.032366772656546604,-0.01326903431083174,0.000394904242847046,1.0,True,False,a871fd7b6ab72544e1f0f317c16cb18551759b575899188c0bfb1d048f9a4a69,63651f1b650ba00f6a69f98bd79b8b8708ada257
main,D6,arm_energy_risk,cwdb_v1,cwdb_v0,20,0.06964776616093646,0.10306340996726102,-0.033415643806324585,0.0009424036248034387,1.0,True,False,a871fd7b6ab72544e1f0f317c16cb18551759b575899188c0bfb1d048f9a4a69,63651f1b650ba00f6a69f98bd79b8b8708ada257
main,D6,tcate_functional_rmse,cwdb_v1,cwdb_v0,20,0.08810047909191858,0.08113662004409197,0.006963859047826601,0.0038390976458643465,0.35,False,False,a871fd7b6ab72544e1f0f317c16cb18551759b575899188c0bfb1d048f9a4a69,63651f1b650ba00f6a69f98bd79b8b8708ada257
main,D6,reference_tcate_rmse,cwdb_v1,cwdb_v0,20,0.07462629952820891,0.1024245174472764,-0.027798217919067513,0.004992819398051318,0.9,True,False,a871fd7b6ab72544e1f0f317c16cb18551759b575899188c0bfb1d048f9a4a69,63651f1b650ba00f6a69f98bd79b8b8708ada257
main,D6,reference_effect_rmse,cwdb_v1,cwdb_v0,20,0.048503988345809226,0.06933597345024577,-0.020831985104436544,0.004804123534461487,0.85,True,False,a871fd7b6ab72544e1f0f317c16cb18551759b575899188c0bfb1d048f9a4a69,63651f1b650ba00f6a69f98bd79b8b8708ada257
main,D6,tail_calibration,cwdb_v1,cwdb_v0,20,0.08011562685607888,0.11625604093603045,-0.0361404140799516,0.0011411437075154072,1.0,True,False,a871fd7b6ab72544e1f0f317c16cb18551759b575899188c0bfb1d048f9a4a69,63651f1b650ba00f6a69f98bd79b8b8708ada257
main,D6,mode_coverage,cwdb_v1,cwdb_v0,20,0.9965000000000002,0.9876875,-0.008812499999999996,0.0017873711768080559,0.95,True,False,a871fd7b6ab72544e1f0f317c16cb18551759b575899188c0bfb1d048f9a4a69,63651f1b650ba00f6a69f98bd79b8b8708ada257
main,D6,barycenter_rmse,cwdb_v1,cwdb_v0,20,0.32437464650664505,0.4025743972992143,-0.07819975079256927,0.002749045418098844,1.0,True,False,a871fd7b6ab72544e1f0f317c16cb18551759b575899188c0bfb1d048f9a4a69,63651f1b650ba00f6a69f98bd79b8b8708ada257
main,D7,mean_quantile_rmse,cwdb_v1,cwdb_v0,20,0.12643495852064487,0.2739747894225949,-0.14753983090194994,0.0022175023139538947,1.0,True,False,a871fd7b6ab72544e1f0f317c16cb18551759b575899188c0bfb1d048f9a4a69,63651f1b650ba00f6a69f98bd79b8b8708ada257
main,D7,kernel_law_error,cwdb_v1,cwdb_v0,20,0.010071229650731806,0.014101288227318345,-0.00403005857658654,0.00022129284322622178,1.0,True,False,a871fd7b6ab72544e1f0f317c16cb18551759b575899188c0bfb1d048f9a4a69,63651f1b650ba00f6a69f98bd79b8b8708ada257
main,D7,arm_energy_risk,cwdb_v1,cwdb_v0,20,0.04762019457747909,0.0655632547367074,-0.017943060159228336,0.0007465122662773561,1.0,True,False,a871fd7b6ab72544e1f0f317c16cb18551759b575899188c0bfb1d048f9a4a69,63651f1b650ba00f6a69f98bd79b8b8708ada257
main,D7,tcate_functional_rmse,cwdb_v1,cwdb_v0,20,0.02834847855052174,0.03423622488126683,-0.0058877463307451,0.0017018300379906433,0.75,True,False,a871fd7b6ab72544e1f0f317c16cb18551759b575899188c0bfb1d048f9a4a69,63651f1b650ba00f6a69f98bd79b8b8708ada257
main,D7,reference_tcate_rmse,cwdb_v1,cwdb_v0,20,0.028925209449849953,0.03190946788409365,-0.002984258434243699,0.002106954207232452,0.6,False,False,a871fd7b6ab72544e1f0f317c16cb18551759b575899188c0bfb1d048f9a4a69,63651f1b650ba00f6a69f98bd79b8b8708ada257
main,D7,reference_effect_rmse,cwdb_v1,cwdb_v0,20,0.020159174370626302,0.02100600987560553,-0.000846835504979232,0.0017179856022232658,0.55,False,False,a871fd7b6ab72544e1f0f317c16cb18551759b575899188c0bfb1d048f9a4a69,63651f1b650ba00f6a69f98bd79b8b8708ada257
main,D7,tail_calibration,cwdb_v1,cwdb_v0,20,0.049885027401544615,0.055812571561393486,-0.0059275441598488745,0.0008011935427918733,0.95,True,False,a871fd7b6ab72544e1f0f317c16cb18551759b575899188c0bfb1d048f9a4a69,63651f1b650ba00f6a69f98bd79b8b8708ada257
main,D7,mode_coverage,cwdb_v1,cwdb_v0,20,1.0,1.0,0.0,0.0,0.0,False,False,a871fd7b6ab72544e1f0f317c16cb18551759b575899188c0bfb1d048f9a4a69,63651f1b650ba00f6a69f98bd79b8b8708ada257
main,D7,barycenter_rmse,cwdb_v1,cwdb_v0,20,0.17509485712771417,0.20850878601247377,-0.03341392888475967,0.001371113887098365,1.0,True,False,a871fd7b6ab72544e1f0f317c16cb18551759b575899188c0bfb1d048f9a4a69,63651f1b650ba00f6a69f98bd79b8b8708ada257
main,D8,mean_quantile_rmse,cwdb_v1,cwdb_v0,20,0.17414614936570544,0.31735200814379644,-0.14320585877809106,0.004398478885782508,1.0,True,False,a871fd7b6ab72544e1f0f317c16cb18551759b575899188c0bfb1d048f9a4a69,63651f1b650ba00f6a69f98bd79b8b8708ada257
main,D8,kernel_law_error,cwdb_v1,cwdb_v0,20,0.015168889017442237,0.020585844152911013,-0.005416955135468775,0.0002783458763104574,1.0,True,False,a871fd7b6ab72544e1f0f317c16cb18551759b575899188c0bfb1d048f9a4a69,63651f1b650ba00f6a69f98bd79b8b8708ada257
main,D8,arm_energy_risk,cwdb_v1,cwdb_v0,20,0.0633848048914663,0.08640305971825987,-0.02301825482679356,0.0008603159377823848,1.0,True,False,a871fd7b6ab72544e1f0f317c16cb18551759b575899188c0bfb1d048f9a4a69,63651f1b650ba00f6a69f98bd79b8b8708ada257
main,D8,tcate_functional_rmse,cwdb_v1,cwdb_v0,20,0.0549608885375482,0.051563907008510476,0.0033969815290377124,0.0034168142140641356,0.45,False,False,a871fd7b6ab72544e1f0f317c16cb18551759b575899188c0bfb1d048f9a4a69,63651f1b650ba00f6a69f98bd79b8b8708ada257
main,D8,reference_tcate_rmse,cwdb_v1,cwdb_v0,20,0.04537988150254972,0.05573936421853546,-0.01035948271598574,0.005129322423217266,0.7,True,False,a871fd7b6ab72544e1f0f317c16cb18551759b575899188c0bfb1d048f9a4a69,63651f1b650ba00f6a69f98bd79b8b8708ada257
main,D8,reference_effect_rmse,cwdb_v1,cwdb_v0,20,0.024776659358831197,0.023608552516290827,0.0011681068425403718,0.003121655321494569,0.4,False,False,a871fd7b6ab72544e1f0f317c16cb18551759b575899188c0bfb1d048f9a4a69,63651f1b650ba00f6a69f98bd79b8b8708ada257
main,D8,tail_calibration,cwdb_v1,cwdb_v0,20,0.09577438925567325,0.11038854477372835,-0.014614155518055111,0.0016312697877396167,1.0,True,False,a871fd7b6ab72544e1f0f317c16cb18551759b575899188c0bfb1d048f9a4a69,63651f1b650ba00f6a69f98bd79b8b8708ada257
main,D8,mode_coverage,cwdb_v1,cwdb_v0,20,1.0,0.99975,-0.0002499999999999947,0.00017206180040291766,0.1,False,False,a871fd7b6ab72544e1f0f317c16cb18551759b575899188c0bfb1d048f9a4a69,63651f1b650ba00f6a69f98bd79b8b8708ada257
main,D8,barycenter_rmse,cwdb_v1,cwdb_v0,20,0.25119048023972856,0.2918082318103121,-0.040617751570583546,0.001634182784688115,1.0,True,False,a871fd7b6ab72544e1f0f317c16cb18551759b575899188c0bfb1d048f9a4a69,63651f1b650ba00f6a69f98bd79b8b8708ada257
main,D9,mean_quantile_rmse,cwdb_v1,cwdb_v0,20,0.22113059860197967,0.313622582240661,-0.09249198363868132,0.003999395342054409,1.0,True,False,a871fd7b6ab72544e1f0f317c16cb18551759b575899188c0bfb1d048f9a4a69,63651f1b650ba00f6a69f98bd79b8b8708ada257
main,D9,kernel_law_error,cwdb_v1,cwdb_v0,20,0.012858325161172631,0.016073390157525663,-0.0032150649963530327,0.00030911531277144665,1.0,True,False,a871fd7b6ab72544e1f0f317c16cb18551759b575899188c0bfb1d048f9a4a69,63651f1b650ba00f6a69f98bd79b8b8708ada257
main,D9,arm_energy_risk,cwdb_v1,cwdb_v0,20,0.053898775141556596,0.07431118423793759,-0.020412409096381003,0.0010055453317028313,1.0,True,False,a871fd7b6ab72544e1f0f317c16cb18551759b575899188c0bfb1d048f9a4a69,63651f1b650ba00f6a69f98bd79b8b8708ada257
main,D9,tcate_functional_rmse,cwdb_v1,cwdb_v0,20,0.09584852907094996,0.06187250500591166,0.03397602406503829,0.0032543000867393756,0.0,False,True,a871fd7b6ab72544e1f0f317c16cb18551759b575899188c0bfb1d048f9a4a69,63651f1b650ba00f6a69f98bd79b8b8708ada257
main,D9,reference_tcate_rmse,cwdb_v1,cwdb_v0,20,0.06630906976506351,0.06674499428346714,-0.00043592451840362425,0.0046999238786429075,0.5,False,False,a871fd7b6ab72544e1f0f317c16cb18551759b575899188c0bfb1d048f9a4a69,63651f1b650ba00f6a69f98bd79b8b8708ada257
main,D9,reference_effect_rmse,cwdb_v1,cwdb_v0,20,0.031379251460091545,0.03575960037645011,-0.004380348916358569,0.006684400847774378,0.55,False,False,a871fd7b6ab72544e1f0f317c16cb18551759b575899188c0bfb1d048f9a4a69,63651f1b650ba00f6a69f98bd79b8b8708ada257
main,D9,tail_calibration,cwdb_v1,cwdb_v0,20,0.10246485449926464,0.11736260762091484,-0.0148977531216502,0.0016346039398008056,1.0,True,False,a871fd7b6ab72544e1f0f317c16cb18551759b575899188c0bfb1d048f9a4a69,63651f1b650ba00f6a69f98bd79b8b8708ada257
main,D9,mode_coverage,cwdb_v1,cwdb_v0,20,1.0,1.0,0.0,0.0,0.0,False,False,a871fd7b6ab72544e1f0f317c16cb18551759b575899188c0bfb1d048f9a4a69,63651f1b650ba00f6a69f98bd79b8b8708ada257
main,D9,barycenter_rmse,cwdb_v1,cwdb_v0,20,0.21302486415032784,0.23427265139210704,-0.021247787241779163,0.002190723226739626,1.0,True,False,a871fd7b6ab72544e1f0f317c16cb18551759b575899188c0bfb1d048f9a4a69,63651f1b650ba00f6a69f98bd79b8b8708ada257
