state_fips,k,u_k,wage_q,wage_q_se
1,1,0.02,707.1015000000001,83.32508397229711
1,2,0.06,2626.3770000000004,249.85815919352663
1,3,0.1,5050.725,71.59367786155978
1,4,0.14,8081.160000000001,96.73993763760954
1,5,0.18,10808.551500000001,536.4416333863228
1,6,0.22,14142.03,266.73270794488616
1,7,0.26,17071.450500000003,440.4413552449107
1,8,0.3,20202.9,270.1075597855183
1,9,0.34,22021.161,432.1847981997525
1,10,0.38,24950.5815,675.2933845415929
1,11,0.42,27273.915,447.90214489879344
1,12,0.46,30304.350000000002,0.0
1,13,0.5,32324.640000000003,81.44049353155017
1,14,0.54,35355.075000000004,240.16796965230097
1,15,0.58,39395.655000000006,1155.9442804687958
1,16,0.62,42426.090000000004,468.88180542281225
1,17,0.66,45456.525,777.1205243423726
1,18,0.7,50507.25,0.0
1,19,0.74,54547.83,600.7479321714657
1,20,0.78,60608.700000000004,0.0
1,21,0.82,65659.425,0.0
1,22,0.86,75760.875,505.0724999999977
1,23,0.9,87882.615,2001.3822820254384
1,24,0.94,107075.37000000001,2529.9739400571343
1,25,0.98,165347.02738928545,5438.9802974828945
2,1,0.02,1212.174,147.99335173168294
2,2,0.06,3030.4350000000004,475.5603826584848
2,3,0.1,6060.870000000001,1327.0159120529684
2,4,0.14,10101.45,1123.9310298130272
2,5,0.18,15152.175000000001,1170.962961919966
2,6,0.22,18182.61,802.4033746361526
2,7,0.26,21516.0885,1512.398599193281
2,8,0.3,24243.480000000003,1220.5217421951395
2,9,0.34,28252.79360714286,1752.2988585522019
2,10,0.38,30304.350000000002,795.12577922122
2,11,0.42,34344.93,1350.3545674034824
2,12,0.46,38385.51,2120.0734260126014
2,13,0.5,40405.8,1250.2576589699775
2,14,0.54,45456.525,1233.2353404788964
2,15,0.58,50507.25,1123.2552394356253
2,16,0.62,53537.685000000005,1989.4940722668186
2,17,0.66,60608.700000000004,3066.2740188304824
2,18,0.7,63639.135,2277.912057227582
2,19,0.74,69700.005,2101.429689391754
2,20,0.78,75760.875,2047.6645314666534
2,21,0.82,80811.6,0.0
2,22,0.86,89902.90500000001,3401.33537656719
2,23,0.9,101014.5,2094.477360767513
2,24,0.94,121217.40000000001,2533.2520349106035
2,25,0.98,187791.3595679013,14838.104245301192
4,1,0.02,909.1305000000001,70.79596862204939
4,2,0.06,3232.4640000000004,276.2415770414253
4,3,0.1,6060.870000000001,24.071991680554344
4,4,0.14,9697.392,502.51110315295347
4,5,0.18,12121.740000000002,179.2829523749744
4,6,0.22,15152.175000000001,542.8430510581775
4,7,0.26,19192.755,445.6203792131783
4,8,0.3,21213.045000000002,375.8843235391661
4,9,0.34,24243.480000000003,0.0
4,10,0.38,26263.77,166.15604646782293
4,11,0.42,30304.350000000002,187.6261063268184
4,12,0.46,31516.524,552.7127959949055
4,13,0.5,35355.075000000004,0.0
4,14,0.54,38385.51,588.9450455670452
4,15,0.58,40405.8,0.0
4,16,0.62,45456.525,912.9253137333931
4,17,0.66,48486.96000000001,525.4682554651714
4,18,0.7,51854.10999999764,1287.6993848733805
4,19,0.74,58588.41,714.2803794816854
4,20,0.78,64649.280000000006,1257.6203829410365
4,21,0.82,71720.295,1654.15229472149
4,22,0.86,80811.6,0.0
4,23,0.9,98994.21,1614.958797582052
4,24,0.94,121217.40000000001,0.0
4,25,0.98,191927.55000000002,6662.6778731100185
5,1,0.02,899.0290500000001,69.4203246285139
5,2,0.06,3030.4350000000004,45.1750577426305
5,3,0.1,5757.8265,266.1126632073031
5,4,0.14,8586.2325,571.9131132026181
5,5,0.18,12121.740000000002,561.6571146940436
5,6,0.22,15152.175000000001,847.5686650111288
5,7,0.26,17172.465,912.9883942639427
5,8,0.3,20202.9,45.175057742630194
5,9,0.34,21718.1175,809.0330782046645
5,10,0.38,24243.480000000003,108.45924359037976
5,11,0.42,26263.77,488.52370761243213
5,12,0.46,29294.205,524.5601131461739
5,13,0.5,30304.350000000002,168.02834011816975
5,14,0.54,33940.872,810.3851484585527
5,15,0.58,36365.22,225.33296693112456
5,16,0.62,40405.8,339.9727032995948
5,17,0.66,42426.090000000004,885.6792675925125
5,18,0.7,46264.641,1205.0417623462904
5,19,0.74,50507.25,0.0
5,20,0.78,55557.975000000006,225.87528871315342
5,21,0.82,60608.700000000004,0.0
5,22,0.86,68689.86,1436.2740074610444
5,23,0.9,80811.6,505.2457481678717
5,24,0.94,101014.5,0.0
5,25,0.98,161623.2,8649.758698315582
6,1,0.02,1010.1450000000001,115.17425047867675
6,2,0.06,4040.5800000000004,22.5875288713152
6,3,0.1,7374.0585,234.91362592599003
6,4,0.14,10606.522500000001,292.76783526559046
6,5,0.18,14142.03,0.0
6,6,0.22,17677.537500000002,306.58949933619044
6,7,0.26,20202.9,0.0
6,8,0.3,24243.480000000003,199.4876535527332
6,9,0.34,25253.625,300.50752654586483
6,10,0.38,30304.350000000002,22.587528871315506
6,11,0.42,32021.596500000003,562.0384366881624
6,12,0.46,35355.075000000004,0.0
6,13,0.5,40405.8,0.0
6,14,0.54,43436.235,45.17505774263101
6,15,0.58,48486.96000000001,205.78218149912064
6,16,0.62,52527.54,0.0
6,17,0.66,60608.700000000004,0.0
6,18,0.7,65659.425,0.0
6,19,0.74,73740.585,1024.6056369259873
6,20,0.78,80811.6,0.0
6,21,0.82,93943.485,958.3076901092293
6,22,0.86,106065.225,1083.2598299479014
6,23,0.9,126268.12500000001,0.0
6,24,0.94,161623.2,1705.3210328032824
6,25,0.98,252536.25000000003,1581.1270209920597
8,1,0.02,1010.1450000000001,0.0
8,2,0.06,3535.5075,192.71111306636502
8,3,0.1,6060.870000000001,195.61373811273432
8,4,0.14,10101.45,31.94358967030766
8,5,0.18,13131.885,169.09679943293966
8,6,0.22,17172.465,353.06231699428855
8,7,0.26,20202.9,0.0
8,8,0.3,24243.480000000003,842.9703963289569
8,9,0.34,28284.06,159.71794835153887
8,10,0.38,30304.350000000002,0.0
8,11,0.42,35355.075000000004,901.3503545214262
8,12,0.46,38284.495500000005,781.9985910748621
8,13,0.5,40405.8,0.0
8,14,0.54,45456.525,0.0
8,15,0.58,50507.25,582.7995214800212
8,16,0.62,52527.54,505.07250000000204
8,17,0.66,58588.41,1317.06794272069
8,18,0.7,63639.135,874.8112315058297
8,19,0.74,70710.15000000001,0.0
8,20,0.78,75760.875,1116.8230858356005
8,21,0.82,85862.32500000001,319.43589670308006
8,22,0.86,98994.21,1778.543801872054
8,23,0.9,114146.38500000001,2200.6397183830118
8,24,0.94,141420.30000000002,1710.6259995293672
8,25,0.98,222231.90000000002,5405.235080386084
9,1,0.02,1010.1450000000001,77.53275991262305
9,2,0.06,3030.4350000000004,0.0
9,3,0.1,5050.725,157.82326424962633
9,4,0.14,8485.218,383.68467469423337
9,5,0.18,12121.740000000002,49.46137339851542
9,6,0.22,15152.175000000001,406.88476817017096
9,7,0.26,20202.9,213.03815089220743
9,8,0.3,23687.526122222225,789.5470989621305
9,9,0.34,27273.915,513.9770471513862
9,10,0.38,30304.350000000002,932.117600323134
9,11,0.42,35355.075000000004,0.0
9,12,0.46,40405.8,9.508274058196196
9,13,0.5,43436.235,934.7560498593866
9,14,0.54,48486.96000000001,618.4852387705969
9,15,0.58,51517.395000000004,1524.9026557500565
9,16,0.62,58588.41,978.2875490674136
9,17,0.66,62628.990000000005,1195.2196824998287
9,18,0.7,70710.15000000001,925.7960955726451
9,19,0.74,75760.875,0.0
9,20,0.78,83842.035,1613.0722081214358
9,21,0.82,91923.195,1904.5384354136281
9,22,0.86,101014.5,1707.8001544144888
9,23,0.9,126268.12500000001,1196.6043572562546
9,24,0.94,161623.2,2795.0220459188163
9,25,0.98,303043.5,1236.5854545945065
10,1,0.02,1010.1450000000001,91.32070195298193
10,2,0.06,3030.4350000000004,130.60724538224528
10,3,0.1,5230.9797633333355,525.4849607298933
10,4,0.14,8393.70986457921,795.9548297753375
10,5,0.18,12121.740000000002,607.2814518864532
10,6,0.22,15152.175000000001,605.5760856684609
10,7,0.26,20202.9,275.97122898246346
10,8,0.3,23233.335000000003,1017.4871940076499
10,9,0.34,26263.77,1116.3192478686258
10,10,0.38,30304.350000000002,837.3648037436742
10,11,0.42,31516.524,1274.0969690910786
10,12,0.46,35355.075000000004,230.0471775279693
10,13,0.5,40344.93228846155,1787.9104901022895
10,14,0.54,41415.945,1593.9408410904543
10,15,0.58,45456.525,1049.449171218233
10,16,0.62,50507.25,183.89806002515795
10,17,0.66,55557.975000000006,1069.3237504853794
10,18,0.7,60608.700000000004,0.0
10,19,0.74,65659.425,1608.030956200646
10,20,0.78,72730.44,1738.6419471365225
10,21,0.82,80811.6,749.143582074724
10,22,0.86,90913.05,1159.062382722987
10,23,0.9,102187.9935165289,3968.5190252230645
10,24,0.94,126268.12500000001,5656.5289903449375
10,25,0.98,186876.825,9814.591835163954
11,1,0.02,814.977855564706,224.99649667228962
11,2,0.06,3030.4350000000004,523.631409975586
11,3,0.1,6565.9425,828.4790057918191
11,4,0.14,12121.740000000002,1455.5336222440314
11,5,0.18,20002.27641913044,1388.201544315359
11,6,0.22,25253.625,435.89033002201865
11,7,0.26,30304.350000000002,833.0372166478116
11,8,0.3,36365.22,1981.4413592992566
11,9,0.34,40405.8,1683.205042739234
11,10,0.38,47972.668475517254,2335.2806113317
11,11,0.42,50507.25,931.307673581213
11,12,0.46,58588.41,2417.496046175223
11,13,0.5,64649.280000000006,2430.6960305371367
11,14,0.54,70710.15000000001,225.87528871315342
11,15,0.58,75760.875,874.811231505832
11,16,0.62,80811.6,1597.7392313466607
11,17,0.66,90913.05,2268.5795239538975
11,18,0.7,97984.065,2700.317845976782
11,19,0.74,104044.93500000001,2144.5177709418986
11,20,0.78,117176.82,2801.076677249154
11,21,0.82,129298.56000000001,2600.085287710374
11,22,0.86,146471.02500000002,5322.65998218265
11,23,0.9,161623.2,2507.5756406951127
11,24,0.94,194957.98500000002,8301.550763593073
11,25,0.98,303043.5,3750.142361282445
12,1,0.02,1212.174,55.327920285105606
12,2,0.06,4040.5800000000004,22.5875288713152
12,3,0.1,7273.044000000001,234.17996107951677
12,4,0.14,10101.45,0.0
12,5,0.18,13131.885,0.0
12,6,0.22,15758.262,255.9614547235166
12,7,0.26,18788.697,481.48456669067417
12,8,0.3,20202.9,0.0
12,9,0.34,23435.364,387.29544199573775
12,10,0.38,25253.625,0.0
12,11,0.42,28284.06,0.0
12,12,0.46,30304.350000000002,0.0
12,13,0.5,32324.640000000003,0.0
12,14,0.54,35355.075000000004,0.0
12,15,0.58,38385.51,801.3970834969068
12,16,0.62,40405.8,251.21572925244536
12,17,0.66,45456.525,0.0
12,18,0.7,50507.25,0.0
12,19,0.74,54547.83,958.3076901092331
12,20,0.78,60608.700000000004,0.0
12,21,0.82,66669.57,1524.3940868605914
12,22,0.86,76771.02,931.3076735812161
12,23,0.9,90913.05,0.0
12,24,0.94,116166.675,0.0
12,25,0.98,202029.0,387.3121931752469
13,1,0.02,909.1305000000001,39.30934111703427
13,2,0.06,3131.4495,198.39753594093747
13,3,0.1,6060.870000000001,0.0
13,4,0.14,10101.45,84.77548533736044
13,5,0.18,12626.8125,578.6607476434012
13,6,0.22,15758.262,490.8724661475022
13,7,0.26,19394.784,415.1000104248315
13,8,0.3,21213.045000000002,250.66776953801684
13,9,0.34,24243.480000000003,622.4349295020376
13,10,0.38,26768.842500000002,656.7328432438521
13,11,0.42,30304.350000000002,0.0
13,12,0.46,32324.640000000003,345.52275143603146
13,13,0.5,35355.075000000004,0.0
13,14,0.54,38385.51,112.93764435657573
13,15,0.58,40405.8,164.53256779576128
13,16,0.62,45456.525,0.0
13,17,0.66,50507.25,0.0
13,18,0.7,55557.975000000006,931.3076735812161
13,19,0.74,60608.700000000004,0.0
13,20,0.78,66669.57,1236.5442001679478
13,21,0.82,75760.875,225.87528871315016
13,22,0.86,85862.32500000001,319.43589670308006
13,23,0.9,101014.5,0.0
13,24,0.94,126268.12500000001,225.87528871315342
13,25,0.98,202029.0,5252.75945049375
15,1,0.02,1212.174,171.98087159127476
15,2,0.06,4646.667,444.93678241098564
15,3,0.1,8081.160000000001,353.21717706206874
15,4,0.14,12121.740000000002,906.3624975404772
15,5,0.18,15960.291000000001,948.095718479578
15,6,0.22,20202.9,112.94755772908455
15,7,0.26,23233.335000000003,750.1826767696356
15,8,0.3,25253.625,403.963821936623
15,9,0.34,29824.030394097426,1003.4797194957605
15,10,0.38,30515.244507882366,1062.7187718087798
15,11,0.42,34344.93,1125.5542520836573
15,12,0.46,37375.365000000005,1388.093380126215
15,13,0.5,40405.8,0.0
15,14,0.54,45254.49600000001,1110.4523688534405
15,15,0.58,48486.96000000001,1088.3287823361088
15,16,0.62,50507.25,0.0
15,17,0.66,55557.975000000006,597.6098412499142
15,18,0.7,60608.700000000004,0.0
15,19,0.74,65659.425,619.6514632318704
15,20,0.78,70710.15000000001,2423.266751983556
15,21,0.82,80811.6,1151.7425047867669
15,22,0.86,87882.615,2381.4770264633653
15,23,0.9,101014.5,0.0
15,24,0.94,120207.255,4274.851798204862
15,25,0.98,157834.5377938776,7138.46042827131
16,1,0.02,679.0131948074537,118.52011258584866
16,2,0.06,2020.2900000000002,171.65189890429804
16,3,0.1,4040.5800000000004,216.86190199896444
16,4,0.14,6565.9425,668.0830599607286
16,5,0.18,9697.392,684.7712172737085
16,6,0.22,12121.740000000002,0.0
16,7,0.26,15152.175000000001,67.7625866139457
16,8,0.3,18182.61,592.4416127731891
16,9,0.34,20202.9,875.5603870334276
16,10,0.38,24243.480000000003,271.7422304290258
16,11,0.42,26263.77,891.4906988533747
16,12,0.46,30304.350000000002,840.2315232684513
16,13,0.5,31516.524,874.0832213409203
16,14,0.54,35355.075000000004,391.9215853767578
16,15,0.58,37375.365000000005,1137.66060614871
16,16,0.62,40405.8,0.0
16,17,0.66,45456.525,558.0798132755443
16,18,0.7,49497.105,867.1859131570379
16,19,0.74,52527.54,1158.7603541334036
16,20,0.78,60608.700000000004,1132.181077417559
16,21,0.82,65659.425,2629.4180088835847
16,22,0.86,75760.875,319.43589670308006
16,23,0.9,88281.492769231,2246.090999183031
16,24,0.94,107075.37000000001,4034.524027107674
16,25,0.98,156572.475,7738.034667815425
17,1,0.02,1010.1450000000001,0.0
17,2,0.06,3535.5075,214.4453695989231
17,3,0.1,6060.870000000001,196.93489886689892
17,4,0.14,10101.45,0.0
17,5,0.18,13030.8705,487.0242828374847
17,6,0.22,16566.378,629.8470005426955
17,7,0.26,20202.9,0.0
17,8,0.3,23233.335000000003,260.8188004800825
17,9,0.34,26061.741,638.7672325536734
17,10,0.38,30304.350000000002,0.0
17,11,0.42,32324.640000000003,0.0
17,12,0.46,35355.075000000004,0.0
17,13,0.5,40405.8,0.0
17,14,0.54,42426.090000000004,332.7066749385396
17,15,0.58,47981.887500000004,883.6839275990781
17,16,0.62,50507.25,0.0
17,17,0.66,55557.975000000006,1498.2871641494448
17,18,0.7,60608.700000000004,0.0
17,19,0.74,68689.86,782.4549524509414
17,20,0.78,75760.875,0.0
17,21,0.82,83842.035,1305.161689165991
17,22,0.86,95963.77500000001,735.1033773119304
17,23,0.9,111115.95000000001,0.0
17,24,0.94,138389.86500000002,3368.47558663516
17,25,0.98,227282.62500000003,5616.979456907795
18,1,0.02,909.1305000000001,64.97071585450651
18,2,0.06,2727.3915,242.49308230997417
18,3,0.1,5050.725,0.0
18,4,0.14,8081.160000000001,0.245732456950934
18,5,0.18,11111.595000000001,228.55200005531347
18,6,0.22,15051.160500000002,674.3841363803062
18,7,0.26,18182.61,79.87260113328827
18,8,0.3,20202.9,0.0
18,9,0.34,24243.480000000003,169.02958850065357
18,10,0.38,26263.77,177.85438018720555
18,11,0.42,30304.350000000002,534.1905712831066
18,12,0.46,31314.495000000003,344.8104150682196
18,13,0.5,35355.075000000004,494.10176445764125
18,14,0.54,37375.365000000005,223.19490258073176
18,15,0.58,40405.8,0.0
18,16,0.62,43436.235,453.1531396428262
18,17,0.66,47476.815,512.6643249841401
18,18,0.7,50507.25,0.0
18,19,0.74,55557.975000000006,0.0
18,20,0.78,60608.700000000004,0.0
18,21,0.82,68689.86,553.2792028510556
18,22,0.86,75760.875,1587.5471196326562
18,23,0.9,89902.90500000001,1348.4999954690484
18,24,0.94,107075.37000000001,1776.2881567707009
18,25,0.98,165663.78,4989.853998979133
19,1,0.02,1010.1450000000001,33.07866129276689
19,2,0.06,3030.4350000000004,0.0
19,3,0.1,5050.725,0.0
19,4,0.14,8060.808912469446,392.01931194733334
19,5,0.18,11111.595000000001,500.4059020721971
19,6,0.22,14142.03,606.3943056124019
19,7,0.26,18182.61,232.21079557059005
19,8,0.3,21213.045000000002,799.3438008018569
19,9,0.34,25253.625,782.8723105003428
19,10,0.38,28284.06,847.4339845357757
19,11,0.42,30304.350000000002,0.0
19,12,0.46,33334.785,785.8902896380994
19,13,0.5,36365.22,830.9076470640275
19,14,0.54,40405.8,329.91919148987034
19,15,0.58,42426.090000000004,563.3479587842504
19,16,0.62,45456.525,0.0
19,17,0.66,50507.25,0.0
19,18,0.7,52527.54,319.43589670307773
19,19,0.74,56568.12,682.1608679871607
19,20,0.78,60608.700000000004,0.0
19,21,0.82,68689.86,1424.7016174333223
19,22,0.86,75760.875,0.0
19,23,0.9,85862.32500000001,0.0
19,24,0.94,103034.79000000001,3130.1207972165303
19,25,0.98,161623.2,8931.056367187464
20,1,0.02,888.9276000000001,97.29380896434824
20,2,0.06,2525.3625,262.5302627088287
20,3,0.1,5050.725,45.17505774263061
20,4,0.14,8081.160000000001,342.4948523628769
20,5,0.18,11111.595000000001,542.126485503094
20,6,0.22,14142.03,411.66149558944886
20,7,0.26,17475.5085,922.7372613066442
20,8,0.3,20202.9,479.1538450546183
20,9,0.34,24243.480000000003,435.6429477502728
20,10,0.38,26263.77,697.4666203053313
20,11,0.42,30304.350000000002,0.0
20,12,0.46,32324.640000000003,136.13439259933423
20,13,0.5,35355.075000000004,585.6562660390382
20,14,0.54,39395.655000000006,1153.5935338822405
20,15,0.58,41415.945,1179.543273287508
20,16,0.62,45456.525,0.0
20,17,0.66,49497.105,1442.9355202523443
20,18,0.7,52527.54,1035.1490999222476
20,19,0.74,57578.26500000001,1446.307535796328
20,20,0.78,62628.990000000005,1735.0045384544217
20,21,0.82,70710.15000000001,319.43589670308006
20,22,0.86,78791.31000000001,1838.0184585806553
20,23,0.9,90913.05,760.4371022090912
20,24,0.94,111115.95000000001,1851.019405370457
20,25,0.98,181826.1,7990.496455019196
21,1,0.02,899.0290500000001,80.93234801566383
21,2,0.06,2828.4060000000004,286.3695064295666
21,3,0.1,5050.725,0.0
21,4,0.14,8081.160000000001,102.77075361542438
21,5,0.18,10303.479000000001,502.65193899553225
21,6,0.22,13434.928500000002,593.1642326735798
21,7,0.26,16162.320000000002,269.27776699499816
21,8,0.3,20202.9,431.7348054915519
21,9,0.34,22223.190000000002,448.9474531680109
21,10,0.38,25253.625,112.9376443565759
21,11,0.42,28183.0455,759.6407070026906
21,12,0.46,30304.350000000002,0.0
21,13,0.5,33334.785,659.2898773213926
21,14,0.54,35860.1475,811.2005803061502
21,15,0.58,40405.8,251.25974022428235
21,16,0.62,42426.090000000004,481.0597312384335
21,17,0.66,45456.525,0.0
21,18,0.7,50507.25,0.0
21,19,0.74,53537.685000000005,903.501154852607
21,20,0.78,60608.700000000004,451.7505774263036
21,21,0.82,65659.425,638.8717934061555
21,22,0.86,72730.44,505.07250000000204
21,23,0.9,81821.74500000001,1882.590164142145
21,24,0.94,101014.5,0.0
21,25,0.98,154552.185,4030.9945955105113
22,1,0.02,707.1015000000001,54.60497928193304
22,2,0.06,3030.4350000000004,0.0
22,3,0.1,5353.7685,325.6771608323076
22,4,0.14,8485.218,493.86689315737374
22,5,0.18,11111.595000000001,99.48029270469695
22,6,0.22,13737.972000000002,566.132765917556
22,7,0.26,16162.320000000002,90.35011548526121
22,8,0.3,19697.827500000003,639.7440584707361
22,9,0.34,21314.059500000003,593.6865447430929
22,10,0.38,24748.5525,877.5600752361013
22,11,0.42,27273.915,714.2386125031968
22,12,0.46,30304.350000000002,0.0
22,13,0.5,33334.785,788.1547630740257
22,14,0.54,36365.22,799.926242815029
22,15,0.58,40405.8,0.0
22,16,0.62,44446.380000000005,1294.386668011724
22,17,0.66,48486.96000000001,0.0
22,18,0.7,50507.25,553.2792028510582
22,19,0.74,56568.12,1392.3887926680225
22,20,0.78,62628.990000000005,1317.8586497274475
22,21,0.82,70710.15000000001,0.0
22,22,0.86,80811.6,0.0
22,23,0.9,92933.34000000001,2674.326290739632
22,24,0.94,119197.11000000002,3525.3258556185524
22,25,0.98,176245.213677927,5546.966769454346
23,1,0.02,868.7247000000001,178.79856909826887
23,2,0.06,3030.4350000000004,151.88504150814697
23,3,0.1,5050.725,131.99571603736453
23,4,0.14,8081.160000000001,402.66935627868554
23,5,0.18,11111.595000000001,1125.2048762792558
23,6,0.22,15152.175000000001,681.774907130767
23,7,0.26,18485.6535,863.6223622070695
23,8,0.3,21213.045000000002,1110.2722916790408
23,9,0.34,24445.509000000002,1066.8401112285362
23,10,0.38,27273.915,1002.3612959643812
23,11,0.42,30304.350000000002,0.0
23,12,0.46,32324.640000000003,400.765567643281
23,13,0.5,35355.075000000004,18.587653967005433
23,14,0.54,38385.51,521.4582205727393
23,15,0.58,40405.8,0.0
23,16,0.62,43739.2785,1524.449357569156
23,17,0.66,47036.332359705906,1469.855645994755
23,18,0.7,50507.25,0.0
23,19,0.74,55557.975000000006,892.7942065863216
23,20,0.78,60608.700000000004,313.1123629818737
23,21,0.82,66669.57,1856.4691824079457
23,22,0.86,75760.875,1155.2397534909046
23,23,0.9,84852.18000000001,3099.8653375379777
23,24,0.94,103094.67716785702,3741.3252623288727
23,25,0.98,172624.650343269,12339.951791345025
24,1,0.02,979.8406500000001,74.84677484896652
24,2,0.06,3131.4495,264.17718402431774
24,3,0.1,6767.971500000001,334.08826940929515
24,4,0.14,10505.508000000002,657.2317030822713
24,5,0.18,15152.175000000001,54.72303840478033
24,6,0.22,20202.9,443.26943553409365
24,7,0.26,23233.335000000003,921.8319180175812
24,8,0.3,27071.886000000002,857.0126617670986
24,9,0.34,30304.350000000002,0.0
24,10,0.38,35031.40770624999,942.4514754184163
24,11,0.42,38385.51,778.640582308114
24,12,0.46,41533.55473928583,1024.7890525445723
24,13,0.5,46466.670000000006,701.3170364325944
24,14,0.54,50507.25,0.0
24,15,0.58,55557.975000000006,0.0
24,16,0.62,60608.700000000004,0.0
24,17,0.66,65659.425,451.75057742630685
24,18,0.7,72730.44,0.0
24,19,0.74,80811.6,0.0
24,20,0.78,88892.76000000001,1355.2517322789206
24,21,0.82,98994.21,874.8112315058353
24,22,0.86,109095.66,1598.196849303697
24,23,0.9,126268.12500000001,391.22747622546507
24,24,0.94,151521.75,0.0
24,25,0.98,227282.62500000003,5224.898321702808
25,1,0.02,1010.1450000000001,0.0
25,2,0.06,3030.4350000000004,0.0
25,3,0.1,5656.812000000001,344.9065688990166
25,4,0.14,9394.3485,604.7544895032715
25,5,0.18,13131.885,123.62241675448614
25,6,0.22,18182.61,129.75547463175633
25,7,0.26,22223.190000000002,531.6008316003409
25,8,0.3,25655.76028082386,849.0032753663545
25,9,0.34,30304.350000000002,0.0
25,10,0.38,34344.93,338.3861044428397
25,11,0.42,38385.51,0.0
25,12,0.46,41415.945,1032.8965226237824
25,13,0.5,46466.670000000006,917.2586458612723
25,14,0.54,50507.25,0.0
25,15,0.58,55557.975000000006,0.0
25,16,0.62,60608.700000000004,0.0
25,17,0.66,66522.3774428592,1185.3312825875782
25,18,0.7,72730.44,749.1435820747279
25,19,0.74,80811.6,0.0
25,20,0.78,89902.90500000001,1548.522962183235
25,21,0.82,101014.5,225.87528871315016
25,22,0.86,111115.95000000001,0.0
25,23,0.9,131318.85,451.7505774263036
25,24,0.94,161623.2,2791.6976374037285
25,25,0.98,262637.7,11739.71657473037
26,1,0.02,808.1160000000001,18.62615347162425
26,2,0.06,2828.4060000000004,241.470290346158
26,3,0.1,5050.725,0.0
26,4,0.14,7677.102000000001,284.8179018627295
26,5,0.18,10101.45,0.0
26,6,0.22,13131.885,90.3501154852608
26,7,0.26,16162.320000000002,120.28218414680427
26,8,0.3,20202.9,151.52174999999977
26,9,0.34,22223.190000000002,179.2829523749743
26,10,0.38,25253.625,0.0
26,11,0.42,29092.176000000003,589.2804268815161
26,12,0.46,30304.350000000002,196.88303212286078
26,13,0.5,35355.075000000004,657.7805538894579
26,14,0.54,38385.51,125.76203829410368
26,15,0.58,40405.8,0.0
26,16,0.62,45456.525,0.0
26,17,0.66,50507.25,0.0
26,18,0.7,55557.975000000006,1238.0693040971214
26,19,0.74,60608.700000000004,0.0
26,20,0.78,65659.425,0.0
26,21,0.82,73740.585,1010.1450000000041
26,22,0.86,82831.89,1411.0436353096543
26,23,0.9,98994.21,1619.0899898921812
26,24,0.94,121217.40000000001,1133.1776826857729
26,25,0.98,186876.825,7205.470982855491
27,1,0.02,1010.1450000000001,45.17505774263045
27,2,0.06,3434.4930000000004,245.36336796774495
27,3,0.1,6060.870000000001,66.22452530948084
27,4,0.14,10101.45,90.35011548526121
27,5,0.18,13131.885,587.0477902621336
27,6,0.22,18182.61,924.8849374729915
27,7,0.26,21213.045000000002,575.8712523933841
27,8,0.3,25253.625,0.0
27,9,0.34,30304.350000000002,885.9898216756662
27,10,0.38,32324.640000000003,0.0
27,11,0.42,35355.075000000004,0.0
27,12,0.46,39900.7275,858.7415885532396
27,13,0.5,41415.945,753.7764150811537
27,14,0.54,45456.525,0.0
27,15,0.58,50507.25,0.0
27,16,0.62,52527.54,1156.9478793774397
27,17,0.66,58588.41,878.7087563437524
27,18,0.7,61618.845,1446.3075357963319
27,19,0.74,69700.005,1548.5229621832443
27,20,0.78,75760.875,0.0
27,21,0.82,81821.74500000001,1546.5538336891266
27,22,0.86,90913.05,505.07250000000204
27,23,0.9,106065.225,1582.589863457316
27,24,0.94,132328.995,3467.9349383629587
27,25,0.98,211498.02440444435,11031.144950032112
28,1,0.02,808.1160000000001,85.81010390122786
28,2,0.06,3030.4350000000004,378.9936125868182
28,3,0.1,5050.725,387.45950142239263
28,4,0.14,7778.116500000001,347.5675702149672
28,5,0.18,10101.45,135.5251732278918
28,6,0.22,12767.689464431814,505.4348916625925
28,7,0.26,15152.175000000001,50.37163509696368
28,8,0.3,18182.61,470.77891512262175
28,9,0.34,20202.9,0.0
28,10,0.38,22223.190000000002,505.3847007386949
28,11,0.42,25253.625,736.4465810665217
28,12,0.46,26566.8135,738.6364387470736
28,13,0.5,30304.350000000002,245.36336796774515
28,14,0.54,32324.640000000003,724.047432052291
28,15,0.58,35355.075000000004,45.175057742629384
28,16,0.62,38385.51,1351.2518724890435
28,17,0.66,41415.945,1142.8820447899816
28,18,0.7,45456.525,112.93764435657671
28,19,0.74,50507.25,0.0
28,20,0.78,54547.83,1137.589699912839
28,21,0.82,60608.700000000004,0.0
28,22,0.86,67679.71500000001,2356.7763523980475
28,23,0.9,80811.6,1383.4066972155647
28,24,0.94,98994.21,2781.1674855808155
28,25,0.98,141420.30000000002,5736.480560324273
29,1,0.02,1010.1450000000001,0.0
29,2,0.06,3030.4350000000004,0.0
29,3,0.1,5757.8265,319.4428255761569
29,4,0.14,8889.276,324.531575552714
29,5,0.18,12121.740000000002,67.76258661394611
29,6,0.22,15152.175000000001,0.0
29,7,0.26,18182.61,416.4934532189563
29,8,0.3,20202.9,667.273539451588
29,9,0.34,24243.480000000003,45.175057742630194
29,10,0.38,26566.8135,831.2132453214638
29,11,0.42,30304.350000000002,0.0
29,12,0.46,32324.640000000003,0.0
29,13,0.5,35355.075000000004,0.0
29,14,0.54,38385.51,224.74307462241862
29,15,0.58,40405.8,0.0
29,16,0.62,45456.525,322.63410574404116
29,17,0.66,49194.0615,933.8972916566879
29,18,0.7,52359.611436305626,1256.248960816299
29,19,0.74,57578.26500000001,1277.7435868123182
29,20,0.78,62628.990000000005,1010.1450000000029
29,21,0.82,70710.15000000001,0.0
29,22,0.86,78791.31000000001,1216.3756555794064
29,23,0.9,90913.05,225.87528871315342
29,24,0.94,111115.95000000001,2555.2986635563857
29,25,0.98,176775.375,6580.801457884732
30,1,0.02,899.0290500000001,107.47430497671267
30,2,0.06,2323.3335,358.8796287899978
30,3,0.1,4040.5800000000004,281.95066162065825
30,4,0.14,6060.870000000001,552.8630410245148
30,5,0.18,9091.305,857.7725664437177
30,6,0.22,11616.667500000001,857.924732102023
30,7,0.26,14142.03,751.8260497777428
30,8,0.3,18182.61,1118.4888357230664
30,9,0.34,20202.9,0.0
30,10,0.38,23233.335000000003,862.9776748349508
30,11,0.42,25253.625,182.8190327456371
30,12,0.46,29294.205,1229.6154496357171
30,13,0.5,31516.524,1067.5360624090974
30,14,0.54,35355.075000000004,391.2274762254679
30,15,0.58,38789.568,1290.4219019789577
30,16,0.62,40405.8,771.0328712306246
30,17,0.66,45456.525,485.3444554172994
30,18,0.7,50507.25,274.1810704770663
30,19,0.74,53537.685000000005,1583.1670696140004
30,20,0.78,60608.700000000004,685.9779316352395
30,21,0.82,65659.425,749.1435820747279
30,22,0.86,72730.44,2803.79932634906
30,23,0.9,81821.74500000001,2729.4603570708337
30,24,0.94,101014.5,638.8717934061555
30,25,0.98,161623.2,19228.46799053982
31,1,0.02,1010.1450000000001,22.587528871315225
31,2,0.06,3030.4350000000004,0.0
31,3,0.1,5050.725,222.22000133092004
31,4,0.14,9091.305,763.2608489779897
31,5,0.18,12121.740000000002,0.0
31,6,0.22,15152.175000000001,365.0980862710903
31,7,0.26,20202.9,1006.6223089601241
31,8,0.3,22425.219,745.4112093974605
31,9,0.34,25253.625,203.28775984183793
31,10,0.38,29294.205,930.1240716001489
31,11,0.42,30304.350000000002,0.0
31,12,0.46,34103.36103857144,908.828923466795
31,13,0.5,36365.22,532.2145632564293
31,14,0.54,40405.8,346.8688863077983
31,15,0.58,41415.945,1272.120129187989
31,16,0.62,45456.525,0.0
31,17,0.66,50507.25,1137.0361364037722
31,18,0.7,52527.54,1025.4144495830012
31,19,0.74,56568.12,1192.9343078303264
31,20,0.78,60608.700000000004,1341.37951956235
31,21,0.82,68689.86,2064.473736364
31,22,0.86,75760.875,547.8049869761602
31,23,0.9,86872.47,2284.1491028203104
31,24,0.94,106065.225,2315.5113225763125
31,25,0.98,157582.62000000002,10129.808368463955
32,1,0.02,1010.1450000000001,90.47745510561937
32,2,0.06,4444.638,364.89671042957957
32,3,0.1,8081.160000000001,199.2139340048191
32,4,0.14,11313.624000000002,654.2955836208138
32,5,0.18,14699.040174306565,502.98822637304727
32,6,0.22,18012.359615675683,615.2887404106469
32,7,0.26,20202.9,0.0
32,8,0.3,23233.335000000003,951.1970984749278
32,9,0.34,25253.625,0.0
32,10,0.38,28284.06,567.3191020644805
32,11,0.42,30304.350000000002,0.0
32,12,0.46,32728.698000000004,692.6667687230248
32,13,0.5,35355.075000000004,0.0
32,14,0.54,38385.51,558.4275672101135
32,15,0.58,40405.8,0.0
32,16,0.62,43638.264,1187.5882081274888
32,17,0.66,48142.00538588244,1015.273252166847
32,18,0.7,50507.25,0.0
32,19,0.74,56568.12,1446.3075357963337
32,20,0.78,61618.845,1542.2997235155694
32,21,0.82,70710.15000000001,677.6258661394603
32,22,0.86,80811.6,1681.3726386623446
32,23,0.9,90913.05,814.4049353155071
32,24,0.94,114146.38500000001,3101.0987048132565
32,25,0.98,173261.16244864737,8112.484388393663
33,1,0.02,879.3358140681818,171.87211906744818
33,2,0.06,2828.4060000000004,387.4509132650969
33,3,0.1,5050.725,340.940910520714
33,4,0.14,9647.192929830513,867.8559697348408
33,5,0.18,13131.885,869.4231836904378
33,6,0.22,18182.61,1262.8845034105634
33,7,0.26,21680.418689556656,888.3541414038178
33,8,0.3,25253.625,0.0
33,9,0.34,29092.176000000003,938.6149575411956
33,10,0.38,31011.451500000003,1333.7477912100671
33,11,0.42,35355.075000000004,166.04974665232925
33,12,0.46,39395.655000000006,1422.055375933304
33,13,0.5,41745.788265306124,1129.5811625805488
33,14,0.54,45456.525,1239.1754077796822
33,15,0.58,50507.25,0.0
33,16,0.62,55557.975000000006,845.7160047005486
33,17,0.66,60608.700000000004,630.6783528247341
33,18,0.7,64649.280000000006,1472.9957111663855
33,19,0.74,70710.15000000001,0.0
33,20,0.78,75760.875,2547.5032443791793
33,21,0.82,85862.32500000001,515.6490932414038
33,22,0.86,95963.77500000001,2247.1530774032367
33,23,0.9,111115.95000000001,682.6106689916554
33,24,0.94,141420.30000000002,5674.346381704031
33,25,0.98,202029.0,10452.775220680538
34,1,0.02,1010.1450000000001,0.0
34,2,0.06,3535.5075,90.35011548526113
34,3,0.1,6868.986000000001,371.3069067815029
34,4,0.14,10101.45,86.5330135041305
34,5,0.18,15152.175000000001,191.6615380218474
34,6,0.22,19192.755,608.6722365725159
34,7,0.26,22223.190000000002,525.303890242162
34,8,0.3,25758.697500000002,737.4693691389871
34,9,0.34,30304.350000000002,0.0
34,10,0.38,33334.785,689.6696762340772
34,11,0.42,37375.365000000005,744.7208301381688
34,12,0.46,40405.8,327.3243906396594
34,13,0.5,46062.612,1026.2866424857373
34,14,0.54,50507.25,0.0
34,15,0.58,55557.975000000006,0.0
34,16,0.62,60608.700000000004,0.0
34,17,0.66,66669.57,1059.852972797222
34,18,0.7,74750.73000000001,1318.1739628541684
34,19,0.74,80811.6,0.0
34,20,0.78,90913.05,0.0
34,21,0.82,101014.5,0.0
34,22,0.86,116166.675,324.4778620317222
34,23,0.9,136369.575,2891.717932043936
34,24,0.94,176775.375,1129.3764435657677
34,25,0.98,301023.21,8062.271945145574
35,1,0.02,808.1160000000001,50.34057761518825
35,2,0.06,3030.4350000000004,66.7593426723012
35,3,0.1,5050.725,45.17505774263061
35,4,0.14,7576.087500000001,539.2579125802973
35,5,0.18,10101.45,189.28960728637313
35,6,0.22,12121.740000000002,463.05630000245293
35,7,0.26,15152.175000000001,202.02283586871866
35,8,0.3,18182.61,462.4071864283351
35,9,0.34,20202.9,90.35011548526121
35,10,0.38,23233.335000000003,818.8295898465235
35,11,0.42,25253.625,90.35011548526121
35,12,0.46,28284.06,575.0893834477095
35,13,0.5,30304.350000000002,225.87528871315263
35,14,0.54,34344.93,1232.0485299894983
35,15,0.58,37375.365000000005,1126.6495458155243
35,16,0.62,40405.8,0.0
35,17,0.66,45456.525,792.8879595361232
35,18,0.7,50507.25,1062.274517004429
35,19,0.74,53537.685000000005,1499.9082309422788
35,20,0.78,60608.700000000004,391.2274762254679
35,21,0.82,65659.425,597.7753428211721
35,22,0.86,75760.875,677.625866139457
35,23,0.9,85862.32500000001,1825.2066699385605
35,24,0.94,111115.95000000001,2790.3964038241056
35,25,0.98,151521.75,2970.435970231035
36,1,0.02,1010.1450000000001,0.0
36,2,0.06,3636.5220000000004,127.77435868123155
36,3,0.1,6970.0005,246.40084983820014
36,4,0.14,10101.45,22.587528871315097
36,5,0.18,14546.088000000002,376.04253539594333
36,6,0.22,18182.61,0.0
36,7,0.26,21011.016000000003,316.2254041984147
36,8,0.3,25253.625,0.0
36,9,0.34,28284.06,0.0
36,10,0.38,30304.350000000002,0.0
36,11,0.42,35355.075000000004,0.0
36,12,0.46,39395.655000000006,525.8578530342313
36,13,0.5,42325.075500000006,531.3796661505604
36,14,0.54,46466.670000000006,202.0289999999994
36,15,0.58,50507.25,0.0
36,16,0.62,55557.975000000006,1173.6824286764036
36,17,0.66,60608.700000000004,0.0
36,18,0.7,68689.86,1188.0001583704693
36,19,0.74,75760.875,319.43589670307546
36,20,0.78,80811.6,1121.239712893601
36,21,0.82,90913.05,1134.3173778374135
36,22,0.86,101014.5,1336.2962290576759
36,23,0.9,121217.40000000001,391.2274762254707
36,24,0.94,157582.62000000002,3357.9305381519202
36,25,0.98,287891.325,9225.197687657412
37,1,0.02,855.070007129771,60.086035120899695
37,2,0.06,3030.4350000000004,205.20850258675196
37,3,0.1,5050.725,90.35011548526121
37,4,0.14,8687.247000000001,481.21601218107855
37,5,0.18,12121.740000000002,134.40066742837578
37,6,0.22,15152.175000000001,0.0
37,7,0.26,18182.61,0.0
37,8,0.3,20202.9,0.0
37,9,0.34,23738.4075,699.332364438872
37,10,0.38,25253.625,112.93764435657671
37,11,0.42,29193.1905,362.97577652398707
37,12,0.46,30304.350000000002,303.0968625261515
37,13,0.5,34850.0025,766.9788256340048
37,14,0.54,37072.321500000005,643.1383980366872
37,15,0.58,40405.8,0.0
37,16,0.62,43436.235,698.1178874308617
37,17,0.66,47476.815,622.2447607243415
37,18,0.7,50507.25,0.0
37,19,0.74,55557.975000000006,391.2274762254679
37,20,0.78,60608.700000000004,225.8752887131518
37,21,0.82,70710.15000000001,319.43589670308006
37,22,0.86,80811.6,505.07250000000204
37,23,0.9,95963.77500000001,1659.8376085531747
37,24,0.94,121217.40000000001,0.0
37,25,0.98,196978.27500000002,6075.131818545427
38,1,0.02,1212.174,243.76094744042774
38,2,0.06,3636.5220000000004,450.019846940778
38,3,0.1,6060.870000000001,419.0125648969795
38,4,0.14,9091.305,1131.3884609877005
38,5,0.18,11111.595000000001,1376.6874338804298
38,6,0.22,15152.175000000001,920.6893015401765
38,7,0.26,20202.9,1505.0183340741723
38,8,0.3,23233.335000000003,1247.1310374446157
38,9,0.34,25253.625,1697.948391978768
38,10,0.38,28995.650679826773,1454.9844285835857
38,11,0.42,30304.350000000002,1762.535949017186
38,12,0.46,35355.075000000004,1114.0882792043433
38,13,0.5,37375.365000000005,1379.251113416348
38,14,0.54,40405.8,192.17832724958555
38,15,0.58,43436.235,1982.8773869771433
38,16,0.62,46466.670000000006,1670.0504346189591
38,17,0.66,50507.25,319.43589670307773
38,18,0.7,53537.685000000005,1667.7682306950287
38,19,0.74,60608.700000000004,2431.452215310712
38,20,0.78,62628.990000000005,1913.6261774846248
38,21,0.82,68689.86,3008.8083212023657
38,22,0.86,75760.875,3520.573477560143
38,23,0.9,90913.05,4925.714860260156
38,24,0.94,111115.95000000001,4445.82853687298
38,25,0.98,181676.11914915184,16687.70328224157
39,1,0.02,909.1305000000001,51.73665351556272
39,2,0.06,3030.4350000000004,154.8522962183239
39,3,0.1,5050.725,0.0
39,4,0.14,8081.160000000001,0.0
39,5,0.18,11111.595000000001,199.4878980025545
39,6,0.22,15152.175000000001,603.4816406169157
39,7,0.26,18182.61,0.0
39,8,0.3,20202.9,135.52517322789194
39,9,0.34,24243.480000000003,0.0
39,10,0.38,26394.595127443805,558.6551953297325
39,11,0.42,30304.350000000002,0.0
39,12,0.46,32324.640000000003,0.0
39,13,0.5,35355.075000000004,0.0
39,14,0.54,39294.6405,708.8338865481428
39,15,0.58,41415.945,485.5005301302698
39,16,0.62,45456.525,0.0
39,17,0.66,50507.25,0.0
39,18,0.7,53537.685000000005,1428.5607589633655
39,19,0.74,60608.700000000004,319.43589670307773
39,20,0.78,65659.425,1129.383513841121
39,21,0.82,70710.15000000001,597.60984124991
39,22,0.86,80811.6,0.0
39,23,0.9,91923.195,1471.945219999629
39,24,0.94,111115.95000000001,1653.944299654639
39,25,0.98,176775.375,5315.599272640795
40,1,0.02,951.9855736558444,106.07601575855797
40,2,0.06,3030.4350000000004,0.0
40,3,0.1,6060.870000000001,389.94499816510654
40,4,0.14,9091.305,432.6623356769132
40,5,0.18,12121.740000000002,196.93347833729632
40,6,0.22,15152.175000000001,404.5744895970321
40,7,0.26,18182.61,683.7003637815486
40,8,0.3,20202.9,0.0
40,9,0.34,23233.335000000003,465.7880116880058
40,10,0.38,25253.625,0.0
40,11,0.42,28284.06,192.98793127398554
40,12,0.46,30304.350000000002,0.0
40,13,0.5,33334.785,849.806478185706
40,14,0.54,36365.22,205.78218149912274
40,15,0.58,40405.8,300.21164167917306
40,16,0.62,42426.090000000004,439.375858511938
40,17,0.66,46466.670000000006,821.2263749170154
40,18,0.7,50507.25,0.0
40,19,0.74,55557.975000000006,451.07112766450996
40,20,0.78,60608.700000000004,0.0
40,21,0.82,66669.57,1513.1522495524914
40,22,0.86,75760.875,0.0
40,23,0.9,86647.48315909137,1446.009573079338
40,24,0.94,106065.225,2664.697463438961
40,25,0.98,176775.375,8520.369119947396
41,1,0.02,1010.1450000000001,35.27793554198386
41,2,0.06,3030.4350000000004,298.6010140755144
41,3,0.1,6060.870000000001,232.75226722622224
41,4,0.14,9596.3775,484.218786931295
41,5,0.18,12121.740000000002,196.96814302399122
41,6,0.22,16051.957378474557,875.7604266887565
41,7,0.26,20000.871000000003,705.9165778528263
41,8,0.3,22223.190000000002,261.52563609936055
41,9,0.34,25253.625,0.0
41,10,0.38,28284.06,487.5734459636981
41,11,0.42,30304.350000000002,0.0
41,12,0.46,33334.785,495.20448788501517
41,13,0.5,36365.22,268.18834169589275
41,14,0.54,40405.8,0.0
41,15,0.58,43436.235,655.0383372681409
41,16,0.62,48284.931000000004,964.864791666565
41,17,0.66,50507.25,1152.3998088574751
41,18,0.7,57578.26500000001,1603.260531244587
41,19,0.74,62628.990000000005,1129.3764435657615
41,20,0.78,70710.15000000001,319.43589670308006
41,21,0.82,78791.31000000001,1465.334817570954
41,22,0.86,88892.76000000001,2015.6754277090665
41,23,0.9,101014.5,0.0
41,24,0.94,124247.835,3211.9192837656574
41,25,0.98,202029.0,7323.550419115574
42,1,0.02,878.3274015888326,47.52699537838729
42,2,0.06,2525.3625,110.65584057021134
42,3,0.1,5050.725,0.0
42,4,0.14,8081.160000000001,0.0
42,5,0.18,11616.667500000001,507.354837829083
42,6,0.22,15152.175000000001,0.0
42,7,0.26,19192.755,330.6002082191877
42,8,0.3,22223.190000000002,22.587528871314692
42,9,0.34,25253.625,0.0
42,10,0.38,29092.176000000003,462.0550641431656
42,11,0.42,30304.350000000002,734.610238509463
42,12,0.46,35355.075000000004,0.0
42,13,0.5,38385.51,0.0
42,14,0.54,40405.8,0.0
42,15,0.58,45456.525,0.0
42,16,0.62,50507.25,279.3923020743621
42,17,0.66,52527.54,225.87528871315342
42,18,0.7,58588.41,451.7505774263036
42,19,0.74,62628.990000000005,1173.6824286764036
42,20,0.78,70710.15000000001,0.0
42,21,0.82,76771.02,845.1479425032671
42,22,0.86,86872.47,814.4049353154999
42,23,0.9,101014.5,0.0
42,24,0.94,123237.69,2856.80978797454
42,25,0.98,202029.0,0.0
44,1,0.02,724.8323286141734,135.0366066796813
44,2,0.06,3030.4350000000004,437.9686237996111
44,3,0.1,5050.725,0.0
44,4,0.14,7879.131,636.4462793175325
44,5,0.18,12121.740000000002,775.9494020907476
44,6,0.22,15152.175000000001,271.5845534280349
44,7,0.26,19596.813000000002,885.8649206530807
44,8,0.3,23233.335000000003,1159.7053409134862
44,9,0.34,25253.625,1068.1070729392877
44,10,0.38,30304.350000000002,587.9853518620016
44,11,0.42,33119.230604698794,1254.1450559367486
44,12,0.46,35355.075000000004,583.3697994160349
44,13,0.5,39395.655000000006,1246.9350448540972
44,14,0.54,41415.945,1509.4866196737892
44,15,0.58,45456.525,1358.7743643882397
44,16,0.62,50507.25,0.0
44,17,0.66,55557.975000000006,1693.5829191951282
44,18,0.7,60608.700000000004,451.75057742630526
44,19,0.74,64649.280000000006,2106.4998709002284
44,20,0.78,70710.15000000001,225.87528871315342
44,21,0.82,77422.97946705844,2368.3459237231673
44,22,0.86,85862.32500000001,1143.0267609673176
44,23,0.9,98994.21,3102.057699922479
44,24,0.94,121217.40000000001,976.6001420972673
44,25,0.98,185347.08666562545,9610.590191083116
45,1,0.02,909.1305000000001,100.07914159873745
45,2,0.06,3030.4350000000004,55.328584652049116
45,3,0.1,5252.754000000001,337.0079468294304
45,4,0.14,8081.160000000001,431.27940454212495
45,5,0.18,11212.6095,605.2237445698217
45,6,0.22,15059.835862941174,587.715578961221
45,7,0.26,17576.523,564.0222876062222
45,8,0.3,20202.9,0.0
45,9,0.34,23233.335000000003,358.57908035347043
45,10,0.38,25253.625,0.0
45,11,0.42,28284.06,424.11278240989157
45,12,0.46,30304.350000000002,0.0
45,13,0.5,33637.8285,750.3546187172373
45,14,0.54,36365.22,235.82072469539688
45,15,0.58,40405.8,0.0
45,16,0.62,42426.090000000004,649.5967090624612
45,17,0.66,45456.525,837.8907704953906
45,18,0.7,50507.25,0.0
45,19,0.74,55557.975000000006,225.87528871315342
45,20,0.78,60608.700000000004,0.0
45,21,0.82,66669.57,1589.6112701889926
45,22,0.86,75760.875,0.0
45,23,0.9,89902.90500000001,2239.1339900316007
45,24,0.94,111115.95000000001,1376.0518920924503
45,25,0.98,176775.375,4804.7977932118365
46,1,0.02,1010.1450000000001,44.21164776192966
46,2,0.06,3333.4785,411.121842684193
46,3,0.1,5050.725,439.8166522686202
46,4,0.14,8081.160000000001,211.3361988017029
46,5,0.18,11111.595000000001,1311.5888346488764
46,6,0.22,15152.175000000001,303.78677965213467
46,7,0.26,20202.9,213.09032119177203
46,8,0.3,22223.190000000002,526.2848417953634
46,9,0.34,25253.625,588.3108221394201
46,10,0.38,27273.915,1042.9297921488085
46,11,0.42,30304.350000000002,0.0
46,12,0.46,31314.495000000003,1242.7665391523833
46,13,0.5,35355.075000000004,187.33937683685213
46,14,0.54,37880.4375,903.6612063447881
46,15,0.58,40405.8,0.0
46,16,0.62,42426.090000000004,986.2144275713066
46,17,0.66,45456.525,1162.796090274454
46,18,0.7,50507.25,153.61991334736638
46,19,0.74,52527.54,1090.0471163141315
46,20,0.78,57578.26500000001,1297.9225157507085
46,21,0.82,60610.60593396212,2805.375720969884
46,22,0.86,70710.15000000001,1741.0694168009518
46,23,0.9,80811.6,3249.457884858329
46,24,0.94,101014.5,4751.287826887635
46,25,0.98,161623.2,13465.620992426477
47,1,0.02,909.1305000000001,82.5949566616554
47,2,0.06,3030.4350000000004,0.0
47,3,0.1,5757.8265,379.5525151328685
47,4,0.14,9091.305,310.62805546284795
47,5,0.18,12121.740000000002,0.0
47,6,0.22,15152.175000000001,0.0
47,7,0.26,18182.61,0.0
47,8,0.3,20202.9,0.0
47,9,0.34,24243.480000000003,546.4316141726288
47,10,0.38,25253.625,557.379415762664
47,11,0.42,29092.176000000003,505.3462511095567
47,12,0.46,30304.350000000002,0.0
47,13,0.5,33637.8285,710.0891100026972
47,14,0.54,36365.22,413.6255859178428
47,15,0.58,40405.8,174.63726269450265
47,16,0.62,42426.090000000004,121.63756555794204
47,17,0.66,46264.641,831.7225108716098
47,18,0.7,50507.25,0.0
47,19,0.74,55557.975000000006,451.75057742630685
47,20,0.78,60608.700000000004,0.0
47,21,0.82,65659.425,225.87528871315342
47,22,0.86,75760.875,0.0
47,23,0.9,90913.05,451.7505774263036
47,24,0.94,113136.24,3215.3536232150427
47,25,0.98,181826.1,7965.632924489273
48,1,0.02,1010.1450000000001,30.4628665963269
48,2,0.06,3333.4785,172.0214949060873
48,3,0.1,6060.870000000001,45.1750577426304
48,4,0.14,9798.406500000001,259.5109492635142
48,5,0.18,12121.740000000002,0.0
48,6,0.22,15152.175000000001,0.0
48,7,0.26,18182.61,329.249686158204
48,8,0.3,20606.958000000002,455.6744221870223
48,9,0.34,24243.480000000003,0.0
48,10,0.38,26263.77,112.9376443565759
48,11,0.42,30304.350000000002,0.0
48,12,0.46,32324.640000000003,436.23764139647955
48,13,0.5,35355.075000000004,0.0
48,14,0.54,39799.713,764.9245450628334
48,15,0.58,42426.090000000004,0.0
48,16,0.62,47476.815,487.5977344069861
48,17,0.66,50507.25,0.0
48,18,0.7,55557.975000000006,0.0
48,19,0.74,60608.700000000004,0.0
48,20,0.78,67679.71500000001,1281.469018292918
48,21,0.82,75760.875,0.0
48,22,0.86,86872.47,1190.9228177227656
48,23,0.9,101014.5,0.0
48,24,0.94,129298.56000000001,2525.3624999999993
48,25,0.98,202029.0,0.0
49,1,0.02,707.1015000000001,54.40426374728269
49,2,0.06,2525.3625,119.52196824998337
49,3,0.1,5050.725,246.24017863402483
49,4,0.14,7071.015,110.65738065508272
49,5,0.18,10101.45,105.13506188474307
49,6,0.22,12121.740000000002,0.0
49,7,0.26,15152.175000000001,45.17505774263061
49,8,0.3,19672.00819379999,733.7288346452954
49,9,0.34,22223.190000000002,382.9827468541488
49,10,0.38,25253.625,0.0
49,11,0.42,28284.06,274.2413624623242
49,12,0.46,30304.350000000002,0.0
49,13,0.5,34344.93,346.6205840749896
49,14,0.54,37375.365000000005,833.8465481978608
49,15,0.58,40405.8,0.0
49,16,0.62,45456.525,112.93764435657508
49,17,0.66,50507.25,877.2392293667025
49,18,0.7,53537.685000000005,1515.2174999999977
49,19,0.74,60608.700000000004,0.0
49,20,0.78,65659.425,0.0
49,21,0.82,72730.44,1167.0150582764738
49,22,0.86,80811.6,2054.5824294007084
49,23,0.9,97984.065,2292.5120007771866
49,24,0.94,121217.40000000001,1177.1277952280316
49,25,0.98,202029.0,12282.697467812139
50,1,0.02,659.9954676352942,105.14421907166518
50,2,0.06,2020.2900000000002,137.50403310888635
50,3,0.1,3636.5220000000004,553.9082857090439
50,4,0.14,5050.725,599.1581066482046
50,5,0.18,8081.160000000001,655.6558201788115
50,6,0.22,12121.740000000002,443.8377335993539
50,7,0.26,16162.320000000002,1612.2667529170442
50,8,0.3,20202.9,911.0825942542225
50,9,0.34,24243.480000000003,870.8637666662734
50,10,0.38,27273.915,1428.7296037693518
50,11,0.42,30304.350000000002,225.87528871315263
50,12,0.46,32370.678123636386,1477.8974557570941
50,13,0.5,36365.22,1240.2030452703154
50,14,0.54,40405.8,446.3544953834778
50,15,0.58,42426.090000000004,1249.9920363960969
50,16,0.62,45456.525,2053.268923303346
50,17,0.66,50507.25,351.91345157728466
50,18,0.7,52527.54,2439.982166513103
50,19,0.74,58425.54794292453,1851.6454034555254
50,20,0.78,62628.990000000005,1662.8138700386835
50,21,0.82,70710.15000000001,1707.8363441688593
50,22,0.86,75760.875,1836.0218675347237
50,23,0.9,87882.615,2490.661962553072
50,24,0.94,103771.9713733329,4329.085611236661
50,25,0.98,151521.75,2237.5570078784117
51,1,0.02,909.1305000000001,46.43939791221163
51,2,0.06,3030.4350000000004,0.0
51,3,0.1,5656.812000000001,291.9627049722845
51,4,0.14,9899.421,359.9676755097107
51,5,0.18,13131.885,329.12055717979666
51,6,0.22,16970.436,623.0909073965134
51,7,0.26,20202.9,0.0
51,8,0.3,24243.480000000003,179.28295237497596
51,9,0.34,26263.77,813.5913695107694
51,10,0.38,30304.350000000002,0.0
51,11,0.42,33334.785,384.8131158583809
51,12,0.46,36870.2925,838.211390074594
51,13,0.5,40405.8,0.0
51,14,0.54,45456.525,90.35011548526039
51,15,0.58,50002.177500000005,905.669338653607
51,16,0.62,53537.685000000005,858.2719868902134
51,17,0.66,60608.700000000004,1144.4553332570426
51,18,0.7,65659.425,391.2274762254679
51,19,0.74,71720.295,1430.9894349877204
51,20,0.78,80811.6,0.0
51,21,0.82,90913.05,714.2803794816879
51,22,0.86,102024.645,1745.2078094337269
51,23,0.9,121217.40000000001,0.0
51,24,0.94,151521.75,225.87528871315016
51,25,0.98,217181.17500000002,6738.424791350773
53,1,0.02,1010.1450000000001,0.0
53,2,0.06,4040.5800000000004,241.52416072470388
53,3,0.1,7273.044000000001,285.00086242448793
53,4,0.14,11111.595000000001,489.63528619202174
53,5,0.18,15152.175000000001,0.0
53,6,0.22,20202.9,203.2877598418371
53,7,0.26,23233.335000000003,294.5096970437119
53,8,0.3,25354.6395,630.485027719244
53,9,0.34,30304.350000000002,50.50724999999984
53,10,0.38,32324.640000000003,306.39214861725884
53,11,0.42,35355.075000000004,335.65346667111345
53,12,0.46,40405.8,7.158173400753544
53,13,0.5,42426.090000000004,761.1779693202069
53,14,0.54,47274.786,840.8999232854624
53,15,0.58,50507.25,0.0
53,16,0.62,56568.12,640.6177427381439
53,17,0.66,60608.700000000004,583.5686194105577
53,18,0.7,68689.86,1277.7435868123016
53,19,0.74,75760.875,0.0
53,20,0.78,82831.89,1446.307535796334
53,21,0.82,93943.485,1322.853423931406
53,22,0.86,104044.93500000001,1792.8295237497373
53,23,0.9,123237.69,3287.6590897543374
53,24,0.94,151521.75,0.0
53,25,0.98,242434.80000000002,6791.954738369692
54,1,0.02,726.4620944769232,83.17632885448215
54,2,0.06,3030.4350000000004,457.33568788729946
54,3,0.1,5353.7685,610.8859357302708
54,4,0.14,8081.160000000001,348.2394657051037
54,5,0.18,11111.595000000001,1048.57953591873
54,6,0.22,14142.03,534.3595863056921
54,7,0.26,16619.03180812501,847.6332492570136
54,8,0.3,20202.9,338.812933069729
54,9,0.34,22223.190000000002,846.5714570603475
54,10,0.38,25253.625,763.803423329574
54,11,0.42,26263.77,746.7506392217346
54,12,0.46,29294.205,921.5615519351079
54,13,0.5,31314.495000000003,1246.9613886288664
54,14,0.54,35355.075000000004,572.1626937458647
54,15,0.58,37877.34138993806,978.7745374952966
54,16,0.62,40405.8,124.55484111225645
54,17,0.66,45456.525,993.2449715669064
54,18,0.7,50507.25,1424.812750181714
54,19,0.74,52527.54,1053.3599442675038
54,20,0.78,60608.700000000004,225.8752887131518
54,21,0.82,65659.425,0.0
54,22,0.86,73740.585,1490.7455466453748
54,23,0.9,83842.035,2549.0417726119877
54,24,0.94,101014.5,0.0
54,25,0.98,150337.40652550998,5984.017635029637
55,1,0.02,1010.1450000000001,31.102265942900463
55,2,0.06,3232.4640000000004,211.64102662030848
55,3,0.1,5757.8265,405.55805596888194
55,4,0.14,9091.305,258.58370771337286
55,5,0.18,12121.740000000002,45.175057742630194
55,6,0.22,16162.320000000002,715.3022813731603
55,7,0.26,20202.9,0.0
55,8,0.3,23233.335000000003,257.72015027380445
55,9,0.34,26162.755500000003,1028.3842860824843
55,10,0.38,30304.350000000002,45.175057742630194
55,11,0.42,32324.640000000003,450.4207774449885
55,12,0.46,35355.075000000004,0.0
55,13,0.5,38385.51,528.8816050429717
55,14,0.54,40405.8,0.0
55,15,0.58,44953.51164173078,856.1004644235486
55,16,0.62,48486.96000000001,214.95645000338445
55,17,0.66,50507.25,0.0
55,18,0.7,55557.975000000006,0.0
55,19,0.74,60608.700000000004,0.0
55,20,0.78,65659.425,0.0
55,21,0.82,70710.15000000001,0.0
55,22,0.86,79801.455,1298.9428399825429
55,23,0.9,90913.05,1216.3756555794027
55,24,0.94,107191.73345649247,2361.1724035535804
55,25,0.98,171724.65000000002,3889.4935913933305
56,1,0.02,1010.1450000000001,13.200715482409604
56,2,0.06,2525.3625,384.60234596476977
56,3,0.1,4863.49579883721,391.45071790124126
56,4,0.14,7071.015,647.7751235611119
56,5,0.18,10101.45,1124.283766720171
56,6,0.22,13131.885,1478.6337739433561
56,7,0.26,17172.465,1017.1573887322162
56,8,0.3,20202.9,694.6051994843676
56,9,0.34,24243.480000000003,1177.301066108317
56,10,0.38,26263.77,1300.0981933468431
56,11,0.42,30304.350000000002,255.48209471744187
56,12,0.46,32324.640000000003,1413.5508946248835
56,13,0.5,35567.35184782609,906.958552267128
56,14,0.54,38981.68279639025,1782.6260437584601
56,15,0.58,42426.090000000004,1501.133043602027
56,16,0.62,47476.815,1806.0391272338952
56,17,0.66,50507.25,0.0
56,18,0.7,54547.83,1467.2482314712183
56,19,0.74,60608.700000000004,0.0
56,20,0.78,65659.425,1244.258588696903
56,21,0.82,70710.15000000001,1227.4493941805285
56,22,0.86,80811.6,1367.9415138937786
56,23,0.9,92804.26591666718,4051.5533288750185
56,24,0.94,108085.51500000001,3620.379781984107
56,25,0.98,151521.75,7983.484058123959
