state_fips,n_records,n_wage_earners_16_64,sum_PWGTP,n_ftyr,median_wage_all_16_64,median_wage_ftyr,se_median,cv_median,cv_p90,statename,stateabb,min_mw,min_fed_mw,mw_above_fed,medicaid_expanded,rtw,impl_year,q_1,q_2,q_3,q_4,q_5,q_6,q_7,q_8,q_9,q_10,q_11,q_12,q_13,q_14,q_15,q_16,q_17,q_18,q_19,q_20,q_21,q_22,q_23,q_24,q_25
1,19960,19960,2109806.0,14041,32324.640000000003,42426.09,81.44049353155017,0.0025194555463432,0.0227733583260516,Alabama,AL,7.25,7.25,0,1,1,2015.0,707.1015000000001,2626.3770000000004,5050.725,8081.160000000001,10808.5515,14142.03,17071.450500000003,20202.9,22021.161,24950.5815,27273.915,30304.35,32324.640000000003,35355.075000000004,39395.655000000006,42426.09,45456.525,50507.25,54547.83,60608.7,65659.425,75760.875,87882.615,107075.37,165347.02738928545
2,3053,3053,350150.0,1733,40405.8,55557.975000000006,1250.2576589699777,0.0309425295123466,0.0207344228874816,Alaska,AK,9.89,7.25,1,0,0,,1212.174,3030.4350000000004,6060.870000000001,10101.45,15152.175,18182.61,21516.0885,24243.480000000003,28252.79360714286,30304.35,34344.93,38385.51,40405.8,45456.525,50507.25,53537.685000000005,60608.7,63639.135,69700.005,75760.875,80811.6,89902.90500000001,101014.5,121217.4,187791.3595679013
4,29726,29726,3222760.0,20130,35355.075000000004,45456.525,0.0,0.0,0.0163136692295645,Arizona,AZ,11.0,7.25,1,1,1,2014.0,909.1305,3232.4640000000004,6060.870000000001,9697.392,12121.740000000002,15152.175,19192.755,21213.045,24243.480000000003,26263.77,30304.35,31516.524,35355.075000000004,38385.51,40405.8,45456.525,48486.96000000001,51854.10999999764,58588.41,64649.280000000006,71720.295,80811.6,98994.21,121217.4,191927.55
5,12330,12330,1301372.0,8618,30304.35,40405.8,168.02834011816975,0.0055446937524866,0.0062521438527126,Arkansas,AR,9.25,7.25,1,1,1,2014.0,899.0290500000001,3030.4350000000004,5757.8265,8586.2325,12121.740000000002,15152.175,17172.465,20202.9,21718.1175,24243.480000000003,26263.77,29294.205,30304.35,33940.872,36365.22,40405.8,42426.09,46264.641,50507.25,55557.975000000006,60608.7,68689.86,80811.6,101014.5,161623.2
6,171314,171314,18237459.0,114578,40405.8,53537.685000000005,0.0,0.0,0.0,California,CA,12.0,7.25,1,1,0,2014.0,1010.145,4040.58,7374.0585,10606.5225,14142.03,17677.537500000002,20202.9,24243.480000000003,25253.625,30304.35,32021.596500000003,35355.075000000004,40405.8,43436.235,48486.96000000001,52527.54,60608.7,65659.425,73740.585,80811.6,93943.485,106065.225,126268.125,161623.2,252536.25000000003
8,28218,28218,2976886.0,19039,40405.8,53537.685000000005,0.0,0.0,0.0192791012907067,Colorado,CO,11.1,7.25,1,1,0,2014.0,1010.145,3535.5075,6060.870000000001,10101.45,13131.885,17172.465,20202.9,24243.480000000003,28284.06,30304.35,35355.075000000004,38284.495500000005,40405.8,45456.525,50507.25,52527.54,58588.41,63639.135,70710.15000000001,75760.875,85862.32500000001,98994.21,114146.385,141420.30000000002,222231.9
9,17007,17007,1754358.0,11154,43436.235,60608.7,934.7560498593866,0.0215201904552589,0.0094766937994545,Connecticut,CT,10.1,7.25,1,1,0,2014.0,1010.145,3030.4350000000004,5050.725,8485.218,12121.740000000002,15152.175,20202.9,23687.526122222225,27273.915,30304.35,35355.075000000004,40405.8,43436.235,48486.96000000001,51517.395,58588.41,62628.990000000005,70710.15000000001,75760.875,83842.035,91923.195,101014.5,126268.125,161623.2,303043.5
10,4123,4123,457643.0,2836,40344.93228846155,50507.25,1787.9104901022895,0.0443156150893732,0.0388354726289948,Delaware,DE,8.75,7.25,1,1,0,2014.0,1010.145,3030.4350000000004,5230.979763333336,8393.70986457921,12121.740000000002,15152.175,20202.9,23233.335000000003,26263.77,30304.35,31516.524,35355.075000000004,40344.93228846155,41415.945,45456.525,50507.25,55557.975000000006,60608.7,65659.425,72730.44,80811.6,90913.05,102187.9935165289,126268.125,186876.825
11,3973,3973,392124.0,2875,64649.280000000006,80811.6,2430.6960305371367,0.0375981918211175,0.0155149486007894,District of Columbia,DC,13.25,7.25,1,1,0,2014.0,814.977855564706,3030.4350000000004,6565.9425,12121.740000000002,20002.27641913044,25253.625,30304.35,36365.22,40405.8,47972.66847551725,50507.25,58588.41,64649.280000000006,70710.15000000001,75760.875,80811.6,90913.05,97984.065,104044.935,117176.82,129298.56,146471.02500000002,161623.2,194957.985,303043.5
12,85892,85892,9446722.0,60345,32324.640000000003,40405.8,0.0,0.0,0.0,Florida,FL,8.46,7.25,1,0,1,,1212.174,4040.58,7273.044000000001,10101.45,13131.885,15758.262,18788.697,20202.9,23435.364,25253.625,28284.06,30304.35,32324.640000000003,35355.075000000004,38385.51,40405.8,45456.525,50507.25,54547.83,60608.7,66669.57,76771.02,90913.05,116166.675,202029.0
13,45088,45088,4933047.0,32034,35355.075000000004,45456.525,0.0,0.0,0.0,Georgia,GA,7.25,7.25,0,0,1,,909.1305,3131.4495,6060.870000000001,10101.45,12626.8125,15758.262,19394.784,21213.045,24243.480000000003,26768.8425,30304.35,32324.640000000003,35355.075000000004,38385.51,40405.8,45456.525,50507.25,55557.975000000006,60608.7,66669.57,75760.875,85862.32500000001,101014.5,126268.125,202029.0
15,6412,6412,668578.0,4629,40405.8,50507.25,0.0,0.0,0.0,Hawaii,HI,10.1,7.25,1,1,0,2014.0,1212.174,4646.667,8081.160000000001,12121.740000000002,15960.291,20202.9,23233.335000000003,25253.625,29824.030394097423,30515.24450788237,34344.93,37375.365000000005,40405.8,45254.49600000001,48486.96000000001,50507.25,55557.975000000006,60608.7,65659.425,70710.15000000001,80811.6,87882.615,101014.5,120207.255,157834.5377938776
16,7432,7432,824108.0,4729,31516.524,43436.235,874.0832213409203,0.0277341251637052,0.0254423767510857,Idaho,ID,7.25,7.25,0,1,1,2014.0,679.0131948074537,2020.29,4040.58,6565.9425,9697.392,12121.740000000002,15152.175,18182.61,20202.9,24243.480000000003,26263.77,30304.35,31516.524,35355.075000000004,37375.365000000005,40405.8,45456.525,49497.105,52527.54,60608.7,65659.425,75760.875,88281.492769231,107075.37,156572.475
17,58543,58543,6167701.0,40547,40405.8,50507.25,0.0,0.0,0.0,Illinois,IL,8.25,7.25,1,0,0,2020.0,1010.145,3535.5075,6060.870000000001,10101.45,13030.8705,16566.378,20202.9,23233.335000000003,26061.741,30304.35,32324.640000000003,35355.075000000004,40405.8,42426.09,47981.8875,50507.25,55557.975000000006,60608.7,68689.86,75760.875,83842.035,95963.775,111115.95,138389.86500000002,227282.62500000003
18,31333,31333,3227563.0,20965,35355.075000000004,45456.525,494.10176445764125,0.0139754127082926,0.0149995152600357,Indiana,IN,7.25,7.25,0,1,1,2014.0,909.1305,2727.3915,5050.725,8081.160000000001,11111.595,15051.160500000002,18182.61,20202.9,24243.480000000003,26263.77,30304.35,31314.495000000003,35355.075000000004,37375.365000000005,40405.8,43436.235,47476.815,50507.25,55557.975000000006,60608.7,68689.86,75760.875,89902.90500000001,107075.37,165663.78
19,15200,15200,1556590.0,10290,36365.22,46466.670000000006,830.9076470640275,0.0228489652218253,0.0,Iowa,IA,7.25,7.25,0,1,1,2015.0,1010.145,3030.4350000000004,5050.725,8060.808912469446,11111.595,14142.03,18182.61,21213.045,25253.625,28284.06,30304.35,33334.785,36365.22,40405.8,42426.09,45456.525,50507.25,52527.54,56568.12,60608.7,68689.86,75760.875,85862.32500000001,103034.79,161623.2
20,13594,13594,1407349.0,9367,35355.075000000004,45456.525,585.6562660390382,0.0165649844057476,0.0083644438527702,Kansas,KS,7.25,7.25,0,0,1,,888.9276000000001,2525.3625,5050.725,8081.160000000001,11111.595,14142.03,17475.5085,20202.9,24243.480000000003,26263.77,30304.35,32324.640000000003,35355.075000000004,39395.655000000006,41415.945,45456.525,49497.105,52527.54,57578.26500000001,62628.990000000005,70710.15000000001,78791.31000000001,90913.05,111115.95,181826.1
21,19393,19393,1992353.0,13190,33334.785,43436.235,659.2898773213926,0.0197778349949277,0.0230084333222439,Kentucky,KY,7.25,7.25,0,1,1,2014.0,899.0290500000001,2828.4060000000004,5050.725,8081.160000000001,10303.479,13434.928500000002,16162.320000000002,20202.9,22223.19,25253.625,28183.0455,30304.35,33334.785,35860.1475,40405.8,42426.09,45456.525,50507.25,53537.685000000005,60608.7,65659.425,72730.44,81821.74500000001,101014.5,154552.185
22,17919,17919,1980522.0,12448,33334.785,43638.264,788.1547630740257,0.0236436132128653,0.0287768231588322,Louisiana,LA,7.25,7.25,0,1,1,2016.0,707.1015000000001,3030.4350000000004,5353.7685,8485.218,11111.595,13737.972000000002,16162.320000000002,19697.827500000003,21314.059500000003,24748.5525,27273.915,30304.35,33334.785,36365.22,40405.8,44446.380000000005,48486.96000000001,50507.25,56568.12,62628.990000000005,70710.15000000001,80811.6,92933.34,119197.11000000002,176245.213677927
23,5793,5793,624917.0,3634,35355.075000000004,45456.525,18.587653967005437,0.0005257421732807,0.0365325362004603,Maine,ME,11.0,7.25,1,1,0,2014.0,868.7247000000001,3030.4350000000004,5050.725,8081.160000000001,11111.595,15152.175,18485.6535,21213.045,24445.509,27273.915,30304.35,32324.640000000003,35355.075000000004,38385.51,40405.8,43739.2785,47036.33235970591,50507.25,55557.975000000006,60608.7,66669.57,75760.875,84852.18000000001,103094.67716785702,172624.650343269
24,28787,28787,2998980.0,20585,46466.670000000006,60608.7,701.3170364325944,0.0150929050098187,0.0030983866769659,Maryland,MD,10.1,7.25,1,1,0,2014.0,979.84065,3131.4495,6767.971500000001,10505.508000000002,15152.175,20202.9,23233.335000000003,27071.886,30304.35,35031.40770624999,38385.51,41533.55473928583,46466.670000000006,50507.25,55557.975000000006,60608.7,65659.425,72730.44,80811.6,88892.76000000001,98994.21,109095.66,126268.125,151521.75,227282.62500000003
25,35405,35405,3557071.0,23121,46466.670000000006,63639.135,917.2586458612724,0.0197401416081951,0.0034401045807688,Massachusetts,MA,12.0,7.25,1,1,0,2019.0,1010.145,3030.4350000000004,5656.812000000001,9394.3485,13131.885,18182.61,22223.19,25655.76028082386,30304.35,34344.93,38385.51,41415.945,46466.670000000006,50507.25,55557.975000000006,60608.7,66522.3774428592,72730.44,80811.6,89902.90500000001,101014.5,111115.95,131318.85,161623.2,262637.7
26,44729,44729,4719504.0,29174,35355.075000000004,48486.96000000001,657.7805538894579,0.0186049825630254,0.0163554008854879,Michigan,MI,9.25,7.25,1,1,1,2014.0,808.1160000000001,2828.4060000000004,5050.725,7677.102000000001,10101.45,13131.885,16162.320000000002,20202.9,22223.19,25253.625,29092.176000000003,30304.35,35355.075000000004,38385.51,40405.8,45456.525,50507.25,55557.975000000006,60608.7,65659.425,73740.585,82831.89,98994.21,121217.4,186876.825
27,27011,27011,2927852.0,17784,41415.945,55557.975000000006,753.7764150811537,0.0182001500890817,0.014920911764033,Minnesota,MN,9.86,7.25,1,1,0,2014.0,1010.145,3434.4930000000004,6060.870000000001,10101.45,13131.885,18182.61,21213.045,25253.625,30304.35,32324.640000000003,35355.075000000004,39900.7275,41415.945,45456.525,50507.25,52527.54,58588.41,61618.845,69700.005,75760.875,81821.74500000001,90913.05,106065.225,132328.995,211498.02440444435
28,11450,11450,1237469.0,7992,30304.35,38817.285393292674,245.36336796774515,0.0080966385343274,0.0171189123494097,Mississippi,MS,7.25,7.25,0,0,1,2021.0,808.1160000000001,3030.4350000000004,5050.725,7778.116500000001,10101.45,12767.689464431814,15152.175,18182.61,20202.9,22223.19,25253.625,26566.8135,30304.35,32324.640000000003,35355.075000000004,38385.51,41415.945,45456.525,50507.25,54547.83,60608.7,67679.71500000001,80811.6,98994.21,141420.30000000002
29,27646,27646,2874787.0,19229,35355.075000000004,45456.525,0.0,0.0,0.0024845199749997,Missouri,MO,8.6,7.25,1,0,0,,1010.145,3030.4350000000004,5757.8265,8889.276,12121.740000000002,15152.175,18182.61,20202.9,24243.480000000003,26566.8135,30304.35,32324.640000000003,35355.075000000004,38385.51,40405.8,45456.525,49194.0615,52359.611436305626,57578.26500000001,62628.990000000005,70710.15000000001,78791.31000000001,90913.05,111115.95,176775.375
30,4571,4571,508677.0,2853,31516.524,44244.351,1067.5360624090974,0.0338722653046731,0.0333586182630403,Montana,MT,8.5,7.25,1,1,0,2016.0,899.0290500000001,2323.3335,4040.58,6060.870000000001,9091.305,11616.6675,14142.03,18182.61,20202.9,23233.335000000003,25253.625,29294.205,31516.524,35355.075000000004,38789.568,40405.8,45456.525,50507.25,53537.685000000005,60608.7,65659.425,72730.44,81821.74500000001,101014.5,161623.2
31,9197,9197,974283.0,6332,36365.22,45456.525,532.2145632564293,0.0146352631238427,0.0262931294899328,Nebraska,NE,9.0,7.25,1,0,1,2023.0,1010.145,3030.4350000000004,5050.725,9091.305,12121.740000000002,15152.175,20202.9,22425.219,25253.625,29294.205,30304.35,34103.36103857144,36365.22,40405.8,41415.945,45456.525,50507.25,52527.54,56568.12,60608.7,68689.86,75760.875,86872.47,106065.225,157582.62000000002
32,13103,13103,1434824.0,9085,35355.075000000004,42426.09,0.0,0.0,0.0089580641647762,Nevada,NV,8.25,7.25,1,1,1,2014.0,1010.145,4444.638,8081.160000000001,11313.624000000002,14699.040174306563,18012.359615675683,20202.9,23233.335000000003,25253.625,28284.06,30304.35,32728.698000000004,35355.075000000004,38385.51,40405.8,43638.264,48142.00538588244,50507.25,56568.12,61618.845,70710.15000000001,80811.6,90913.05,114146.385,173261.16244864737
33,6710,6710,695874.0,4394,41745.78826530613,55557.975000000006,1129.5811625805488,0.0270585658941626,0.0061432284833244,New Hampshire,NH,7.25,7.25,0,0,0,2020.0,879.3358140681818,2828.4060000000004,5050.725,9647.192929830511,13131.885,18182.61,21680.418689556656,25253.625,29092.176000000003,31011.451500000003,35355.075000000004,39395.655000000006,41745.78826530613,45456.525,50507.25,55557.975000000006,60608.7,64649.280000000006,70710.15000000001,75760.875,85862.32500000001,95963.775,111115.95,141420.30000000002,202029.0
34,42484,42484,4337906.0,29521,46062.612,60608.7,1026.2866424857373,0.022280252854218,0.0212050080235561,New Jersey,NJ,8.85,7.25,1,1,0,2014.0,1010.145,3535.5075,6868.986000000001,10101.45,15152.175,19192.755,22223.19,25758.6975,30304.35,33334.785,37375.365000000005,40405.8,46062.612,50507.25,55557.975000000006,60608.7,66669.57,74750.73000000001,80811.6,90913.05,101014.5,116166.675,136369.575,176775.375,301023.21
35,7768,7768,904259.0,5257,30304.35,40405.8,225.87528871315263,0.0074535599249993,0.0212573636916838,New Mexico,NM,7.5,7.25,1,1,0,2014.0,808.1160000000001,3030.4350000000004,5050.725,7576.087500000001,10101.45,12121.740000000002,15152.175,18182.61,20202.9,23233.335000000003,25253.625,28284.06,30304.35,34344.93,37375.365000000005,40405.8,45456.525,50507.25,53537.685000000005,60608.7,65659.425,75760.875,85862.32500000001,111115.95,151521.75
36,91555,91555,9294666.0,61567,42325.075500000006,56568.12,531.3796661505604,0.0125547245899315,0.0032274861218395,New York,NY,11.1,7.25,1,1,0,2014.0,1010.145,3636.522,6970.0005,10101.45,14546.088000000002,18182.61,21011.016000000003,25253.625,28284.06,30304.35,35355.075000000004,39395.655000000006,42325.075500000006,46466.670000000006,50507.25,55557.975000000006,60608.7,68689.86,75760.875,80811.6,90913.05,101014.5,121217.4,157582.62000000002,287891.325
37,45642,45642,4879838.0,31459,34850.0025,43436.235,766.9788256340048,0.0220079991567864,0.0172965018159526,North Carolina,NC,7.25,7.25,0,1,1,2014.0,855.070007129771,3030.4350000000004,5050.725,8687.247000000001,12121.740000000002,15152.175,18182.61,20202.9,23738.4075,25253.625,29193.1905,30304.35,34850.0025,37072.321500000005,40405.8,43436.235,47476.815,50507.25,55557.975000000006,60608.7,70710.15000000001,80811.6,95963.775,121217.4,196978.275
38,3662,3662,394919.0,2418,37375.365000000005,48378.88154895105,1379.251113416348,0.0369026794364776,0.0541805039019167,North Dakota,ND,7.25,7.25,0,1,1,2014.0,1212.174,3636.522,6060.870000000001,9091.305,11111.595,15152.175,20202.9,23233.335000000003,25253.625,28995.650679826773,30304.35,35355.075000000004,37375.365000000005,40405.8,43436.235,46466.670000000006,50507.25,53537.685000000005,60608.7,62628.990000000005,68689.86,75760.875,90913.05,111115.95,181676.11914915184
39,54960,54960,5590487.0,36751,35355.075000000004,47476.815,0.0,0.0,0.0160127726195725,Ohio,OH,8.55,7.25,1,1,0,2014.0,909.1305,3030.4350000000004,5050.725,8081.160000000001,11111.595,15152.175,18182.61,20202.9,24243.480000000003,26394.595127443805,30304.35,32324.640000000003,35355.075000000004,39294.6405,41415.945,45456.525,50507.25,53537.685000000005,60608.7,65659.425,70710.15000000001,80811.6,91923.195,111115.95,176775.375
40,15510,15510,1746067.0,10931,33334.785,42426.09,849.806478185706,0.0254930841217576,0.0166884197943101,Oklahoma,OK,7.25,7.25,0,0,1,2021.0,951.9855736558444,3030.4350000000004,6060.870000000001,9091.305,12121.740000000002,15152.175,18182.61,20202.9,23233.335000000003,25253.625,28284.06,30304.35,33334.785,36365.22,40405.8,42426.09,46466.670000000006,50507.25,55557.975000000006,60608.7,66669.57,75760.875,86647.48315909137,106065.225,176775.375
41,18896,18896,1986607.0,11917,36365.22,50507.25,268.18834169589275,0.0073748582215615,0.0,Oregon,OR,10.75,7.25,1,1,0,2014.0,1010.145,3030.4350000000004,6060.870000000001,9596.3775,12121.740000000002,16051.957378474555,20000.871000000003,22223.19,25253.625,28284.06,30304.35,33334.785,36365.22,40405.8,43436.235,48284.931,50507.25,57578.26500000001,62628.990000000005,70710.15000000001,78791.31000000001,88892.76000000001,101014.5,124247.835,202029.0
42,59424,59424,6116941.0,40270,38385.51,50507.25,0.0,0.0,0.0,Pennsylvania,PA,7.25,7.25,0,1,0,2015.0,878.3274015888326,2525.3625,5050.725,8081.160000000001,11616.6675,15152.175,19192.755,22223.19,25253.625,29092.176000000003,30304.35,35355.075000000004,38385.51,40405.8,45456.525,50507.25,52527.54,58588.41,62628.990000000005,70710.15000000001,76771.02,86872.47,101014.5,123237.69,202029.0
44,5196,5196,539623.0,3411,39395.655000000006,50507.25,1246.9350448540972,0.0316515880965577,0.0313357488273554,Rhode Island,RI,10.5,7.25,1,1,0,2014.0,724.8323286141734,3030.4350000000004,5050.725,7879.131,12121.740000000002,15152.175,19596.813,23233.335000000003,25253.625,30304.35,33119.230604698794,35355.075000000004,39395.655000000006,41415.945,45456.525,50507.25,55557.975000000006,60608.7,64649.280000000006,70710.15000000001,77422.97946705844,85862.32500000001,98994.21,121217.4,185347.08666562545
45,21910,21910,2322151.0,15072,33637.8285,42426.09,750.3546187172373,0.0223068685517924,0.0249061361257636,South Carolina,SC,7.25,7.25,0,0,1,,909.1305,3030.4350000000004,5252.754000000001,8081.160000000001,11212.6095,15059.835862941174,17576.523,20202.9,23233.335000000003,25253.625,28284.06,30304.35,33637.8285,36365.22,40405.8,42426.09,45456.525,50507.25,55557.975000000006,60608.7,66669.57,75760.875,89902.90500000001,111115.95,176775.375
46,4100,4100,422915.0,2823,35355.075000000004,43436.235,187.33937683685213,0.0052987973250474,0.040210290166985,South Dakota,SD,9.1,7.25,1,0,1,2023.0,1010.145,3333.4785,5050.725,8081.160000000001,11111.595,15152.175,20202.9,22223.19,25253.625,27273.915,30304.35,31314.495000000003,35355.075000000004,37880.4375,40405.8,42426.09,45456.525,50507.25,52527.54,57578.26500000001,60610.60593396212,70710.15000000001,80811.6,101014.5,161623.2
47,29806,29806,3107240.0,20682,33637.8285,42426.09,710.0891100026972,0.02110983799096,0.0049690399499995,Tennessee,TN,7.25,7.25,0,0,1,,909.1305,3030.4350000000004,5757.8265,9091.305,12121.740000000002,15152.175,18182.61,20202.9,24243.480000000003,25253.625,29092.176000000003,30304.35,33637.8285,36365.22,40405.8,42426.09,46264.641,50507.25,55557.975000000006,60608.7,65659.425,75760.875,90913.05,113136.24,181826.1
48,120123,120123,13401529.0,85389,35355.075000000004,45456.525,0.0,0.0,0.0,Texas,TX,7.25,7.25,0,0,1,,1010.145,3333.4785,6060.870000000001,9798.4065,12121.740000000002,15152.175,18182.61,20606.958,24243.480000000003,26263.77,30304.35,32324.640000000003,35355.075000000004,39799.713,42426.09,47476.815,50507.25,55557.975000000006,60608.7,67679.71500000001,75760.875,86872.47,101014.5,129298.56,202029.0
49,15331,15331,1587747.0,9448,34344.93,49340.44691949154,346.6205840749896,0.0100923363091725,0.0233967839645883,Utah,UT,7.25,7.25,0,0,1,2020.0,707.1015000000001,2525.3625,5050.725,7071.015,10101.45,12121.740000000002,15152.175,19672.00819379999,22223.19,25253.625,28284.06,30304.35,34344.93,37375.365000000005,40405.8,45456.525,50507.25,53537.685000000005,60608.7,65659.425,72730.44,80811.6,97984.065,121217.4,202029.0
50,3070,3070,313786.0,1926,36365.22,50507.25,1240.2030452703154,0.0341040985114435,0.0283407811949277,Vermont,VT,10.78,7.25,1,1,0,2019.0,659.9954676352942,2020.29,3636.522,5050.725,8081.160000000001,12121.740000000002,16162.320000000002,20202.9,24243.480000000003,27273.915,30304.35,32370.678123636382,36365.22,40405.8,42426.09,45456.525,50507.25,52527.54,58425.54794292453,62628.990000000005,70710.15000000001,75760.875,87882.615,103771.9713733329,151521.75
51,40871,40871,4245039.0,28767,40405.8,52527.54,0.0,0.0,0.0,Virginia,VA,7.25,7.25,0,1,1,2014.0,909.1305,3030.4350000000004,5656.812000000001,9899.421,13131.885,16970.436,20202.9,24243.480000000003,26263.77,30304.35,33334.785,36870.2925,40405.8,45456.525,50002.177500000005,53537.685000000005,60608.7,65659.425,71720.295,80811.6,90913.05,102024.645,121217.4,151521.75,217181.175
53,36139,36139,3754723.0,24013,42426.09,58588.41,761.1779693202069,0.0179412707916333,0.0266773832725551,Washington,WA,12.0,7.25,1,1,0,2014.0,1010.145,4040.58,7273.044000000001,11111.595,15152.175,20202.9,23233.335000000003,25354.6395,30304.35,32324.640000000003,35355.075000000004,40405.8,42426.09,47274.786,50507.25,56568.12,60608.7,68689.86,75760.875,82831.89,93943.485,104044.935,123237.69,151521.75,242434.8
54,7134,7134,742695.0,4788,31314.495000000003,40405.8,1246.9613886288664,0.0398205811279685,0.0304029091447027,West Virginia,WV,8.75,7.25,1,0,1,,726.4620944769232,3030.4350000000004,5353.7685,8081.160000000001,11111.595,14142.03,16619.03180812501,20202.9,22223.19,25253.625,26263.77,29294.205,31314.495000000003,35355.075000000004,37877.34138993806,40405.8,45456.525,50507.25,52527.54,60608.7,65659.425,73740.585,83842.035,101014.5,150337.40652550998
55,28377,28377,2950221.0,19074,38385.51,49497.105,528.8816050429717,0.0137781575663048,0.0133795495319913,Wisconsin,WI,7.25,7.25,0,1,1,2014.0,1010.145,3232.4640000000004,5757.8265,9091.305,12121.740000000002,16162.320000000002,20202.9,23233.335000000003,26162.755500000003,30304.35,32324.640000000003,35355.075000000004,38385.51,40405.8,44953.51164173078,48486.96000000001,50507.25,55557.975000000006,60608.7,65659.425,70710.15000000001,79801.455,90913.05,107191.73345649248,171724.65000000002
56,2755,2755,279136.0,1825,35567.35184782609,48992.0325,906.958552267128,0.0254997492123542,0.043656972972698,Wyoming,WY,7.25,7.25,0,0,1,,1010.145,2525.3625,4863.49579883721,7071.015,10101.45,13131.885,17172.465,20202.9,24243.480000000003,26263.77,30304.35,32324.640000000003,35567.35184782609,38981.68279639025,42426.09,47476.815,50507.25,54547.83,60608.7,65659.425,70710.15000000001,80811.6,92804.26591666718,108085.515,151521.75
