year,state_fips,k,u_k,earnwke_q
2010,1,1,0.02,85.29017240534712
2010,1,2,0.06,160.0
2010,1,3,0.1,218.4716146961423
2010,1,4,0.14,270.0
2010,1,5,0.18,300.0
2010,1,6,0.22,340.0
2010,1,7,0.26,375.193835081634
2010,1,8,0.3,400.0
2010,1,9,0.34,420.0
2010,1,10,0.38,461.53
2010,1,11,0.42,500.0
2010,1,12,0.46,523.8981171699437
2010,1,13,0.5,570.0
2010,1,14,0.54,600.0
2010,1,15,0.58,673.07
2010,1,16,0.62,719.7689181189734
2010,1,17,0.66,780.0320558435697
2010,1,18,0.7,855.7107042757096
2010,1,19,0.74,900.0
2010,1,20,0.78,961.0
2010,1,21,0.82,1019.1538206185862
2010,1,22,0.86,1153.84
2010,1,23,0.9,1269.1074906578722
2010,1,24,0.94,1623.4339843633898
2010,1,25,0.98,2195.209037623119
2010,2,1,0.02,75.0
2010,2,2,0.06,169.89384988840757
2010,2,3,0.1,250.0
2010,2,4,0.14,319.1986374017576
2010,2,5,0.18,370.0
2010,2,6,0.22,410.0
2010,2,7,0.26,461.0
2010,2,8,0.3,500.0
2010,2,9,0.34,550.0
2010,2,10,0.38,588.8547309895847
2010,2,11,0.42,611.9799216671618
2010,2,12,0.46,673.2674382657505
2010,2,13,0.5,720.0
2010,2,14,0.54,775.2
2010,2,15,0.58,845.6190448816402
2010,2,16,0.62,900.0
2010,2,17,0.66,961.0
2010,2,18,0.7,1021.7956107964596
2010,2,19,0.74,1134.479399012727
2010,2,20,0.78,1236.5207399946996
2010,2,21,0.82,1384.61
2010,2,22,0.86,1536.456692536129
2010,2,23,0.9,1826.92
2010,2,24,0.94,2202.9399824835355
2010,2,25,0.98,2884.61
2010,4,1,0.02,100.0
2010,4,2,0.06,193.0
2010,4,3,0.1,248.4369278707883
2010,4,4,0.14,300.0
2010,4,5,0.18,338.79186425282217
2010,4,6,0.22,380.0
2010,4,7,0.26,400.0
2010,4,8,0.3,440.0
2010,4,9,0.34,480.0
2010,4,10,0.38,520.0
2010,4,11,0.42,560.0
2010,4,12,0.46,600.0
2010,4,13,0.5,640.0
2010,4,14,0.54,692.0
2010,4,15,0.58,750.0
2010,4,16,0.62,785.4140261883605
2010,4,17,0.66,840.0
2010,4,18,0.7,909.0
2010,4,19,0.74,979.4260071631921
2010,4,20,0.78,1091.4652070535526
2010,4,21,0.82,1211.53
2010,4,22,0.86,1390.8456095897675
2010,4,23,0.9,1606.5015377702748
2010,4,24,0.94,1923.07
2010,4,25,0.98,2884.5946171802593
2010,5,1,0.02,96.01579706247227
2010,5,2,0.06,159.366859712904
2010,5,3,0.1,226.23635062398247
2010,5,4,0.14,280.0
2010,5,5,0.18,307.69
2010,5,6,0.22,346.6086664531149
2010,5,7,0.26,370.0
2010,5,8,0.3,400.0
2010,5,9,0.34,410.0
2010,5,10,0.38,450.0
2010,5,11,0.42,480.0
2010,5,12,0.46,509.0821713989671
2010,5,13,0.5,550.0
2010,5,14,0.54,576.92
2010,5,15,0.58,604.6420300603514
2010,5,16,0.62,646.15
2010,5,17,0.66,700.0
2010,5,18,0.7,760.0
2010,5,19,0.74,807.6176849061337
2010,5,20,0.78,880.0
2010,5,21,0.82,961.53
2010,5,22,0.86,1057.0
2010,5,23,0.9,1200.0
2010,5,24,0.94,1418.2377546223431
2010,5,25,0.98,1950.4799147624794
2010,6,1,0.02,96.0
2010,6,2,0.06,167.51227253124026
2010,6,3,0.1,230.0
2010,6,4,0.14,280.4509450600945
2010,6,5,0.18,320.0
2010,6,6,0.22,352.938842089234
2010,6,7,0.26,397.4161764426285
2010,6,8,0.3,430.0
2010,6,9,0.34,480.0
2010,6,10,0.38,513.4845438218066
2010,6,11,0.42,570.0
2010,6,12,0.46,600.0
2010,6,13,0.5,673.07
2010,6,14,0.54,730.0
2010,6,15,0.58,800.0
2010,6,16,0.62,865.38
2010,6,17,0.66,961.0
2010,6,18,0.7,1038.46
2010,6,19,0.74,1153.0
2010,6,20,0.78,1260.0
2010,6,21,0.82,1439.694660781092
2010,6,22,0.86,1616.0
2010,6,23,0.9,1923.0
2010,6,24,0.94,2307.69
2010,6,25,0.98,2884.61
2010,8,1,0.02,96.0
2010,8,2,0.06,170.0
2010,8,3,0.1,250.0
2010,8,4,0.14,300.0
2010,8,5,0.18,350.0
2010,8,6,0.22,384.67274526937155
2010,8,7,0.26,431.6013045752364
2010,8,8,0.3,480.0
2010,8,9,0.34,520.0
2010,8,10,0.38,576.0
2010,8,11,0.42,606.6059825185611
2010,8,12,0.46,673.07
2010,8,13,0.5,715.38
2010,8,14,0.54,769.23
2010,8,15,0.58,826.92
2010,8,16,0.62,884.61
2010,8,17,0.66,961.53
2010,8,18,0.7,1019.23
2010,8,19,0.74,1153.0
2010,8,20,0.78,1250.0
2010,8,21,0.82,1400.0
2010,8,22,0.86,1538.46
2010,8,23,0.9,1826.92
2010,8,24,0.94,2253.3376159377426
2010,8,25,0.98,2884.61
2010,9,1,0.02,90.0
2010,9,2,0.06,165.0
2010,9,3,0.1,225.0
2010,9,4,0.14,289.1181200671128
2010,9,5,0.18,350.0
2010,9,6,0.22,400.0
2010,9,7,0.26,452.1857456275563
2010,9,8,0.3,500.0
2010,9,9,0.34,576.0
2010,9,10,0.38,615.0
2010,9,11,0.42,673.07
2010,9,12,0.46,738.1683373441755
2010,9,13,0.5,800.0
2010,9,14,0.54,865.38
2010,9,15,0.58,961.0
2010,9,16,0.62,1010.0
2010,9,17,0.66,1115.38
2010,9,18,0.7,1192.0
2010,9,19,0.74,1300.0
2010,9,20,0.78,1442.0
2010,9,21,0.82,1557.69
2010,9,22,0.86,1750.0
2010,9,23,0.9,2000.0
2010,9,24,0.94,2500.0
2010,9,25,0.98,2884.61
2010,10,1,0.02,90.0
2010,10,2,0.06,172.77049203721802
2010,10,3,0.1,230.975444977496
2010,10,4,0.14,300.0
2010,10,5,0.18,330.9696057799528
2010,10,6,0.22,380.0
2010,10,7,0.26,407.8246602476262
2010,10,8,0.3,467.4924980790209
2010,10,9,0.34,500.0
2010,10,10,0.38,550.0
2010,10,11,0.42,600.0
2010,10,12,0.46,640.0
2010,10,13,0.5,692.0
2010,10,14,0.54,736.2695757881768
2010,10,15,0.58,788.46
2010,10,16,0.62,865.0
2010,10,17,0.66,936.0850260990368
2010,10,18,0.7,1000.0
2010,10,19,0.74,1050.2171889576844
2010,10,20,0.78,1153.2249689898713
2010,10,21,0.82,1250.0
2010,10,22,0.86,1384.61
2010,10,23,0.9,1600.0
2010,10,24,0.94,1923.07
2010,10,25,0.98,2744.645609449034
2010,11,1,0.02,101.99850496128106
2010,11,2,0.06,248.12635858302363
2010,11,3,0.1,349.48869432729924
2010,11,4,0.14,413.2
2010,11,5,0.18,480.76
2010,11,6,0.22,550.0
2010,11,7,0.26,577.254323143163
2010,11,8,0.3,640.0
2010,11,9,0.34,685.5460764790737
2010,11,10,0.38,769.23
2010,11,11,0.42,828.2416190401202
2010,11,12,0.46,894.5272665579856
2010,11,13,0.5,961.53
2010,11,14,0.54,1000.0
2010,11,15,0.58,1104.8985718211743
2010,11,16,0.62,1162.5
2010,11,17,0.66,1250.0
2010,11,18,0.7,1346.15
2010,11,19,0.74,1480.76
2010,11,20,0.78,1646.5418492550903
2010,11,21,0.82,1846.15
2010,11,22,0.86,2019.23
2010,11,23,0.9,2403.84
2010,11,24,0.94,2884.61
2010,11,25,0.98,2884.61
2010,12,1,0.02,100.0
2010,12,2,0.06,191.78466980953843
2010,12,3,0.1,245.0
2010,12,4,0.14,300.0
2010,12,5,0.18,330.0
2010,12,6,0.22,369.5220437027881
2010,12,7,0.26,400.0
2010,12,8,0.3,440.0
2010,12,9,0.34,480.0
2010,12,10,0.38,512.0045381084868
2010,12,11,0.42,560.0
2010,12,12,0.46,600.0
2010,12,13,0.5,636.0
2010,12,14,0.54,675.0
2010,12,15,0.58,730.76
2010,12,16,0.62,769.23
2010,12,17,0.66,830.6301241323096
2010,12,18,0.7,906.4548535872956
2010,12,19,0.74,979.9368337125874
2010,12,20,0.78,1057.69
2010,12,21,0.82,1160.0
2010,12,22,0.86,1346.0
2010,12,23,0.9,1538.0
2010,12,24,0.94,1923.0
2010,12,25,0.98,2884.61
2010,13,1,0.02,108.75
2010,13,2,0.06,180.0
2010,13,3,0.1,240.0
2010,13,4,0.14,290.0
2010,13,5,0.18,323.05130723512656
2010,13,6,0.22,360.0
2010,13,7,0.26,400.0
2010,13,8,0.3,436.76027957808566
2010,13,9,0.34,480.0
2010,13,10,0.38,510.0
2010,13,11,0.42,560.0
2010,13,12,0.46,600.0
2010,13,13,0.5,640.1552060450646
2010,13,14,0.54,685.2499007828353
2010,13,15,0.58,750.0
2010,13,16,0.62,800.0
2010,13,17,0.66,865.38
2010,13,18,0.7,961.0
2010,13,19,0.74,1000.0
2010,13,20,0.78,1115.0
2010,13,21,0.82,1211.0
2010,13,22,0.86,1388.1381383537382
2010,13,23,0.9,1609.5964984631082
2010,13,24,0.94,1923.07
2010,13,25,0.98,2884.61
2010,15,1,0.02,90.02071443141563
2010,15,2,0.06,174.0
2010,15,3,0.1,230.0
2010,15,4,0.14,285.0636093660017
2010,15,5,0.18,326.4277447903134
2010,15,6,0.22,366.3517213537361
2010,15,7,0.26,400.0
2010,15,8,0.3,450.0
2010,15,9,0.34,484.4650472087184
2010,15,10,0.38,520.0
2010,15,11,0.42,560.0
2010,15,12,0.46,600.0
2010,15,13,0.5,635.7490070368062
2010,15,14,0.54,673.07
2010,15,15,0.58,727.0482187257194
2010,15,16,0.62,769.23
2010,15,17,0.66,828.0
2010,15,18,0.7,900.0
2010,15,19,0.74,970.8823270615068
2010,15,20,0.78,1050.0
2010,15,21,0.82,1153.84
2010,15,22,0.86,1250.0
2010,15,23,0.9,1442.3
2010,15,24,0.94,1800.0
2010,15,25,0.98,2634.136072677801
2010,16,1,0.02,59.55669456340613
2010,16,2,0.06,120.0
2010,16,3,0.1,173.05851521562926
2010,16,4,0.14,230.76
2010,16,5,0.18,271.90765625969766
2010,16,6,0.22,315.0
2010,16,7,0.26,359.49498790315994
2010,16,8,0.3,400.0
2010,16,9,0.34,420.0
2010,16,10,0.38,461.53
2010,16,11,0.42,500.0
2010,16,12,0.46,528.6083163847935
2010,16,13,0.5,576.4022036694478
2010,16,14,0.54,600.0
2010,16,15,0.58,647.1813834762985
2010,16,16,0.62,700.0
2010,16,17,0.66,768.5353536529917
2010,16,18,0.7,826.6062032701518
2010,16,19,0.74,912.584748635625
2010,16,20,0.78,1000.0
2010,16,21,0.82,1076.5103530259098
2010,16,22,0.86,1211.53
2010,16,23,0.9,1382.2073204637543
2010,16,24,0.94,1687.9862877800608
2010,16,25,0.98,2461.3820136718905
2010,17,1,0.02,96.0
2010,17,2,0.06,156.5023809549228
2010,17,3,0.1,200.0
2010,17,4,0.14,255.0
2010,17,5,0.18,307.69
2010,17,6,0.22,346.15
2010,17,7,0.26,384.61
2010,17,8,0.3,416.0
2010,17,9,0.34,461.53
2010,17,10,0.38,500.0
2010,17,11,0.42,550.0
2010,17,12,0.46,600.0
2010,17,13,0.5,653.0
2010,17,14,0.54,700.0
2010,17,15,0.58,769.0
2010,17,16,0.62,826.0
2010,17,17,0.66,900.0
2010,17,18,0.7,961.53
2010,17,19,0.74,1050.0
2010,17,20,0.78,1153.0
2010,17,21,0.82,1250.0
2010,17,22,0.86,1415.1296678944188
2010,17,23,0.9,1680.0
2010,17,24,0.94,2019.23
2010,17,25,0.98,2884.61
2010,18,1,0.02,83.80336252705777
2010,18,2,0.06,160.0
2010,18,3,0.1,217.5
2010,18,4,0.14,269.13806418625006
2010,18,5,0.18,304.0
2010,18,6,0.22,340.3464449320144
2010,18,7,0.26,380.0
2010,18,8,0.3,405.125384313895
2010,18,9,0.34,456.0
2010,18,10,0.38,500.0
2010,18,11,0.42,520.0
2010,18,12,0.46,562.5
2010,18,13,0.5,600.0
2010,18,14,0.54,635.3501549466288
2010,18,15,0.58,700.0
2010,18,16,0.62,750.0
2010,18,17,0.66,807.0
2010,18,18,0.7,877.3102720736807
2010,18,19,0.74,950.0
2010,18,20,0.78,1000.0
2010,18,21,0.82,1100.0
2010,18,22,0.86,1200.0
2010,18,23,0.9,1384.2521646142293
2010,18,24,0.94,1664.936193300433
2010,18,25,0.98,2409.7822851522087
2010,19,1,0.02,66.05678993215419
2010,19,2,0.06,133.23942268209265
2010,19,3,0.1,181.25
2010,19,4,0.14,247.62531427395595
2010,19,5,0.18,290.0
2010,19,6,0.22,332.8363190434337
2010,19,7,0.26,370.2227165726571
2010,19,8,0.3,400.0
2010,19,9,0.34,450.0
2010,19,10,0.38,480.76
2010,19,11,0.42,520.0
2010,19,12,0.46,560.0
2010,19,13,0.5,600.0
2010,19,14,0.54,634.61
2010,19,15,0.58,675.0
2010,19,16,0.62,720.1619928651716
2010,19,17,0.66,770.0
2010,19,18,0.7,840.0
2010,19,19,0.74,903.84
2010,19,20,0.78,977.2960768505499
2010,19,21,0.82,1057.69
2010,19,22,0.86,1179.2526587041916
2010,19,23,0.9,1311.5874857768708
2010,19,24,0.94,1576.92
2010,19,25,0.98,2307.0
2010,20,1,0.02,72.5
2010,20,2,0.06,135.23514922612657
2010,20,3,0.1,203.4515302674458
2010,20,4,0.14,254.4948460926621
2010,20,5,0.18,300.0
2010,20,6,0.22,340.0
2010,20,7,0.26,376.0
2010,20,8,0.3,408.0
2010,20,9,0.34,450.0
2010,20,10,0.38,480.76
2010,20,11,0.42,519.0
2010,20,12,0.46,555.6331181973835
2010,20,13,0.5,587.7665451962279
2010,20,14,0.54,630.0
2010,20,15,0.58,680.0
2010,20,16,0.62,740.0
2010,20,17,0.66,787.6827895339346
2010,20,18,0.7,850.0
2010,20,19,0.74,942.3
2010,20,20,0.78,1011.0853770687486
2010,20,21,0.82,1137.9235856886064
2010,20,22,0.86,1250.0
2010,20,23,0.9,1442.3
2010,20,24,0.94,1805.5703040105577
2010,20,25,0.98,2593.509174360412
2010,21,1,0.02,92.08389568238339
2010,21,2,0.06,150.0
2010,21,3,0.1,200.0
2010,21,4,0.14,250.0
2010,21,5,0.18,299.331401967278
2010,21,6,0.22,325.0
2010,21,7,0.26,360.0
2010,21,8,0.3,398.21399281277684
2010,21,9,0.34,424.0
2010,21,10,0.38,461.53
2010,21,11,0.42,500.0
2010,21,12,0.46,538.46
2010,21,13,0.5,576.0
2010,21,14,0.54,600.0
2010,21,15,0.58,650.0
2010,21,16,0.62,696.8
2010,21,17,0.66,750.0
2010,21,18,0.7,800.0
2010,21,19,0.74,865.38
2010,21,20,0.78,959.9172620967092
2010,21,21,0.82,1047.0264545052694
2010,21,22,0.86,1160.0
2010,21,23,0.9,1327.2709235726716
2010,21,24,0.94,1538.46
2010,21,25,0.98,2189.0160017325725
2010,22,1,0.02,91.2622748012575
2010,22,2,0.06,160.0
2010,22,3,0.1,200.0
2010,22,4,0.14,250.0
2010,22,5,0.18,300.0
2010,22,6,0.22,325.0
2010,22,7,0.26,360.0
2010,22,8,0.3,400.0
2010,22,9,0.34,433.1720708306947
2010,22,10,0.38,463.7119092420433
2010,22,11,0.42,500.0
2010,22,12,0.46,550.0
2010,22,13,0.5,579.6873000924118
2010,22,14,0.54,615.7277425909966
2010,22,15,0.58,692.2991626468754
2010,22,16,0.62,769.0
2010,22,17,0.66,807.69
2010,22,18,0.7,896.5379221919112
2010,22,19,0.74,961.4572532389462
2010,22,20,0.78,1038.0
2010,22,21,0.82,1153.84
2010,22,22,0.86,1346.0
2010,22,23,0.9,1519.031252165633
2010,22,24,0.94,1813.5134064372858
2010,22,25,0.98,2750.934050273024
2010,23,1,0.02,72.69187415628666
2010,23,2,0.06,130.0
2010,23,3,0.1,187.0
2010,23,4,0.14,240.0
2010,23,5,0.18,297.5
2010,23,6,0.22,340.0
2010,23,7,0.26,384.0
2010,23,8,0.3,415.0
2010,23,9,0.34,450.0
2010,23,10,0.38,490.6300364558849
2010,23,11,0.42,531.4725010879621
2010,23,12,0.46,576.0
2010,23,13,0.5,600.0
2010,23,14,0.54,649.1203527784963
2010,23,15,0.58,698.1982373933133
2010,23,16,0.62,744.0
2010,23,17,0.66,800.0
2010,23,18,0.7,865.38
2010,23,19,0.74,960.0
2010,23,20,0.78,1038.46
2010,23,21,0.82,1153.0
2010,23,22,0.86,1250.0
2010,23,23,0.9,1401.8300679073648
2010,23,24,0.94,1651.8494936368759
2010,23,25,0.98,2489.6951421898207
2010,24,1,0.02,57.63702594540121
2010,24,2,0.06,160.0
2010,24,3,0.1,240.0
2010,24,4,0.14,300.0
2010,24,5,0.18,353.9558706655602
2010,24,6,0.22,400.0
2010,24,7,0.26,461.0
2010,24,8,0.3,500.0
2010,24,9,0.34,560.0
2010,24,10,0.38,600.0
2010,24,11,0.42,650.0
2010,24,12,0.46,700.0
2010,24,13,0.5,769.0567672013913
2010,24,14,0.54,830.0
2010,24,15,0.58,900.0
2010,24,16,0.62,961.53
2010,24,17,0.66,1057.299555678336
2010,24,18,0.7,1153.84
2010,24,19,0.74,1250.0
2010,24,20,0.78,1365.38
2010,24,21,0.82,1500.0
2010,24,22,0.86,1666.7397513193735
2010,24,23,0.9,1923.0127516163166
2010,24,24,0.94,2307.2353079718696
2010,24,25,0.98,2884.61
2010,25,1,0.02,90.0
2010,25,2,0.06,153.84
2010,25,3,0.1,207.49561107006684
2010,25,4,0.14,280.0
2010,25,5,0.18,346.15
2010,25,6,0.22,397.7341751706959
2010,25,7,0.26,448.71606188331936
2010,25,8,0.3,500.0
2010,25,9,0.34,560.0
2010,25,10,0.38,600.0
2010,25,11,0.42,673.0
2010,25,12,0.46,723.8805653421866
2010,25,13,0.5,783.00578479151
2010,25,14,0.54,846.15
2010,25,15,0.58,923.07
2010,25,16,0.62,1000.0
2010,25,17,0.66,1057.69
2010,25,18,0.7,1153.84
2010,25,19,0.74,1250.0
2010,25,20,0.78,1384.0
2010,25,21,0.82,1527.0526656343604
2010,25,22,0.86,1730.0
2010,25,23,0.9,1923.07
2010,25,24,0.94,2307.69
2010,25,25,0.98,2884.61
2010,26,1,0.02,71.00530594396109
2010,26,2,0.06,130.0
2010,26,3,0.1,172.5
2010,26,4,0.14,225.0
2010,26,5,0.18,273.5621152549529
2010,26,6,0.22,315.0
2010,26,7,0.26,354.98925703656425
2010,26,8,0.3,400.0
2010,26,9,0.34,440.0
2010,26,10,0.38,488.6533127539049
2010,26,11,0.42,530.76
2010,26,12,0.46,576.92
2010,26,13,0.5,620.0
2010,26,14,0.54,673.07
2010,26,15,0.58,730.76
2010,26,16,0.62,791.9383166955063
2010,26,17,0.66,850.0
2010,26,18,0.7,921.9445884135075
2010,26,19,0.74,1000.0
2010,26,20,0.78,1115.0
2010,26,21,0.82,1203.3148152674212
2010,26,22,0.86,1384.0
2010,26,23,0.9,1538.46
2010,26,24,0.94,1923.07
2010,26,25,0.98,2596.15
2010,27,1,0.02,66.13022972231757
2010,27,2,0.06,130.23494048519507
2010,27,3,0.1,192.3
2010,27,4,0.14,250.0
2010,27,5,0.18,301.5764209122247
2010,27,6,0.22,368.0
2010,27,7,0.26,414.0
2010,27,8,0.3,460.0
2010,27,9,0.34,500.0
2010,27,10,0.38,560.0
2010,27,11,0.42,600.0
2010,27,12,0.46,650.0
2010,27,13,0.5,700.0
2010,27,14,0.54,759.4271183297452
2010,27,15,0.58,800.0
2010,27,16,0.62,865.38
2010,27,17,0.66,932.7455902808728
2010,27,18,0.7,999.6845960318082
2010,27,19,0.74,1061.53
2010,27,20,0.78,1153.84
2010,27,21,0.82,1260.0
2010,27,22,0.86,1442.0
2010,27,23,0.9,1623.73551459826
2010,27,24,0.94,1923.07
2010,27,25,0.98,2884.61
2010,28,1,0.02,90.56216240397958
2010,28,2,0.06,152.6394208298533
2010,28,3,0.1,219.32925112401372
2010,28,4,0.14,261.0
2010,28,5,0.18,300.0
2010,28,6,0.22,320.0
2010,28,7,0.26,350.0
2010,28,8,0.3,384.61
2010,28,9,0.34,411.58921411234144
2010,28,10,0.38,450.0
2010,28,11,0.42,480.76
2010,28,12,0.46,519.23
2010,28,13,0.5,560.0
2010,28,14,0.54,600.0
2010,28,15,0.58,628.137295661047
2010,28,16,0.62,680.0
2010,28,17,0.66,730.76
2010,28,18,0.7,800.0
2010,28,19,0.74,865.38
2010,28,20,0.78,958.767379624131
2010,28,21,0.82,1057.0
2010,28,22,0.86,1200.0
2010,28,23,0.9,1358.0243595946938
2010,28,24,0.94,1633.9068770041526
2010,28,25,0.98,2498.0731271649524
2010,29,1,0.02,87.0
2010,29,2,0.06,159.66163967733107
2010,29,3,0.1,222.73388473501134
2010,29,4,0.14,267.6478396018011
2010,29,5,0.18,300.0
2010,29,6,0.22,345.92758376107855
2010,29,7,0.26,380.0
2010,29,8,0.3,415.38
2010,29,9,0.34,456.4466085603913
2010,29,10,0.38,488.04322039525067
2010,29,11,0.42,519.23
2010,29,12,0.46,560.0
2010,29,13,0.5,600.0
2010,29,14,0.54,673.0
2010,29,15,0.58,720.0
2010,29,16,0.62,769.23
2010,29,17,0.66,825.4685752055797
2010,29,18,0.7,900.0
2010,29,19,0.74,961.53
2010,29,20,0.78,1050.0
2010,29,21,0.82,1153.84
2010,29,22,0.86,1300.0
2010,29,23,0.9,1500.0
2010,29,24,0.94,1779.0802134939822
2010,29,25,0.98,2500.0
2010,30,1,0.02,76.85439394916723
2010,30,2,0.06,148.31879531352808
2010,30,3,0.1,200.0
2010,30,4,0.14,250.0
2010,30,5,0.18,292.0159448082554
2010,30,6,0.22,340.0
2010,30,7,0.26,360.0
2010,30,8,0.3,396.0
2010,30,9,0.34,418.4921713025556
2010,30,10,0.38,444.56718039282293
2010,30,11,0.42,480.0
2010,30,12,0.46,500.0
2010,30,13,0.5,550.0
2010,30,14,0.54,580.0
2010,30,15,0.58,635.4092057811281
2010,30,16,0.62,681.870828672306
2010,30,17,0.66,720.0
2010,30,18,0.7,780.0
2010,30,19,0.74,840.933048627283
2010,30,20,0.78,920.0
2010,30,21,0.82,969.5278317325185
2010,30,22,0.86,1100.0
2010,30,23,0.9,1269.9320114429906
2010,30,24,0.94,1508.003187367741
2010,30,25,0.98,1985.5756086596484
2010,31,1,0.02,72.21432240958895
2010,31,2,0.06,150.0
2010,31,3,0.1,200.0
2010,31,4,0.14,275.0
2010,31,5,0.18,320.0
2010,31,6,0.22,360.97514774443596
2010,31,7,0.26,400.0
2010,31,8,0.3,429.967167724215
2010,31,9,0.34,468.0
2010,31,10,0.38,494.0
2010,31,11,0.42,520.0
2010,31,12,0.46,560.0
2010,31,13,0.5,600.0
2010,31,14,0.54,640.0
2010,31,15,0.58,692.0
2010,31,16,0.62,730.76
2010,31,17,0.66,773.5335126743456
2010,31,18,0.7,859.7649332656407
2010,31,19,0.74,923.07
2010,31,20,0.78,970.8502957563504
2010,31,21,0.82,1072.185890475113
2010,31,22,0.86,1200.0
2010,31,23,0.9,1384.61
2010,31,24,0.94,1634.61
2010,31,25,0.98,2307.69
2010,32,1,0.02,100.33193921881342
2010,32,2,0.06,176.30718339364574
2010,32,3,0.1,239.98114108299163
2010,32,4,0.14,288.46
2010,32,5,0.18,330.0
2010,32,6,0.22,364.1440436959367
2010,32,7,0.26,400.0
2010,32,8,0.3,430.0
2010,32,9,0.34,463.22838332289814
2010,32,10,0.38,500.0
2010,32,11,0.42,540.0
2010,32,12,0.46,576.843613428763
2010,32,13,0.5,600.0
2010,32,14,0.54,640.0
2010,32,15,0.58,690.0
2010,32,16,0.62,735.183882835185
2010,32,17,0.66,774.0
2010,32,18,0.7,846.0704859991904
2010,32,19,0.74,923.07
2010,32,20,0.78,1000.0
2010,32,21,0.82,1100.0
2010,32,22,0.86,1250.0
2010,32,23,0.9,1442.180838093273
2010,32,24,0.94,1730.0
2010,32,25,0.98,2307.69
2010,33,1,0.02,75.0
2010,33,2,0.06,150.0
2010,33,3,0.1,216.0
2010,33,4,0.14,289.94418973422836
2010,33,5,0.18,340.48193351883924
2010,33,6,0.22,400.0
2010,33,7,0.26,444.0
2010,33,8,0.3,494.7242641603011
2010,33,9,0.34,538.46
2010,33,10,0.38,580.0
2010,33,11,0.42,634.0
2010,33,12,0.46,680.0
2010,33,13,0.5,734.4766917826618
2010,33,14,0.54,794.2876399228368
2010,33,15,0.58,846.0
2010,33,16,0.62,903.84
2010,33,17,0.66,966.6095600260492
2010,33,18,0.7,1050.0
2010,33,19,0.74,1153.0
2010,33,20,0.78,1230.0112433882266
2010,33,21,0.82,1346.15
2010,33,22,0.86,1500.0
2010,33,23,0.9,1700.0
2010,33,24,0.94,1923.07
2010,33,25,0.98,2884.0
2010,34,1,0.02,85.0
2010,34,2,0.06,171.13967404859457
2010,34,3,0.1,250.0
2010,34,4,0.14,300.2009985833716
2010,34,5,0.18,358.6800754129
2010,34,6,0.22,400.0
2010,34,7,0.26,440.0
2010,34,8,0.3,490.62722733936414
2010,34,9,0.34,538.46
2010,34,10,0.38,580.0
2010,34,11,0.42,634.61
2010,34,12,0.46,700.0
2010,34,13,0.5,769.23
2010,34,14,0.54,865.0
2010,34,15,0.58,923.07
2010,34,16,0.62,1000.0
2010,34,17,0.66,1076.92
2010,34,18,0.7,1175.0
2010,34,19,0.74,1300.818633247691
2010,34,20,0.78,1442.0
2010,34,21,0.82,1600.0
2010,34,22,0.86,1806.698753149414
2010,34,23,0.9,2038.558440811817
2010,34,24,0.94,2500.0
2010,34,25,0.98,2884.61
2010,35,1,0.02,80.0
2010,35,2,0.06,153.26482387929576
2010,35,3,0.1,214.52981620438663
2010,35,4,0.14,264.0
2010,35,5,0.18,303.976688670779
2010,35,6,0.22,346.04476233235204
2010,35,7,0.26,369.22313243209186
2010,35,8,0.3,400.0
2010,35,9,0.34,424.0034042357694
2010,35,10,0.38,480.0
2010,35,11,0.42,500.0
2010,35,12,0.46,550.0
2010,35,13,0.5,592.2749011043214
2010,35,14,0.54,640.3598755868278
2010,35,15,0.58,692.3
2010,35,16,0.62,769.0
2010,35,17,0.66,807.69
2010,35,18,0.7,903.0
2010,35,19,0.74,1000.0
2010,35,20,0.78,1088.3123252911628
2010,35,21,0.82,1192.230787187071
2010,35,22,0.86,1346.0
2010,35,23,0.9,1538.46
2010,35,24,0.94,1923.07
2010,35,25,0.98,2500.0
2010,36,1,0.02,96.0
2010,36,2,0.06,167.38729608163865
2010,36,3,0.1,231.61379762947521
2010,36,4,0.14,300.0
2010,36,5,0.18,333.7502989164129
2010,36,6,0.22,384.0
2010,36,7,0.26,400.0
2010,36,8,0.3,450.1556335746223
2010,36,9,0.34,500.0
2010,36,10,0.38,550.0
2010,36,11,0.42,600.0
2010,36,12,0.46,640.0
2010,36,13,0.5,692.3
2010,36,14,0.54,760.0
2010,36,15,0.58,804.0337133984725
2010,36,16,0.62,865.38
2010,36,17,0.66,961.0
2010,36,18,0.7,1019.23
2010,36,19,0.74,1125.0
2010,36,20,0.78,1230.76
2010,36,21,0.82,1346.15
2010,36,22,0.86,1520.0
2010,36,23,0.9,1730.76
2010,36,24,0.94,2115.0
2010,36,25,0.98,2884.61
2010,37,1,0.02,96.11514050686519
2010,37,2,0.06,180.0
2010,37,3,0.1,232.25855960677612
2010,37,4,0.14,280.0
2010,37,5,0.18,315.0
2010,37,6,0.22,350.0
2010,37,7,0.26,384.0
2010,37,8,0.3,402.2114602077446
2010,37,9,0.34,448.77427649333214
2010,37,10,0.38,480.0
2010,37,11,0.42,516.6116514119572
2010,37,12,0.46,568.9538414913025
2010,37,13,0.5,600.0
2010,37,14,0.54,640.0
2010,37,15,0.58,692.3
2010,37,16,0.62,750.0
2010,37,17,0.66,807.69
2010,37,18,0.7,865.38
2010,37,19,0.74,961.0
2010,37,20,0.78,1000.0
2010,37,21,0.82,1125.0
2010,37,22,0.86,1250.0
2010,37,23,0.9,1442.3
2010,37,24,0.94,1846.15
2010,37,25,0.98,2788.46
2010,38,1,0.02,77.5
2010,38,2,0.06,150.0
2010,38,3,0.1,200.0
2010,38,4,0.14,267.26668680958886
2010,38,5,0.18,320.0
2010,38,6,0.22,362.6147265224871
2010,38,7,0.26,400.0
2010,38,8,0.3,440.0
2010,38,9,0.34,476.4201161807873
2010,38,10,0.38,500.0
2010,38,11,0.42,529.2155984789885
2010,38,12,0.46,576.0
2010,38,13,0.5,600.0
2010,38,14,0.54,649.7987081686663
2010,38,15,0.58,692.0
2010,38,16,0.62,735.4142500088101
2010,38,17,0.66,780.0
2010,38,18,0.7,840.0
2010,38,19,0.74,903.7460410018367
2010,38,20,0.78,984.579335905859
2010,38,21,0.82,1057.69
2010,38,22,0.86,1192.0
2010,38,23,0.9,1378.1355372417866
2010,38,24,0.94,1673.07
2010,38,25,0.98,2403.84
2010,39,1,0.02,70.0
2010,39,2,0.06,140.9743579283373
2010,39,3,0.1,184.61
2010,39,4,0.14,231.5128742808545
2010,39,5,0.18,288.0
2010,39,6,0.22,323.0
2010,39,7,0.26,368.0
2010,39,8,0.3,400.0
2010,39,9,0.34,442.3
2010,39,10,0.38,480.76
2010,39,11,0.42,526.6777809200236
2010,39,12,0.46,576.0
2010,39,13,0.5,603.7342393653138
2010,39,14,0.54,658.8
2010,39,15,0.58,700.0
2010,39,16,0.62,761.0
2010,39,17,0.66,807.0
2010,39,18,0.7,876.1433448680026
2010,39,19,0.74,960.0
2010,39,20,0.78,1005.1907065308692
2010,39,21,0.82,1120.0
2010,39,22,0.86,1250.0
2010,39,23,0.9,1414.4041308095118
2010,39,24,0.94,1650.9707458733121
2010,39,25,0.98,2340.5733025828426
2010,40,1,0.02,100.0
2010,40,2,0.06,180.0
2010,40,3,0.1,240.0
2010,40,4,0.14,288.0
2010,40,5,0.18,320.0
2010,40,6,0.22,350.0
2010,40,7,0.26,389.6
2010,40,8,0.3,403.75484598214604
2010,40,9,0.34,450.0
2010,40,10,0.38,480.24648058018596
2010,40,11,0.42,520.0
2010,40,12,0.46,560.0
2010,40,13,0.5,600.0
2010,40,14,0.54,640.0
2010,40,15,0.58,680.0
2010,40,16,0.62,721.8383071136737
2010,40,17,0.66,769.4631421312409
2010,40,18,0.7,846.15
2010,40,19,0.74,937.4340873804888
2010,40,20,0.78,1000.0
2010,40,21,0.82,1060.0
2010,40,22,0.86,1205.04321015528
2010,40,23,0.9,1402.0836081580408
2010,40,24,0.94,1692.8196079598704
2010,40,25,0.98,2309.0217803369587
2010,41,1,0.02,61.87968319004951
2010,41,2,0.06,144.89810847569652
2010,41,3,0.1,200.0
2010,41,4,0.14,240.0
2010,41,5,0.18,280.1603202068191
2010,41,6,0.22,322.3313167519856
2010,41,7,0.26,360.0
2010,41,8,0.3,400.0
2010,41,9,0.34,432.2748209068777
2010,41,10,0.38,480.0
2010,41,11,0.42,520.0
2010,41,12,0.46,560.0
2010,41,13,0.5,600.0
2010,41,14,0.54,667.9007540846328
2010,41,15,0.58,711.1834083511757
2010,41,16,0.62,770.0
2010,41,17,0.66,846.7627123875826
2010,41,18,0.7,923.0287447267045
2010,41,19,0.74,1012.7751319850695
2010,41,20,0.78,1150.0
2010,41,21,0.82,1250.0
2010,41,22,0.86,1374.7313525534166
2010,41,23,0.9,1551.456331764044
2010,41,24,0.94,1826.92
2010,41,25,0.98,2689.2274359761573
2010,42,1,0.02,72.50131477431057
2010,42,2,0.06,146.0324146253376
2010,42,3,0.1,200.0859839162062
2010,42,4,0.14,269.1942838356259
2010,42,5,0.18,323.9758498221758
2010,42,6,0.22,366.42175121247953
2010,42,7,0.26,400.0
2010,42,8,0.3,440.0
2010,42,9,0.34,480.0
2010,42,10,0.38,520.0
2010,42,11,0.42,568.4
2010,42,12,0.46,600.0
2010,42,13,0.5,650.0
2010,42,14,0.54,700.0
2010,42,15,0.58,760.0
2010,42,16,0.62,800.0
2010,42,17,0.66,865.38
2010,42,18,0.7,950.0
2010,42,19,0.74,1000.0
2010,42,20,0.78,1076.0
2010,42,21,0.82,1158.9741778425935
2010,42,22,0.86,1346.15
2010,42,23,0.9,1538.46
2010,42,24,0.94,1923.0
2010,42,25,0.98,2884.100749187008
2010,44,1,0.02,80.0
2010,44,2,0.06,145.0
2010,44,3,0.1,192.219233109459
2010,44,4,0.14,240.0
2010,44,5,0.18,288.46
2010,44,6,0.22,330.0
2010,44,7,0.26,375.0
2010,44,8,0.3,417.19461032445173
2010,44,9,0.34,466.00801809903913
2010,44,10,0.38,504.0
2010,44,11,0.42,560.0
2010,44,12,0.46,600.0
2010,44,13,0.5,650.0
2010,44,14,0.54,714.1304061000023
2010,44,15,0.58,769.23
2010,44,16,0.62,840.0
2010,44,17,0.66,916.8301000135148
2010,44,18,0.7,1000.0
2010,44,19,0.74,1076.92
2010,44,20,0.78,1154.1147152242272
2010,44,21,0.82,1325.6100441490812
2010,44,22,0.86,1442.3
2010,44,23,0.9,1634.61
2010,44,24,0.94,1923.0
2010,44,25,0.98,2692.0505665753085
2010,45,1,0.02,87.0
2010,45,2,0.06,153.78194250872843
2010,45,3,0.1,227.20777119375404
2010,45,4,0.14,288.5423457493371
2010,45,5,0.18,324.85262547910435
2010,45,6,0.22,360.0
2010,45,7,0.26,390.0
2010,45,8,0.3,416.4177901325646
2010,45,9,0.34,454.98958352838434
2010,45,10,0.38,480.2327488645184
2010,45,11,0.42,519.23
2010,45,12,0.46,557.8500087304424
2010,45,13,0.5,600.0
2010,45,14,0.54,640.0
2010,45,15,0.58,673.07
2010,45,16,0.62,720.0
2010,45,17,0.66,769.0
2010,45,18,0.7,821.9277485467953
2010,45,19,0.74,884.0
2010,45,20,0.78,961.53
2010,45,21,0.82,1040.0
2010,45,22,0.86,1160.0944519668906
2010,45,23,0.9,1346.15
2010,45,24,0.94,1576.785947108891
2010,45,25,0.98,2307.0
2010,46,1,0.02,72.5
2010,46,2,0.06,150.0
2010,46,3,0.1,217.13170124842267
2010,46,4,0.14,270.0
2010,46,5,0.18,310.09112047769077
2010,46,6,0.22,359.0136100136326
2010,46,7,0.26,389.5912312768293
2010,46,8,0.3,412.3045779077755
2010,46,9,0.34,450.0
2010,46,10,0.38,480.0
2010,46,11,0.42,500.0
2010,46,12,0.46,540.0
2010,46,13,0.5,576.92
2010,46,14,0.54,607.6982025261232
2010,46,15,0.58,644.815498988213
2010,46,16,0.62,691.7089671627814
2010,46,17,0.66,738.9750959040073
2010,46,18,0.7,777.3340131579808
2010,46,19,0.74,826.92
2010,46,20,0.78,894.9134358577975
2010,46,21,0.82,992.3
2010,46,22,0.86,1100.0
2010,46,23,0.9,1250.0
2010,46,24,0.94,1516.4451568510844
2010,46,25,0.98,2022.7783511237287
2010,47,1,0.02,88.73165958086271
2010,47,2,0.06,160.0
2010,47,3,0.1,200.0
2010,47,4,0.14,250.0
2010,47,5,0.18,300.0
2010,47,6,0.22,329.75869054417467
2010,47,7,0.26,360.0
2010,47,8,0.3,385.0
2010,47,9,0.34,410.74564494480023
2010,47,10,0.38,448.6901963968917
2010,47,11,0.42,480.0
2010,47,12,0.46,516.9529135999809
2010,47,13,0.5,560.0
2010,47,14,0.54,600.0
2010,47,15,0.58,643.8819577929052
2010,47,16,0.62,692.0958833105612
2010,47,17,0.66,750.0
2010,47,18,0.7,800.0
2010,47,19,0.74,865.0
2010,47,20,0.78,957.3867048169734
2010,47,21,0.82,1040.0
2010,47,22,0.86,1160.0
2010,47,23,0.9,1440.3357975308886
2010,47,24,0.94,1760.6356441136165
2010,47,25,0.98,2552.4654640114863
2010,48,1,0.02,84.0
2010,48,2,0.06,160.0
2010,48,3,0.1,217.5
2010,48,4,0.14,272.0
2010,48,5,0.18,300.0
2010,48,6,0.22,340.0
2010,48,7,0.26,369.23
2010,48,8,0.3,400.0
2010,48,9,0.34,425.0
2010,48,10,0.38,469.90018201101134
2010,48,11,0.42,500.0
2010,48,12,0.46,540.0
2010,48,13,0.5,580.0
2010,48,14,0.54,630.0
2010,48,15,0.58,680.0
2010,48,16,0.62,738.0
2010,48,17,0.66,800.0
2010,48,18,0.7,865.38
2010,48,19,0.74,942.0
2010,48,20,0.78,1000.0
2010,48,21,0.82,1153.84
2010,48,22,0.86,1260.1520854031114
2010,48,23,0.9,1480.76
2010,48,24,0.94,1846.15
2010,48,25,0.98,2874.50739876255
2010,49,1,0.02,60.0
2010,49,2,0.06,126.40517080769335
2010,49,3,0.1,180.095781163813
2010,49,4,0.14,225.0
2010,49,5,0.18,280.0
2010,49,6,0.22,320.0
2010,49,7,0.26,357.0790662017147
2010,49,8,0.3,400.0
2010,49,9,0.34,427.2065784698346
2010,49,10,0.38,475.0
2010,49,11,0.42,500.0
2010,49,12,0.46,550.0
2010,49,13,0.5,600.0
2010,49,14,0.54,641.8646299052319
2010,49,15,0.58,692.186089141092
2010,49,16,0.62,734.2965713470741
2010,49,17,0.66,800.0
2010,49,18,0.7,865.38
2010,49,19,0.74,931.5538639755528
2010,49,20,0.78,1000.0
2010,49,21,0.82,1151.1873131654088
2010,49,22,0.86,1250.0
2010,49,23,0.9,1441.527714319355
2010,49,24,0.94,1762.737513091223
2010,49,25,0.98,2515.35888028086
2010,50,1,0.02,51.0
2010,50,2,0.06,127.57008618858167
2010,50,3,0.1,198.12934034044372
2010,50,4,0.14,264.0
2010,50,5,0.18,315.0
2010,50,6,0.22,360.0
2010,50,7,0.26,400.0
2010,50,8,0.3,442.0
2010,50,9,0.34,480.76
2010,50,10,0.38,520.0
2010,50,11,0.42,576.0
2010,50,12,0.46,600.0
2010,50,13,0.5,650.0
2010,50,14,0.54,692.3
2010,50,15,0.58,750.0
2010,50,16,0.62,788.46
2010,50,17,0.66,826.92
2010,50,18,0.7,885.8823549323957
2010,50,19,0.74,961.0
2010,50,20,0.78,1019.23
2010,50,21,0.82,1125.0
2010,50,22,0.86,1230.0
2010,50,23,0.9,1441.1476841610217
2010,50,24,0.94,1730.0
2010,50,25,0.98,2500.0
2010,51,1,0.02,77.91168538140558
2010,51,2,0.06,173.56547924906357
2010,51,3,0.1,232.5
2010,51,4,0.14,288.0
2010,51,5,0.18,325.0
2010,51,6,0.22,378.0
2010,51,7,0.26,402.49940395551397
2010,51,8,0.3,461.0
2010,51,9,0.34,504.2087376184406
2010,51,10,0.38,563.9309153647605
2010,51,11,0.42,605.76
2010,51,12,0.46,673.07
2010,51,13,0.5,730.76
2010,51,14,0.54,769.23
2010,51,15,0.58,850.0
2010,51,16,0.62,923.0
2010,51,17,0.66,998.0
2010,51,18,0.7,1081.0
2010,51,19,0.74,1191.410815710193
2010,51,20,0.78,1346.0
2010,51,21,0.82,1476.9637674086755
2010,51,22,0.86,1711.53
2010,51,23,0.9,1923.07
2010,51,24,0.94,2403.0
2010,51,25,0.98,2884.61
2010,53,1,0.02,88.11794447020094
2010,53,2,0.06,171.0883504852331
2010,53,3,0.1,245.00113562682887
2010,53,4,0.14,299.22133934910175
2010,53,5,0.18,342.2298382305775
2010,53,6,0.22,396.0
2010,53,7,0.26,440.0
2010,53,8,0.3,480.0
2010,53,9,0.34,519.23
2010,53,10,0.38,569.9555825385469
2010,53,11,0.42,609.0445778140273
2010,53,12,0.46,680.0
2010,53,13,0.5,730.76
2010,53,14,0.54,791.0759581118272
2010,53,15,0.58,857.0415035878633
2010,53,16,0.62,923.07
2010,53,17,0.66,999.6494580336756
2010,53,18,0.7,1066.060872477338
2010,53,19,0.74,1153.84
2010,53,20,0.78,1250.0
2010,53,21,0.82,1404.3941072788155
2010,53,22,0.86,1574.422207777091
2010,53,23,0.9,1793.31495317356
2010,53,24,0.94,2019.23
2010,53,25,0.98,2826.2235395853577
2010,54,1,0.02,96.1348297389741
2010,54,2,0.06,173.76126233652013
2010,54,3,0.1,230.0
2010,54,4,0.14,281.02533384238376
2010,54,5,0.18,320.0
2010,54,6,0.22,347.791813372578
2010,54,7,0.26,384.0
2010,54,8,0.3,420.0
2010,54,9,0.34,468.72836386408915
2010,54,10,0.38,500.0
2010,54,11,0.42,553.84
2010,54,12,0.46,600.0
2010,54,13,0.5,639.3365502341633
2010,54,14,0.54,683.9790259059189
2010,54,15,0.58,730.76
2010,54,16,0.62,788.46
2010,54,17,0.66,854.0310063784078
2010,54,18,0.7,923.07
2010,54,19,0.74,1000.0
2010,54,20,0.78,1078.2049965247936
2010,54,21,0.82,1189.6731271009637
2010,54,22,0.86,1335.3786030992146
2010,54,23,0.9,1500.0
2010,54,24,0.94,1746.5414061620213
2010,54,25,0.98,2346.15
2010,55,1,0.02,72.5
2010,55,2,0.06,127.5
2010,55,3,0.1,187.5
2010,55,4,0.14,249.49994053082716
2010,55,5,0.18,300.0
2010,55,6,0.22,351.0
2010,55,7,0.26,400.0
2010,55,8,0.3,440.0
2010,55,9,0.34,480.0
2010,55,10,0.38,516.0
2010,55,11,0.42,560.0
2010,55,12,0.46,600.0
2010,55,13,0.5,650.0
2010,55,14,0.54,692.3
2010,55,15,0.58,738.46
2010,55,16,0.62,789.0
2010,55,17,0.66,830.0
2010,55,18,0.7,884.61
2010,55,19,0.74,961.53
2010,55,20,0.78,1038.0
2010,55,21,0.82,1150.0
2010,55,22,0.86,1250.0
2010,55,23,0.9,1406.1210605765948
2010,55,24,0.94,1638.8650810097
2010,55,25,0.98,2375.406377190236
2010,56,1,0.02,72.5
2010,56,2,0.06,145.0
2010,56,3,0.1,208.23207860189754
2010,56,4,0.14,270.0
2010,56,5,0.18,320.0
2010,56,6,0.22,367.5
2010,56,7,0.26,400.0
2010,56,8,0.3,440.0
2010,56,9,0.34,480.4775631690444
2010,56,10,0.38,520.0
2010,56,11,0.42,576.2499381678319
2010,56,12,0.46,603.1858666761204
2010,56,13,0.5,660.0
2010,56,14,0.54,710.9324333656856
2010,56,15,0.58,769.23
2010,56,16,0.62,807.69
2010,56,17,0.66,880.0
2010,56,18,0.7,932.6580533727832
2010,56,19,0.74,1000.0
2010,56,20,0.78,1080.0
2010,56,21,0.82,1160.0
2010,56,22,0.86,1280.0
2010,56,23,0.9,1400.0
2010,56,24,0.94,1585.2331030964397
2010,56,25,0.98,2198.637662814346
2015,1,1,0.02,115.04585691077578
2015,1,2,0.06,190.0
2015,1,3,0.1,250.0
2015,1,4,0.14,290.0
2015,1,5,0.18,332.09446681271413
2015,1,6,0.22,368.38242005430675
2015,1,7,0.26,400.0
2015,1,8,0.3,427.6550313601511
2015,1,9,0.34,479.3834777414194
2015,1,10,0.38,503.27321545909183
2015,1,11,0.42,554.3932995424003
2015,1,12,0.46,600.0
2015,1,13,0.5,635.7070315446796
2015,1,14,0.54,680.0
2015,1,15,0.58,724.8301938068715
2015,1,16,0.62,769.23
2015,1,17,0.66,845.1872144886427
2015,1,18,0.7,923.0
2015,1,19,0.74,991.9581134177664
2015,1,20,0.78,1079.6547768326907
2015,1,21,0.82,1200.0
2015,1,22,0.86,1346.0
2015,1,23,0.9,1520.646678018956
2015,1,24,0.94,1826.0
2015,1,25,0.98,2884.0
2015,2,1,0.02,122.78957839374
2015,2,2,0.06,230.0
2015,2,3,0.1,312.2664225162596
2015,2,4,0.14,375.83950716636144
2015,2,5,0.18,408.5364633117189
2015,2,6,0.22,450.0
2015,2,7,0.26,495.0
2015,2,8,0.3,550.0
2015,2,9,0.34,593.4750805137597
2015,2,10,0.38,630.0
2015,2,11,0.42,692.0
2015,2,12,0.46,750.0
2015,2,13,0.5,800.0
2015,2,14,0.54,876.9782625799517
2015,2,15,0.58,942.0864468858148
2015,2,16,0.62,1005.1468190575439
2015,2,17,0.66,1100.0
2015,2,18,0.7,1160.081011632172
2015,2,19,0.74,1269.23
2015,2,20,0.78,1384.61
2015,2,21,0.82,1500.0
2015,2,22,0.86,1700.0
2015,2,23,0.9,1923.07
2015,2,24,0.94,2307.69
2015,2,25,0.98,2884.61
2015,4,1,0.02,100.0
2015,4,2,0.06,186.53670071144742
2015,4,3,0.1,240.4671826574777
2015,4,4,0.14,298.77624825415927
2015,4,5,0.18,336.28829209621216
2015,4,6,0.22,378.0
2015,4,7,0.26,400.0
2015,4,8,0.3,448.0
2015,4,9,0.34,480.0
2015,4,10,0.38,520.0
2015,4,11,0.42,560.0
2015,4,12,0.46,600.0
2015,4,13,0.5,646.9470755405094
2015,4,14,0.54,693.2482049678811
2015,4,15,0.58,750.7531918756056
2015,4,16,0.62,800.0
2015,4,17,0.66,865.38
2015,4,18,0.7,961.3748257763776
2015,4,19,0.74,1057.0
2015,4,20,0.78,1153.84
2015,4,21,0.82,1300.0
2015,4,22,0.86,1442.3
2015,4,23,0.9,1692.106195984176
2015,4,24,0.94,2000.0
2015,4,25,0.98,2884.61
2015,5,1,0.02,100.0
2015,5,2,0.06,174.0
2015,5,3,0.1,252.01843244668476
2015,5,4,0.14,300.41306376969834
2015,5,5,0.18,346.15
2015,5,6,0.22,384.0
2015,5,7,0.26,400.0
2015,5,8,0.3,447.4071109770601
2015,5,9,0.34,480.0
2015,5,10,0.38,500.0
2015,5,11,0.42,541.8930616196474
2015,5,12,0.46,591.5704585826718
2015,5,13,0.5,615.0
2015,5,14,0.54,660.0
2015,5,15,0.58,711.030502715398
2015,5,16,0.62,761.0404774173863
2015,5,17,0.66,807.0
2015,5,18,0.7,876.9116698736387
2015,5,19,0.74,958.0200873500422
2015,5,20,0.78,1019.23
2015,5,21,0.82,1153.0
2015,5,22,0.86,1288.1134693373767
2015,5,23,0.9,1500.0
2015,5,24,0.94,1800.0
2015,5,25,0.98,2884.61
2015,6,1,0.02,108.0
2015,6,2,0.06,185.0
2015,6,3,0.1,243.25806879276016
2015,6,4,0.14,300.0
2015,6,5,0.18,350.0
2015,6,6,0.22,384.61
2015,6,7,0.26,415.53839588776333
2015,6,8,0.3,461.53
2015,6,9,0.34,500.0
2015,6,10,0.38,560.0
2015,6,11,0.42,600.0
2015,6,12,0.46,650.0
2015,6,13,0.5,711.0
2015,6,14,0.54,769.23
2015,6,15,0.58,840.0
2015,6,16,0.62,923.07
2015,6,17,0.66,1000.0
2015,6,18,0.7,1120.0
2015,6,19,0.74,1230.0
2015,6,20,0.78,1384.0
2015,6,21,0.82,1538.0
2015,6,22,0.86,1750.0
2015,6,23,0.9,2014.0
2015,6,24,0.94,2500.0
2015,6,25,0.98,2884.61
2015,8,1,0.02,96.82535602966237
2015,8,2,0.06,195.77208579962863
2015,8,3,0.1,265.1510283521806
2015,8,4,0.14,342.0
2015,8,5,0.18,384.61
2015,8,6,0.22,423.07
2015,8,7,0.26,480.0
2015,8,8,0.3,520.0
2015,8,9,0.34,560.0
2015,8,10,0.38,600.0
2015,8,11,0.42,646.15
2015,8,12,0.46,700.0
2015,8,13,0.5,760.0
2015,8,14,0.54,800.0
2015,8,15,0.58,865.38
2015,8,16,0.62,941.9502243295439
2015,8,17,0.66,1000.0
2015,8,18,0.7,1096.15
2015,8,19,0.74,1216.8379608235969
2015,8,20,0.78,1346.15
2015,8,21,0.82,1517.9414205987885
2015,8,22,0.86,1730.0
2015,8,23,0.9,1923.07
2015,8,24,0.94,2307.69
2015,8,25,0.98,2884.61
2015,9,1,0.02,100.0
2015,9,2,0.06,180.0
2015,9,3,0.1,250.0
2015,9,4,0.14,310.6738200638749
2015,9,5,0.18,360.0
2015,9,6,0.22,403.92241134036783
2015,9,7,0.26,475.0
2015,9,8,0.3,522.1125139804051
2015,9,9,0.34,576.0
2015,9,10,0.38,640.0
2015,9,11,0.42,697.510894802235
2015,9,12,0.46,769.0
2015,9,13,0.5,807.69
2015,9,14,0.54,894.2053144473462
2015,9,15,0.58,980.76
2015,9,16,0.62,1057.69
2015,9,17,0.66,1153.0
2015,9,18,0.7,1250.0
2015,9,19,0.74,1346.15
2015,9,20,0.78,1515.1782373679036
2015,9,21,0.82,1666.66
2015,9,22,0.86,1912.0186115930042
2015,9,23,0.9,2185.45535539537
2015,9,24,0.94,2500.0
2015,9,25,0.98,2884.61
2015,10,1,0.02,113.96476434130577
2015,10,2,0.06,200.0
2015,10,3,0.1,269.2864440439734
2015,10,4,0.14,320.0
2015,10,5,0.18,369.44145684609504
2015,10,6,0.22,400.0
2015,10,7,0.26,450.0
2015,10,8,0.3,485.55727343749396
2015,10,9,0.34,526.9274571122161
2015,10,10,0.38,576.0
2015,10,11,0.42,617.0504418684974
2015,10,12,0.46,673.0
2015,10,13,0.5,700.0
2015,10,14,0.54,761.53
2015,10,15,0.58,800.0
2015,10,16,0.62,865.38
2015,10,17,0.66,960.0
2015,10,18,0.7,1000.0
2015,10,19,0.74,1120.0
2015,10,20,0.78,1220.8326879466183
2015,10,21,0.82,1346.15
2015,10,22,0.86,1509.4929590342088
2015,10,23,0.9,1730.0
2015,10,24,0.94,2055.3204377766274
2015,10,25,0.98,2852.7128455111233
2015,11,1,0.02,150.17136406048047
2015,11,2,0.06,272.2896226702241
2015,11,3,0.1,350.0
2015,11,4,0.14,400.0
2015,11,5,0.18,480.0
2015,11,6,0.22,554.309095587773
2015,11,7,0.26,600.0
2015,11,8,0.3,692.020450464757
2015,11,9,0.34,764.8239248224693
2015,11,10,0.38,826.92
2015,11,11,0.42,900.0
2015,11,12,0.46,961.53
2015,11,13,0.5,1038.46
2015,11,14,0.54,1153.0
2015,11,15,0.58,1230.0
2015,11,16,0.62,1334.0651501117175
2015,11,17,0.66,1442.3
2015,11,18,0.7,1540.3780856884732
2015,11,19,0.74,1730.76
2015,11,20,0.78,1903.0
2015,11,21,0.82,2100.0
2015,11,22,0.86,2307.69
2015,11,23,0.9,2692.3
2015,11,24,0.94,2884.61
2015,11,25,0.98,2884.61
2015,12,1,0.02,113.87083616271966
2015,12,2,0.06,194.11245454319976
2015,12,3,0.1,250.0
2015,12,4,0.14,300.0
2015,12,5,0.18,343.13470953141564
2015,12,6,0.22,384.0
2015,12,7,0.26,401.6
2015,12,8,0.3,457.0263592380122
2015,12,9,0.34,496.0
2015,12,10,0.38,538.46
2015,12,11,0.42,576.92
2015,12,12,0.46,600.0
2015,12,13,0.5,670.0
2015,12,14,0.54,700.0
2015,12,15,0.58,769.0
2015,12,16,0.62,815.2532832138786
2015,12,17,0.66,884.61
2015,12,18,0.7,961.53
2015,12,19,0.74,1055.5012589775943
2015,12,20,0.78,1153.84
2015,12,21,0.82,1280.0
2015,12,22,0.86,1442.3
2015,12,23,0.9,1730.0
2015,12,24,0.94,2153.0294117221056
2015,12,25,0.98,2884.61
2015,13,1,0.02,104.26164202134233
2015,13,2,0.06,200.0
2015,13,3,0.1,262.5
2015,13,4,0.14,303.67158333707346
2015,13,5,0.18,357.4236724667412
2015,13,6,0.22,393.9663423644307
2015,13,7,0.26,423.016772173465
2015,13,8,0.3,475.0
2015,13,9,0.34,500.0
2015,13,10,0.38,550.0
2015,13,11,0.42,576.92
2015,13,12,0.46,615.38
2015,13,13,0.5,673.07
2015,13,14,0.54,720.0
2015,13,15,0.58,769.23
2015,13,16,0.62,813.7616990568937
2015,13,17,0.66,894.5300005298931
2015,13,18,0.7,961.53
2015,13,19,0.74,1057.69
2015,13,20,0.78,1153.84
2015,13,21,0.82,1313.266383010231
2015,13,22,0.86,1500.0
2015,13,23,0.9,1730.0
2015,13,24,0.94,2017.6684203275156
2015,13,25,0.98,2884.61
2015,15,1,0.02,91.47108933952234
2015,15,2,0.06,170.41712846178552
2015,15,3,0.1,232.22676479892849
2015,15,4,0.14,292.00323836461
2015,15,5,0.18,346.15
2015,15,6,0.22,400.0
2015,15,7,0.26,435.9816229013831
2015,15,8,0.3,480.0
2015,15,9,0.34,510.0
2015,15,10,0.38,560.0
2015,15,11,0.42,600.0
2015,15,12,0.46,640.0
2015,15,13,0.5,680.0
2015,15,14,0.54,720.0
2015,15,15,0.58,769.23
2015,15,16,0.62,841.0577076626281
2015,15,17,0.66,923.0
2015,15,18,0.7,1000.0
2015,15,19,0.74,1064.398230290133
2015,15,20,0.78,1187.3266070223297
2015,15,21,0.82,1320.0
2015,15,22,0.86,1442.3
2015,15,23,0.9,1634.61
2015,15,24,0.94,2000.0
2015,15,25,0.98,2884.0
2015,16,1,0.02,75.0
2015,16,2,0.06,148.11245121588613
2015,16,3,0.1,200.4
2015,16,4,0.14,250.0
2015,16,5,0.18,313.1074582140781
2015,16,6,0.22,360.0
2015,16,7,0.26,400.0
2015,16,8,0.3,440.0
2015,16,9,0.34,480.0
2015,16,10,0.38,520.0
2015,16,11,0.42,560.0
2015,16,12,0.46,600.0
2015,16,13,0.5,615.38
2015,16,14,0.54,673.0
2015,16,15,0.58,711.53
2015,16,16,0.62,769.0
2015,16,17,0.66,807.7749367950338
2015,16,18,0.7,881.7227814712129
2015,16,19,0.74,961.53
2015,16,20,0.78,1057.69
2015,16,21,0.82,1153.84
2015,16,22,0.86,1285.1090919267342
2015,16,23,0.9,1480.1634719542903
2015,16,24,0.94,1809.164303361623
2015,16,25,0.98,2500.0
2015,17,1,0.02,95.0
2015,17,2,0.06,170.0
2015,17,3,0.1,240.0
2015,17,4,0.14,300.0
2015,17,5,0.18,350.0
2015,17,6,0.22,392.6441210769098
2015,17,7,0.26,420.0
2015,17,8,0.3,473.61862519819016
2015,17,9,0.34,510.0
2015,17,10,0.38,562.2449045481563
2015,17,11,0.42,600.3344929334927
2015,17,12,0.46,673.0
2015,17,13,0.5,727.8078833771268
2015,17,14,0.54,776.2795992354976
2015,17,15,0.58,850.0
2015,17,16,0.62,912.1696489184378
2015,17,17,0.66,980.76
2015,17,18,0.7,1057.69
2015,17,19,0.74,1153.84
2015,17,20,0.78,1280.0
2015,17,21,0.82,1442.0
2015,17,22,0.86,1615.38
2015,17,23,0.9,1923.07
2015,17,24,0.94,2307.69
2015,17,25,0.98,2884.61
2015,18,1,0.02,85.0
2015,18,2,0.06,169.6103267288747
2015,18,3,0.1,240.0
2015,18,4,0.14,289.1823416367252
2015,18,5,0.18,343.2324276494603
2015,18,6,0.22,384.61
2015,18,7,0.26,402.8214526926305
2015,18,8,0.3,452.9593992304651
2015,18,9,0.34,497.50664469116754
2015,18,10,0.38,539.074015200288
2015,18,11,0.42,587.164211205472
2015,18,12,0.46,620.0074779875707
2015,18,13,0.5,673.07
2015,18,14,0.54,720.0
2015,18,15,0.58,769.23
2015,18,16,0.62,830.0
2015,18,17,0.66,900.0
2015,18,18,0.7,961.53
2015,18,19,0.74,1039.7894615439907
2015,18,20,0.78,1149.7853067940177
2015,18,21,0.82,1247.473978422478
2015,18,22,0.86,1402.5040325897069
2015,18,23,0.9,1586.4518733058246
2015,18,24,0.94,1923.07
2015,18,25,0.98,2870.715724904036
2015,19,1,0.02,90.85609757743488
2015,19,2,0.06,156.3505457644871
2015,19,3,0.1,212.99974780282633
2015,19,4,0.14,280.0
2015,19,5,0.18,331.60915586247603
2015,19,6,0.22,388.13048125529735
2015,19,7,0.26,432.9972744332926
2015,19,8,0.3,480.0
2015,19,9,0.34,510.0
2015,19,10,0.38,553.84
2015,19,11,0.42,599.9221044526056
2015,19,12,0.46,630.0
2015,19,13,0.5,680.0
2015,19,14,0.54,720.0
2015,19,15,0.58,769.0
2015,19,16,0.62,807.69
2015,19,17,0.66,880.0
2015,19,18,0.7,940.1787216378393
2015,19,19,0.74,1000.0
2015,19,20,0.78,1095.9389510439564
2015,19,21,0.82,1192.3
2015,19,22,0.86,1346.0
2015,19,23,0.9,1576.0
2015,19,24,0.94,1923.0
2015,19,25,0.98,2599.156978073025
2015,20,1,0.02,84.67475762065764
2015,20,2,0.06,166.99106368075397
2015,20,3,0.1,243.78236220828944
2015,20,4,0.14,298.8992271834662
2015,20,5,0.18,336.0
2015,20,6,0.22,385.4555332517377
2015,20,7,0.26,420.0
2015,20,8,0.3,475.0
2015,20,9,0.34,500.0
2015,20,10,0.38,550.0
2015,20,11,0.42,595.1771302477443
2015,20,12,0.46,624.0
2015,20,13,0.5,674.9139849296046
2015,20,14,0.54,725.508794823814
2015,20,15,0.58,769.23
2015,20,16,0.62,846.15
2015,20,17,0.66,903.84
2015,20,18,0.7,961.53
2015,20,19,0.74,1040.0
2015,20,20,0.78,1153.0
2015,20,21,0.82,1250.0
2015,20,22,0.86,1386.0278657812564
2015,20,23,0.9,1615.0
2015,20,24,0.94,1925.0775489550672
2015,20,25,0.98,2876.918107778774
2015,21,1,0.02,97.6514778704249
2015,21,2,0.06,172.58687273648388
2015,21,3,0.1,253.8333823975602
2015,21,4,0.14,310.71526620047536
2015,21,5,0.18,360.0
2015,21,6,0.22,400.0
2015,21,7,0.26,423.07
2015,21,8,0.3,468.7228267182055
2015,21,9,0.34,508.1205813951472
2015,21,10,0.38,560.0
2015,21,11,0.42,600.0
2015,21,12,0.46,640.0
2015,21,13,0.5,673.07
2015,21,14,0.54,720.0
2015,21,15,0.58,769.23
2015,21,16,0.62,810.0995522536443
2015,21,17,0.66,880.2422983934661
2015,21,18,0.7,961.0
2015,21,19,0.74,1000.0
2015,21,20,0.78,1100.4641499517256
2015,21,21,0.82,1211.412798831063
2015,21,22,0.86,1363.0279513062544
2015,21,23,0.9,1574.051378311116
2015,21,24,0.94,1923.07
2015,21,25,0.98,2884.61
2015,22,1,0.02,113.48642302098385
2015,22,2,0.06,184.0
2015,22,3,0.1,233.09085625677952
2015,22,4,0.14,288.0
2015,22,5,0.18,320.0
2015,22,6,0.22,360.0
2015,22,7,0.26,400.0
2015,22,8,0.3,423.07
2015,22,9,0.34,480.0
2015,22,10,0.38,513.0845067550445
2015,22,11,0.42,560.0
2015,22,12,0.46,600.0
2015,22,13,0.5,650.0
2015,22,14,0.54,700.0
2015,22,15,0.58,750.0
2015,22,16,0.62,800.0
2015,22,17,0.66,865.38
2015,22,18,0.7,955.1414729444173
2015,22,19,0.74,1014.8440523973848
2015,22,20,0.78,1134.0996801313142
2015,22,21,0.82,1250.0
2015,22,22,0.86,1384.61
2015,22,23,0.9,1576.2520888874712
2015,22,24,0.94,1923.07
2015,22,25,0.98,2884.61
2015,23,1,0.02,75.14017429179619
2015,23,2,0.06,163.23335337107653
2015,23,3,0.1,230.52024520611573
2015,23,4,0.14,296.44820658991716
2015,23,5,0.18,349.2737661969276
2015,23,6,0.22,392.45862063091903
2015,23,7,0.26,440.0
2015,23,8,0.3,480.0
2015,23,9,0.34,520.0
2015,23,10,0.38,560.0
2015,23,11,0.42,600.0
2015,23,12,0.46,641.437635406647
2015,23,13,0.5,680.0
2015,23,14,0.54,739.5880710809023
2015,23,15,0.58,793.0132456801996
2015,23,16,0.62,840.6293996273436
2015,23,17,0.66,900.0
2015,23,18,0.7,980.0
2015,23,19,0.74,1051.7423213689653
2015,23,20,0.78,1153.0
2015,23,21,0.82,1244.1039859631144
2015,23,22,0.86,1377.2660430266237
2015,23,23,0.9,1576.9795115025504
2015,23,24,0.94,1923.0
2015,23,25,0.98,2624.070794628033
2015,24,1,0.02,100.0
2015,24,2,0.06,200.0
2015,24,3,0.1,285.0
2015,24,4,0.14,350.0
2015,24,5,0.18,400.0
2015,24,6,0.22,450.0
2015,24,7,0.26,500.0
2015,24,8,0.3,560.0
2015,24,9,0.34,600.0
2015,24,10,0.38,660.0
2015,24,11,0.42,714.8153725799411
2015,24,12,0.46,769.0
2015,24,13,0.5,844.8938253828572
2015,24,14,0.54,929.5679609880993
2015,24,15,0.58,1000.0
2015,24,16,0.62,1076.0
2015,24,17,0.66,1175.5671463761282
2015,24,18,0.7,1307.5247061388045
2015,24,19,0.74,1442.3
2015,24,20,0.78,1576.0
2015,24,21,0.82,1746.3878536064358
2015,24,22,0.86,1923.07
2015,24,23,0.9,2180.939124885497
2015,24,24,0.94,2500.0
2015,24,25,0.98,2884.61
2015,25,1,0.02,80.99727656391524
2015,25,2,0.06,180.0
2015,25,3,0.1,253.60085073196927
2015,25,4,0.14,321.1637081754711
2015,25,5,0.18,384.0
2015,25,6,0.22,420.0
2015,25,7,0.26,481.5849450072449
2015,25,8,0.3,550.0
2015,25,9,0.34,600.0
2015,25,10,0.38,660.0
2015,25,11,0.42,720.0
2015,25,12,0.46,788.1843600910406
2015,25,13,0.5,865.0
2015,25,14,0.54,923.07
2015,25,15,0.58,1000.0
2015,25,16,0.62,1057.69
2015,25,17,0.66,1153.84
2015,25,18,0.7,1256.8163640769978
2015,25,19,0.74,1400.0
2015,25,20,0.78,1538.46
2015,25,21,0.82,1730.0
2015,25,22,0.86,1923.07
2015,25,23,0.9,2219.808307030721
2015,25,24,0.94,2692.3
2015,25,25,0.98,2884.61
2015,26,1,0.02,81.5
2015,26,2,0.06,161.10055549829636
2015,26,3,0.1,218.60598635908565
2015,26,4,0.14,275.49100439433056
2015,26,5,0.18,336.515621160665
2015,26,6,0.22,380.0
2015,26,7,0.26,400.0
2015,26,8,0.3,457.6
2015,26,9,0.34,500.0
2015,26,10,0.38,547.4419878354315
2015,26,11,0.42,600.0
2015,26,12,0.46,640.0
2015,26,13,0.5,700.0
2015,26,14,0.54,759.2809685563736
2015,26,15,0.58,801.820790178119
2015,26,16,0.62,865.38
2015,26,17,0.66,960.0
2015,26,18,0.7,1019.23
2015,26,19,0.74,1146.1774536506746
2015,26,20,0.78,1250.0
2015,26,21,0.82,1386.4771361068813
2015,26,22,0.86,1538.46
2015,26,23,0.9,1733.1639157783163
2015,26,24,0.94,2115.38
2015,26,25,0.98,2884.61
2015,27,1,0.02,80.0
2015,27,2,0.06,175.0
2015,27,3,0.1,236.67788929378813
2015,27,4,0.14,300.0
2015,27,5,0.18,360.0
2015,27,6,0.22,400.0
2015,27,7,0.26,448.8878237602222
2015,27,8,0.3,494.4
2015,27,9,0.34,550.0
2015,27,10,0.38,600.0
2015,27,11,0.42,652.8
2015,27,12,0.46,715.2063000096083
2015,27,13,0.5,760.0
2015,27,14,0.54,807.0
2015,27,15,0.58,880.0
2015,27,16,0.62,961.53
2015,27,17,0.66,1000.0
2015,27,18,0.7,1100.0
2015,27,19,0.74,1192.0
2015,27,20,0.78,1305.4105421888019
2015,27,21,0.82,1442.0
2015,27,22,0.86,1615.38
2015,27,23,0.9,1888.4976792860643
2015,27,24,0.94,2228.0402922290405
2015,27,25,0.98,2884.61
2015,28,1,0.02,100.0
2015,28,2,0.06,180.0
2015,28,3,0.1,228.18136793291183
2015,28,4,0.14,279.6354868380797
2015,28,5,0.18,320.0
2015,28,6,0.22,350.0
2015,28,7,0.26,375.0
2015,28,8,0.3,400.0
2015,28,9,0.34,440.0
2015,28,10,0.38,480.0
2015,28,11,0.42,507.69
2015,28,12,0.46,560.0
2015,28,13,0.5,600.0
2015,28,14,0.54,630.0327027407111
2015,28,15,0.58,680.0
2015,28,16,0.62,732.9769791796156
2015,28,17,0.66,795.2390554987211
2015,28,18,0.7,840.0
2015,28,19,0.74,920.0
2015,28,20,0.78,1000.0
2015,28,21,0.82,1120.0
2015,28,22,0.86,1250.0
2015,28,23,0.9,1442.3
2015,28,24,0.94,1730.76
2015,28,25,0.98,2654.925295656642
2015,29,1,0.02,87.92041811959817
2015,29,2,0.06,177.830162928583
2015,29,3,0.1,230.76
2015,29,4,0.14,300.0
2015,29,5,0.18,350.0
2015,29,6,0.22,396.0
2015,29,7,0.26,428.57089288856076
2015,29,8,0.3,473.864449444241
2015,29,9,0.34,500.0
2015,29,10,0.38,550.0
2015,29,11,0.42,586.0
2015,29,12,0.46,630.9037513249567
2015,29,13,0.5,675.0
2015,29,14,0.54,733.6797866053557
2015,29,15,0.58,781.8222737385422
2015,29,16,0.62,865.0
2015,29,17,0.66,923.0
2015,29,18,0.7,1000.0
2015,29,19,0.74,1057.69
2015,29,20,0.78,1153.84
2015,29,21,0.82,1250.0
2015,29,22,0.86,1408.8877494546543
2015,29,23,0.9,1625.5348795215646
2015,29,24,0.94,1923.07
2015,29,25,0.98,2884.61
2015,30,1,0.02,60.0
2015,30,2,0.06,147.0865468579567
2015,30,3,0.1,200.11199686657724
2015,30,4,0.14,261.1476320601344
2015,30,5,0.18,307.6338240562185
2015,30,6,0.22,360.0
2015,30,7,0.26,400.0
2015,30,8,0.3,430.0341323779301
2015,30,9,0.34,480.0
2015,30,10,0.38,519.1835981711213
2015,30,11,0.42,560.0
2015,30,12,0.46,600.0
2015,30,13,0.5,636.695176443575
2015,30,14,0.54,679.6848682185281
2015,30,15,0.58,720.0
2015,30,16,0.62,764.8144768724167
2015,30,17,0.66,804.2682220976441
2015,30,18,0.7,884.61
2015,30,19,0.74,961.53
2015,30,20,0.78,1050.0
2015,30,21,0.82,1153.84
2015,30,22,0.86,1336.1250181746207
2015,30,23,0.9,1538.0
2015,30,24,0.94,1864.258785803146
2015,30,25,0.98,2760.474324865274
2015,31,1,0.02,76.0
2015,31,2,0.06,144.16670557293202
2015,31,3,0.1,225.0
2015,31,4,0.14,288.46
2015,31,5,0.18,346.15
2015,31,6,0.22,400.0
2015,31,7,0.26,425.8536918793758
2015,31,8,0.3,470.0
2015,31,9,0.34,506.1877432765426
2015,31,10,0.38,560.0
2015,31,11,0.42,596.15
2015,31,12,0.46,626.9647953563465
2015,31,13,0.5,680.0
2015,31,14,0.54,720.0
2015,31,15,0.58,769.0
2015,31,16,0.62,807.0
2015,31,17,0.66,865.38
2015,31,18,0.7,960.0
2015,31,19,0.74,1000.0
2015,31,20,0.78,1096.15
2015,31,21,0.82,1200.0
2015,31,22,0.86,1346.0
2015,31,23,0.9,1538.46
2015,31,24,0.94,1885.4120825137493
2015,31,25,0.98,2884.0
2015,32,1,0.02,95.78642382157695
2015,32,2,0.06,192.0
2015,32,3,0.1,250.58641817553044
2015,32,4,0.14,300.0
2015,32,5,0.18,350.0
2015,32,6,0.22,384.61
2015,32,7,0.26,402.76339776817764
2015,32,8,0.3,460.0
2015,32,9,0.34,488.34874712499425
2015,32,10,0.38,524.3156312732189
2015,32,11,0.42,572.0
2015,32,12,0.46,600.0
2015,32,13,0.5,640.0
2015,32,14,0.54,680.0
2015,32,15,0.58,738.46
2015,32,16,0.62,796.0711812690614
2015,32,17,0.66,879.6871148146731
2015,32,18,0.7,961.53
2015,32,19,0.74,1038.46
2015,32,20,0.78,1153.84
2015,32,21,0.82,1250.0
2015,32,22,0.86,1403.84
2015,32,23,0.9,1590.916120506096
2015,32,24,0.94,1923.07
2015,32,25,0.98,2884.61
2015,33,1,0.02,90.0
2015,33,2,0.06,160.0
2015,33,3,0.1,230.0
2015,33,4,0.14,295.8802876537009
2015,33,5,0.18,349.89716577353687
2015,33,6,0.22,400.0
2015,33,7,0.26,450.0
2015,33,8,0.3,500.0
2015,33,9,0.34,552.5637571968729
2015,33,10,0.38,600.0
2015,33,11,0.42,640.0
2015,33,12,0.46,679.209607267618
2015,33,13,0.5,730.76
2015,33,14,0.54,780.0
2015,33,15,0.58,855.0
2015,33,16,0.62,924.0260911768261
2015,33,17,0.66,1000.0
2015,33,18,0.7,1096.114384556354
2015,33,19,0.74,1192.0
2015,33,20,0.78,1300.0
2015,33,21,0.82,1429.9172667457362
2015,33,22,0.86,1600.0
2015,33,23,0.9,1923.0
2015,33,24,0.94,2307.0
2015,33,25,0.98,2884.61
2015,34,1,0.02,100.0
2015,34,2,0.06,200.0
2015,34,3,0.1,268.58802673746516
2015,34,4,0.14,324.0
2015,34,5,0.18,381.1862931284915
2015,34,6,0.22,420.0
2015,34,7,0.26,480.0
2015,34,8,0.3,520.0
2015,34,9,0.34,596.0
2015,34,10,0.38,624.7595017326427
2015,34,11,0.42,692.0
2015,34,12,0.46,760.0
2015,34,13,0.5,825.0
2015,34,14,0.54,920.0
2015,34,15,0.58,993.7334917167062
2015,34,16,0.62,1057.69
2015,34,17,0.66,1153.84
2015,34,18,0.7,1250.0
2015,34,19,0.74,1346.15
2015,34,20,0.78,1500.0
2015,34,21,0.82,1667.3376606907482
2015,34,22,0.86,1923.0
2015,34,23,0.9,2192.140408026178
2015,34,24,0.94,2692.3
2015,34,25,0.98,2884.61
2015,35,1,0.02,102.36124148667886
2015,35,2,0.06,175.0
2015,35,3,0.1,230.52942805751596
2015,35,4,0.14,286.0
2015,35,5,0.18,320.0
2015,35,6,0.22,351.06997732829245
2015,35,7,0.26,399.6
2015,35,8,0.3,420.0
2015,35,9,0.34,461.7286109376038
2015,35,10,0.38,500.0
2015,35,11,0.42,524.3627305516831
2015,35,12,0.46,576.0
2015,35,13,0.5,600.0
2015,35,14,0.54,660.0
2015,35,15,0.58,720.0
2015,35,16,0.62,778.5603149196122
2015,35,17,0.66,862.4446937017591
2015,35,18,0.7,950.0
2015,35,19,0.74,1020.7831956732025
2015,35,20,0.78,1153.0
2015,35,21,0.82,1280.0
2015,35,22,0.86,1442.0
2015,35,23,0.9,1615.38
2015,35,24,0.94,2000.0
2015,35,25,0.98,2884.61
2015,36,1,0.02,100.0
2015,36,2,0.06,192.15864175564022
2015,36,3,0.1,250.0
2015,36,4,0.14,300.0079110957254
2015,36,5,0.18,360.0
2015,36,6,0.22,400.0
2015,36,7,0.26,450.0
2015,36,8,0.3,500.0
2015,36,9,0.34,538.46
2015,36,10,0.38,589.0960949317295
2015,36,11,0.42,640.0
2015,36,12,0.46,700.0
2015,36,13,0.5,769.0
2015,36,14,0.54,809.3365812168455
2015,36,15,0.58,900.0
2015,36,16,0.62,961.53
2015,36,17,0.66,1057.0
2015,36,18,0.7,1153.84
2015,36,19,0.74,1280.0
2015,36,20,0.78,1400.0
2015,36,21,0.82,1538.46
2015,36,22,0.86,1750.0
2015,36,23,0.9,2000.0
2015,36,24,0.94,2500.0
2015,36,25,0.98,2884.61
2015,37,1,0.02,90.33546606947374
2015,37,2,0.06,180.0
2015,37,3,0.1,250.0
2015,37,4,0.14,300.0
2015,37,5,0.18,350.0
2015,37,6,0.22,380.0
2015,37,7,0.26,400.0
2015,37,8,0.3,440.0
2015,37,9,0.34,480.0
2015,37,10,0.38,504.5809998239927
2015,37,11,0.42,556.6875559394049
2015,37,12,0.46,600.0
2015,37,13,0.5,637.2842039421887
2015,37,14,0.54,692.0
2015,37,15,0.58,750.0
2015,37,16,0.62,807.0
2015,37,17,0.66,893.8291068281077
2015,37,18,0.7,961.53
2015,37,19,0.74,1057.0
2015,37,20,0.78,1153.84
2015,37,21,0.82,1324.9493331060587
2015,37,22,0.86,1500.0
2015,37,23,0.9,1788.228663160653
2015,37,24,0.94,2211.53
2015,37,25,0.98,2884.61
2015,38,1,0.02,105.0
2015,38,2,0.06,190.0
2015,38,3,0.1,264.8514183565583
2015,38,4,0.14,333.2968548641592
2015,38,5,0.18,392.0
2015,38,6,0.22,435.687362394345
2015,38,7,0.26,480.0
2015,38,8,0.3,520.0
2015,38,9,0.34,562.7316199164379
2015,38,10,0.38,600.0
2015,38,11,0.42,640.0
2015,38,12,0.46,676.0
2015,38,13,0.5,720.0
2015,38,14,0.54,769.0
2015,38,15,0.58,807.69
2015,38,16,0.62,874.8006652810433
2015,38,17,0.66,937.5675310505667
2015,38,18,0.7,1000.0
2015,38,19,0.74,1057.0
2015,38,20,0.78,1153.84
2015,38,21,0.82,1260.0
2015,38,22,0.86,1442.3
2015,38,23,0.9,1681.953308328133
2015,38,24,0.94,2000.0
2015,38,25,0.98,2884.61
2015,39,1,0.02,92.48249351894383
2015,39,2,0.06,170.0
2015,39,3,0.1,230.89851074876287
2015,39,4,0.14,288.0
2015,39,5,0.18,340.0
2015,39,6,0.22,384.0
2015,39,7,0.26,420.0
2015,39,8,0.3,472.03235654663393
2015,39,9,0.34,500.0
2015,39,10,0.38,555.6994851272699
2015,39,11,0.42,600.0
2015,39,12,0.46,630.4710241394636
2015,39,13,0.5,680.0
2015,39,14,0.54,744.0
2015,39,15,0.58,800.0
2015,39,16,0.62,859.7663499960171
2015,39,17,0.66,923.07
2015,39,18,0.7,1000.0
2015,39,19,0.74,1072.4295525726207
2015,39,20,0.78,1154.0
2015,39,21,0.82,1300.0
2015,39,22,0.86,1442.3
2015,39,23,0.9,1615.1612247747807
2015,39,24,0.94,1923.07
2015,39,25,0.98,2884.61
2015,40,1,0.02,92.61548713388744
2015,40,2,0.06,191.14112620188124
2015,40,3,0.1,257.81245997806417
2015,40,4,0.14,300.0
2015,40,5,0.18,350.0
2015,40,6,0.22,385.0
2015,40,7,0.26,410.534722443234
2015,40,8,0.3,456.1918688818581
2015,40,9,0.34,499.2267638934222
2015,40,10,0.38,534.1940428091183
2015,40,11,0.42,576.92
2015,40,12,0.46,613.4746998532833
2015,40,13,0.5,673.0
2015,40,14,0.54,717.6089179593041
2015,40,15,0.58,755.0
2015,40,16,0.62,800.0
2015,40,17,0.66,865.38
2015,40,18,0.7,942.4
2015,40,19,0.74,1000.0
2015,40,20,0.78,1080.4125016932455
2015,40,21,0.82,1200.0
2015,40,22,0.86,1400.0
2015,40,23,0.9,1576.7479353481178
2015,40,24,0.94,1953.650010208797
2015,40,25,0.98,2884.61
2015,41,1,0.02,92.5
2015,41,2,0.06,185.0
2015,41,3,0.1,250.0
2015,41,4,0.14,300.0
2015,41,5,0.18,360.0
2015,41,6,0.22,389.0053688790244
2015,41,7,0.26,421.8535415581776
2015,41,8,0.3,461.53
2015,41,9,0.34,488.52519125649826
2015,41,10,0.38,526.8
2015,41,11,0.42,578.3753892307817
2015,41,12,0.46,623.07
2015,41,13,0.5,680.0
2015,41,14,0.54,730.76
2015,41,15,0.58,800.0
2015,41,16,0.62,865.3307265441123
2015,41,17,0.66,923.07
2015,41,18,0.7,1000.0
2015,41,19,0.74,1100.0
2015,41,20,0.78,1246.15
2015,41,21,0.82,1375.7195484390684
2015,41,22,0.86,1538.46
2015,41,23,0.9,1826.92
2015,41,24,0.94,2207.420289375429
2015,41,25,0.98,2884.61
2015,42,1,0.02,83.04458220033173
2015,42,2,0.06,160.0
2015,42,3,0.1,225.0
2015,42,4,0.14,280.0
2015,42,5,0.18,346.15
2015,42,6,0.22,400.0
2015,42,7,0.26,440.0
2015,42,8,0.3,480.0
2015,42,9,0.34,520.0
2015,42,10,0.38,567.0033860487191
2015,42,11,0.42,600.0
2015,42,12,0.46,656.0
2015,42,13,0.5,711.0
2015,42,14,0.54,769.0
2015,42,15,0.58,826.0
2015,42,16,0.62,887.4469177779122
2015,42,17,0.66,961.53
2015,42,18,0.7,1019.0
2015,42,19,0.74,1153.0
2015,42,20,0.78,1250.0
2015,42,21,0.82,1384.3798526013095
2015,42,22,0.86,1538.46
2015,42,23,0.9,1776.9666421344305
2015,42,24,0.94,2115.0
2015,42,25,0.98,2884.61
2015,44,1,0.02,76.06686878815614
2015,44,2,0.06,160.0
2015,44,3,0.1,207.7951237997352
2015,44,4,0.14,280.0
2015,44,5,0.18,331.86670431615124
2015,44,6,0.22,378.48923576943633
2015,44,7,0.26,400.0
2015,44,8,0.3,455.3763036146869
2015,44,9,0.34,500.0
2015,44,10,0.38,540.0
2015,44,11,0.42,596.0477698805905
2015,44,12,0.46,620.0
2015,44,13,0.5,692.0
2015,44,14,0.54,741.8151745226914
2015,44,15,0.58,800.0
2015,44,16,0.62,865.0
2015,44,17,0.66,934.122208947966
2015,44,18,0.7,1000.0
2015,44,19,0.74,1096.0
2015,44,20,0.78,1200.0
2015,44,21,0.82,1326.3636565005008
2015,44,22,0.86,1500.0
2015,44,23,0.9,1711.53
2015,44,24,0.94,2066.9034228853475
2015,44,25,0.98,2884.61
2015,45,1,0.02,107.68713468859237
2015,45,2,0.06,184.61
2015,45,3,0.1,256.5190227349146
2015,45,4,0.14,300.0
2015,45,5,0.18,350.0
2015,45,6,0.22,380.19158569419926
2015,45,7,0.26,400.0
2015,45,8,0.3,440.0
2015,45,9,0.34,484.8
2015,45,10,0.38,520.0
2015,45,11,0.42,570.2548391974279
2015,45,12,0.46,600.0
2015,45,13,0.5,630.0
2015,45,14,0.54,673.07
2015,45,15,0.58,720.0
2015,45,16,0.62,769.23
2015,45,17,0.66,823.6792047401468
2015,45,18,0.7,884.0244732707795
2015,45,19,0.74,961.0
2015,45,20,0.78,1039.2882724799078
2015,45,21,0.82,1153.84
2015,45,22,0.86,1293.2159413344987
2015,45,23,0.9,1500.0
2015,45,24,0.94,1843.5164858128896
2015,45,25,0.98,2696.334282452029
2015,46,1,0.02,83.02708454343608
2015,46,2,0.06,170.0
2015,46,3,0.1,229.6997258504355
2015,46,4,0.14,300.0
2015,46,5,0.18,370.0
2015,46,6,0.22,400.0
2015,46,7,0.26,444.1502212830691
2015,46,8,0.3,480.0
2015,46,9,0.34,500.0
2015,46,10,0.38,548.1414098217413
2015,46,11,0.42,580.0
2015,46,12,0.46,615.38
2015,46,13,0.5,650.0
2015,46,14,0.54,688.3173303420648
2015,46,15,0.58,720.0
2015,46,16,0.62,769.0
2015,46,17,0.66,807.5645660321143
2015,46,18,0.7,875.1905783323568
2015,46,19,0.74,935.4614027722017
2015,46,20,0.78,1000.0
2015,46,21,0.82,1120.0
2015,46,22,0.86,1238.2447295205197
2015,46,23,0.9,1400.0
2015,46,24,0.94,1739.1449896293586
2015,46,25,0.98,2596.0
2015,47,1,0.02,100.0
2015,47,2,0.06,166.64755501040474
2015,47,3,0.1,230.76
2015,47,4,0.14,288.0
2015,47,5,0.18,330.0
2015,47,6,0.22,368.2962225615852
2015,47,7,0.26,400.0
2015,47,8,0.3,439.5013537070095
2015,47,9,0.34,478.09496837713056
2015,47,10,0.38,500.0
2015,47,11,0.42,542.9361524239677
2015,47,12,0.46,585.0703956557154
2015,47,13,0.5,615.0
2015,47,14,0.54,673.0
2015,47,15,0.58,709.3318255865339
2015,47,16,0.62,769.23
2015,47,17,0.66,825.8390506831709
2015,47,18,0.7,900.0
2015,47,19,0.74,961.53
2015,47,20,0.78,1057.69
2015,47,21,0.82,1153.3182075739105
2015,47,22,0.86,1300.0
2015,47,23,0.9,1538.46
2015,47,24,0.94,1884.1011654617548
2015,47,25,0.98,2884.61
2015,48,1,0.02,112.5
2015,48,2,0.06,200.0
2015,48,3,0.1,260.0
2015,48,4,0.14,313.5
2015,48,5,0.18,350.0
2015,48,6,0.22,392.0
2015,48,7,0.26,420.0
2015,48,8,0.3,461.53
2015,48,9,0.34,500.0
2015,48,10,0.38,540.0
2015,48,11,0.42,580.0
2015,48,12,0.46,630.0
2015,48,13,0.5,692.0
2015,48,14,0.54,750.0
2015,48,15,0.58,800.0
2015,48,16,0.62,865.38
2015,48,17,0.66,943.2
2015,48,18,0.7,1000.0
2015,48,19,0.74,1100.0
2015,48,20,0.78,1200.0
2015,48,21,0.82,1346.15
2015,48,22,0.86,1524.3196444953412
2015,48,23,0.9,1750.0
2015,48,24,0.94,2134.4394509720946
2015,48,25,0.98,2884.61
2015,49,1,0.02,64.48533298980207
2015,49,2,0.06,134.5831393659802
2015,49,3,0.1,183.67514635394005
2015,49,4,0.14,248.73767024809018
2015,49,5,0.18,300.0
2015,49,6,0.22,350.0
2015,49,7,0.26,400.0
2015,49,8,0.3,428.95838124375604
2015,49,9,0.34,480.0
2015,49,10,0.38,520.0
2015,49,11,0.42,574.0
2015,49,12,0.46,600.0
2015,49,13,0.5,673.0
2015,49,14,0.54,711.411149741941
2015,49,15,0.58,769.0
2015,49,16,0.62,820.0
2015,49,17,0.66,881.2147647269852
2015,49,18,0.7,961.53
2015,49,19,0.74,1057.0
2015,49,20,0.78,1155.8699229601018
2015,49,21,0.82,1342.8952343264132
2015,49,22,0.86,1442.3
2015,49,23,0.9,1692.0671760129362
2015,49,24,0.94,2038.7250686750465
2015,49,25,0.98,2884.61
2015,50,1,0.02,87.51579385641178
2015,50,2,0.06,183.0
2015,50,3,0.1,264.41775025353763
2015,50,4,0.14,323.69926455620856
2015,50,5,0.18,376.3876405454312
2015,50,6,0.22,420.0
2015,50,7,0.26,479.0005480533646
2015,50,8,0.3,500.0
2015,50,9,0.34,550.0
2015,50,10,0.38,600.0
2015,50,11,0.42,640.0
2015,50,12,0.46,692.3
2015,50,13,0.5,732.188193358899
2015,50,14,0.54,787.9044508680851
2015,50,15,0.58,826.9045721737563
2015,50,16,0.62,880.0
2015,50,17,0.66,961.0
2015,50,18,0.7,1015.0934440166149
2015,50,19,0.74,1108.8933176250537
2015,50,20,0.78,1192.3
2015,50,21,0.82,1288.46
2015,50,22,0.86,1442.0
2015,50,23,0.9,1634.61
2015,50,24,0.94,1923.07
2015,50,25,0.98,2788.429465673855
2015,51,1,0.02,97.91423087837799
2015,51,2,0.06,165.0
2015,51,3,0.1,225.0
2015,51,4,0.14,283.5751063805242
2015,51,5,0.18,345.8339760663044
2015,51,6,0.22,400.0
2015,51,7,0.26,450.0
2015,51,8,0.3,500.0
2015,51,9,0.34,556.3487575133821
2015,51,10,0.38,600.0
2015,51,11,0.42,673.07
2015,51,12,0.46,730.76
2015,51,13,0.5,798.76202927246
2015,51,14,0.54,865.38
2015,51,15,0.58,961.0
2015,51,16,0.62,1019.23
2015,51,17,0.66,1115.38
2015,51,18,0.7,1250.0
2015,51,19,0.74,1346.15
2015,51,20,0.78,1538.0
2015,51,21,0.82,1730.76
2015,51,22,0.86,1978.725892696442
2015,51,23,0.9,2300.0
2015,51,24,0.94,2784.7735577841463
2015,51,25,0.98,2884.61
2015,53,1,0.02,99.37911807997165
2015,53,2,0.06,200.74336203952345
2015,53,3,0.1,277.3112146551368
2015,53,4,0.14,342.58366546554123
2015,53,5,0.18,389.4080854348645
2015,53,6,0.22,432.0
2015,53,7,0.26,480.0
2015,53,8,0.3,520.0
2015,53,9,0.34,576.92
2015,53,10,0.38,624.1593617437753
2015,53,11,0.42,680.0
2015,53,12,0.46,735.7588619260326
2015,53,13,0.5,800.0
2015,53,14,0.54,846.15
2015,53,15,0.58,920.0
2015,53,16,0.62,1000.0
2015,53,17,0.66,1073.7193433656882
2015,53,18,0.7,1153.84
2015,53,19,0.74,1269.23
2015,53,20,0.78,1411.334264082104
2015,53,21,0.82,1539.0316800445137
2015,53,22,0.86,1735.5248708333193
2015,53,23,0.9,2030.7183327677594
2015,53,24,0.94,2403.84
2015,53,25,0.98,2884.61
2015,54,1,0.02,102.7068927699943
2015,54,2,0.06,192.0149271250865
2015,54,3,0.1,250.0
2015,54,4,0.14,300.0
2015,54,5,0.18,350.0
2015,54,6,0.22,386.7436979844848
2015,54,7,0.26,408.0
2015,54,8,0.3,461.1602953704252
2015,54,9,0.34,500.0
2015,54,10,0.38,538.0
2015,54,11,0.42,576.92
2015,54,12,0.46,600.0
2015,54,13,0.5,650.0
2015,54,14,0.54,692.3
2015,54,15,0.58,749.0832353232736
2015,54,16,0.62,800.0
2015,54,17,0.66,845.8442053729402
2015,54,18,0.7,903.84
2015,54,19,0.74,985.0933594974689
2015,54,20,0.78,1057.69
2015,54,21,0.82,1153.84
2015,54,22,0.86,1305.3445177960712
2015,54,23,0.9,1500.0
2015,54,24,0.94,1783.3933089769585
2015,54,25,0.98,2513.464237882456
2015,55,1,0.02,75.0
2015,55,2,0.06,150.0
2015,55,3,0.1,208.07861972177153
2015,55,4,0.14,270.0
2015,55,5,0.18,333.7648138381287
2015,55,6,0.22,380.0
2015,55,7,0.26,421.7542325678886
2015,55,8,0.3,480.0
2015,55,9,0.34,520.0
2015,55,10,0.38,570.3205143116836
2015,55,11,0.42,600.0
2015,55,12,0.46,640.0
2015,55,13,0.5,692.3
2015,55,14,0.54,750.0
2015,55,15,0.58,800.0
2015,55,16,0.62,865.0
2015,55,17,0.66,923.07
2015,55,18,0.7,1000.0
2015,55,19,0.74,1077.6531045123684
2015,55,20,0.78,1192.3
2015,55,21,0.82,1320.0
2015,55,22,0.86,1442.152945910576
2015,55,23,0.9,1634.61
2015,55,24,0.94,1923.7813513630972
2015,55,25,0.98,2790.963916071111
2015,56,1,0.02,80.0
2015,56,2,0.06,172.10259325303667
2015,56,3,0.1,240.0
2015,56,4,0.14,304.8603523852043
2015,56,5,0.18,360.0
2015,56,6,0.22,400.0
2015,56,7,0.26,441.74086738823837
2015,56,8,0.3,480.0
2015,56,9,0.34,523.6206839116247
2015,56,10,0.38,576.92
2015,56,11,0.42,600.0
2015,56,12,0.46,653.84
2015,56,13,0.5,717.3582835666305
2015,56,14,0.54,760.0
2015,56,15,0.58,800.0
2015,56,16,0.62,880.0
2015,56,17,0.66,961.0
2015,56,18,0.7,1020.0
2015,56,19,0.74,1120.0
2015,56,20,0.78,1230.76
2015,56,21,0.82,1346.15
2015,56,22,0.86,1519.2950808098353
2015,56,23,0.9,1728.7994308798118
2015,56,24,0.94,2086.515626008694
2015,56,25,0.98,2884.61
2019,1,1,0.02,133.5884439443131
2019,1,2,0.06,225.0
2019,1,3,0.1,307.39895971346795
2019,1,4,0.14,366.1847220162983
2019,1,5,0.18,415.36764830473663
2019,1,6,0.22,461.53
2019,1,7,0.26,500.0
2019,1,8,0.3,550.4136551235252
2019,1,9,0.34,590.7739687908759
2019,1,10,0.38,615.9706328274383
2019,1,11,0.42,673.0
2019,1,12,0.46,720.0
2019,1,13,0.5,769.0
2019,1,14,0.54,807.0
2019,1,15,0.58,866.0157338027682
2019,1,16,0.62,942.3
2019,1,17,0.66,1000.0
2019,1,18,0.7,1076.0
2019,1,19,0.74,1153.84
2019,1,20,0.78,1250.0
2019,1,21,0.82,1399.3010712739072
2019,1,22,0.86,1538.0
2019,1,23,0.9,1810.8400094299445
2019,1,24,0.94,2211.53
2019,1,25,0.98,2884.61
2019,2,1,0.02,100.0
2019,2,2,0.06,230.0
2019,2,3,0.1,300.0
2019,2,4,0.14,369.23
2019,2,5,0.18,420.0
2019,2,6,0.22,480.0
2019,2,7,0.26,520.0
2019,2,8,0.3,576.0
2019,2,9,0.34,600.0
2019,2,10,0.38,673.0
2019,2,11,0.42,740.0
2019,2,12,0.46,800.0
2019,2,13,0.5,865.38
2019,2,14,0.54,932.8376290086558
2019,2,15,0.58,1000.0
2019,2,16,0.62,1061.3151610808184
2019,2,17,0.66,1153.84
2019,2,18,0.7,1250.0
2019,2,19,0.74,1346.15
2019,2,20,0.78,1500.0
2019,2,21,0.82,1615.2966874023218
2019,2,22,0.86,1826.92
2019,2,23,0.9,2000.0
2019,2,24,0.94,2307.69
2019,2,25,0.98,2884.61
2019,4,1,0.02,120.0
2019,4,2,0.06,200.0
2019,4,3,0.1,275.0
2019,4,4,0.14,350.0
2019,4,5,0.18,400.0
2019,4,6,0.22,450.0
2019,4,7,0.26,500.0
2019,4,8,0.3,542.9638329014688
2019,4,9,0.34,595.6459789465894
2019,4,10,0.38,625.0594431737165
2019,4,11,0.42,673.07
2019,4,12,0.46,720.0
2019,4,13,0.5,769.0
2019,4,14,0.54,819.8899829978069
2019,4,15,0.58,884.3793597543145
2019,4,16,0.62,961.0
2019,4,17,0.66,1027.9637334550673
2019,4,18,0.7,1115.38
2019,4,19,0.74,1211.53
2019,4,20,0.78,1346.0
2019,4,21,0.82,1445.2831567256524
2019,4,22,0.86,1625.3318075310096
2019,4,23,0.9,1923.0609092715135
2019,4,24,0.94,2307.69
2019,4,25,0.98,2884.61
2019,5,1,0.02,109.9524065208882
2019,5,2,0.06,200.0
2019,5,3,0.1,270.0
2019,5,4,0.14,340.0
2019,5,5,0.18,384.0
2019,5,6,0.22,404.5537800625067
2019,5,7,0.26,460.0
2019,5,8,0.3,500.0
2019,5,9,0.34,540.0
2019,5,10,0.38,578.0253026031329
2019,5,11,0.42,607.123989583467
2019,5,12,0.46,662.8811560945356
2019,5,13,0.5,711.0
2019,5,14,0.54,756.6694265978334
2019,5,15,0.58,807.0
2019,5,16,0.62,865.4817673328804
2019,5,17,0.66,932.1228306633758
2019,5,18,0.7,1000.0
2019,5,19,0.74,1120.0
2019,5,20,0.78,1206.0864450762674
2019,5,21,0.82,1346.15
2019,5,22,0.86,1500.0
2019,5,23,0.9,1730.76
2019,5,24,0.94,2034.0804072828232
2019,5,25,0.98,2884.0
2019,6,1,0.02,138.46
2019,6,2,0.06,240.0
2019,6,3,0.1,324.52822755429304
2019,6,4,0.14,400.0
2019,6,5,0.18,450.0
2019,6,6,0.22,500.0
2019,6,7,0.26,540.0
2019,6,8,0.3,590.0
2019,6,9,0.34,625.0
2019,6,10,0.38,680.0
2019,6,11,0.42,720.0
2019,6,12,0.46,780.0
2019,6,13,0.5,845.0
2019,6,14,0.54,923.0
2019,6,15,0.58,1000.0
2019,6,16,0.62,1080.0
2019,6,17,0.66,1173.07
2019,6,18,0.7,1307.69
2019,6,19,0.74,1450.0
2019,6,20,0.78,1615.38
2019,6,21,0.82,1846.1408084592208
2019,6,22,0.86,2115.0
2019,6,23,0.9,2403.0
2019,6,24,0.94,2884.61
2019,6,25,0.98,2884.61
2019,8,1,0.02,113.44483289692508
2019,8,2,0.06,238.86529483024154
2019,8,3,0.1,307.30253686398964
2019,8,4,0.14,400.0
2019,8,5,0.18,475.6777590040851
2019,8,6,0.22,519.0
2019,8,7,0.26,576.0
2019,8,8,0.3,600.0
2019,8,9,0.34,666.4038093129112
2019,8,10,0.38,693.6095424091947
2019,8,11,0.42,754.1494297766104
2019,8,12,0.46,800.0
2019,8,13,0.5,865.0
2019,8,14,0.54,923.07
2019,8,15,0.58,1000.0
2019,8,16,0.62,1057.69
2019,8,17,0.66,1153.84
2019,8,18,0.7,1260.102368263606
2019,8,19,0.74,1400.0
2019,8,20,0.78,1538.46
2019,8,21,0.82,1732.4520028180925
2019,8,22,0.86,1994.4208298474152
2019,8,23,0.9,2307.0
2019,8,24,0.94,2788.46
2019,8,25,0.98,2884.61
2019,9,1,0.02,88.0
2019,9,2,0.06,173.2660074299812
2019,9,3,0.1,263.1326101977353
2019,9,4,0.14,350.0
2019,9,5,0.18,401.1234877002069
2019,9,6,0.22,477.0445357789458
2019,9,7,0.26,520.0
2019,9,8,0.3,576.0
2019,9,9,0.34,610.0
2019,9,10,0.38,680.0
2019,9,11,0.42,760.0
2019,9,12,0.46,800.0
2019,9,13,0.5,875.6186654511282
2019,9,14,0.54,961.53
2019,9,15,0.58,1055.0087662173
2019,9,16,0.62,1153.1476391282508
2019,9,17,0.66,1250.0
2019,9,18,0.7,1384.61
2019,9,19,0.74,1514.6174900497142
2019,9,20,0.78,1662.4865331111064
2019,9,21,0.82,1863.813574345095
2019,9,22,0.86,2000.0
2019,9,23,0.9,2359.7331335860626
2019,9,24,0.94,2884.61
2019,9,25,0.98,2884.61
2019,10,1,0.02,127.09910524236025
2019,10,2,0.06,201.1862157138632
2019,10,3,0.1,301.3005323227174
2019,10,4,0.14,384.61
2019,10,5,0.18,440.0
2019,10,6,0.22,480.0
2019,10,7,0.26,525.0
2019,10,8,0.3,576.0
2019,10,9,0.34,600.0
2019,10,10,0.38,646.3078205660549
2019,10,11,0.42,680.0
2019,10,12,0.46,736.7829310309135
2019,10,13,0.5,787.5957421115978
2019,10,14,0.54,824.070192121124
2019,10,15,0.58,900.0
2019,10,16,0.62,990.0
2019,10,17,0.66,1021.0110352823821
2019,10,18,0.7,1120.0
2019,10,19,0.74,1200.0
2019,10,20,0.78,1307.69
2019,10,21,0.82,1442.3
2019,10,22,0.86,1634.2782049338775
2019,10,23,0.9,1883.6147339919603
2019,10,24,0.94,2148.758067089529
2019,10,25,0.98,2884.61
2019,11,1,0.02,171.27617313628963
2019,11,2,0.06,300.0
2019,11,3,0.1,399.1087306444542
2019,11,4,0.14,500.0
2019,11,5,0.18,600.0
2019,11,6,0.22,700.0
2019,11,7,0.26,800.0
2019,11,8,0.3,946.3545266753656
2019,11,9,0.34,1000.0
2019,11,10,0.38,1115.38
2019,11,11,0.42,1192.3
2019,11,12,0.46,1250.0
2019,11,13,0.5,1346.15
2019,11,14,0.54,1442.3
2019,11,15,0.58,1538.46
2019,11,16,0.62,1634.61
2019,11,17,0.66,1730.76
2019,11,18,0.7,1923.0
2019,11,19,0.74,2082.4519499015023
2019,11,20,0.78,2307.69
2019,11,21,0.82,2500.0
2019,11,22,0.86,2692.3
2019,11,23,0.9,2884.61
2019,11,24,0.94,2884.61
2019,11,25,0.98,2884.61
2019,12,1,0.02,146.55621635986145
2019,12,2,0.06,230.76
2019,12,3,0.1,300.0
2019,12,4,0.14,360.0
2019,12,5,0.18,400.0
2019,12,6,0.22,450.0
2019,12,7,0.26,480.76
2019,12,8,0.3,520.0
2019,12,9,0.34,560.0
2019,12,10,0.38,600.0
2019,12,11,0.42,640.0
2019,12,12,0.46,692.0
2019,12,13,0.5,750.0
2019,12,14,0.54,795.9365433500257
2019,12,15,0.58,855.0
2019,12,16,0.62,923.0
2019,12,17,0.66,990.5627321506925
2019,12,18,0.7,1076.0
2019,12,19,0.74,1153.84
2019,12,20,0.78,1283.6883680943206
2019,12,21,0.82,1442.0
2019,12,22,0.86,1600.0
2019,12,23,0.9,1923.0
2019,12,24,0.94,2307.69
2019,12,25,0.98,2884.61
2019,13,1,0.02,137.83179413757242
2019,13,2,0.06,240.0
2019,13,3,0.1,323.1365694261779
2019,13,4,0.14,384.54260479231243
2019,13,5,0.18,420.0
2019,13,6,0.22,474.88939069445036
2019,13,7,0.26,500.0
2019,13,8,0.3,557.0
2019,13,9,0.34,600.0
2019,13,10,0.38,625.6861037111464
2019,13,11,0.42,680.0
2019,13,12,0.46,720.0
2019,13,13,0.5,769.23
2019,13,14,0.54,840.2860749623201
2019,13,15,0.58,919.2008832118728
2019,13,16,0.62,989.4651397165582
2019,13,17,0.66,1054.9505334083608
2019,13,18,0.7,1153.0
2019,13,19,0.74,1249.0681895257978
2019,13,20,0.78,1346.0
2019,13,21,0.82,1442.3
2019,13,22,0.86,1692.2291202069332
2019,13,23,0.9,2000.0
2019,13,24,0.94,2500.0
2019,13,25,0.98,2884.61
2019,15,1,0.02,114.9614816845729
2019,15,2,0.06,210.0
2019,15,3,0.1,300.0
2019,15,4,0.14,383.498516030957
2019,15,5,0.18,440.0
2019,15,6,0.22,480.0
2019,15,7,0.26,520.0
2019,15,8,0.3,570.0
2019,15,9,0.34,600.0
2019,15,10,0.38,650.0
2019,15,11,0.42,692.3
2019,15,12,0.46,750.0
2019,15,13,0.5,807.69
2019,15,14,0.54,869.3020480996247
2019,15,15,0.58,923.07
2019,15,16,0.62,1000.0
2019,15,17,0.66,1076.0
2019,15,18,0.7,1153.84
2019,15,19,0.74,1250.0
2019,15,20,0.78,1384.61
2019,15,21,0.82,1538.0
2019,15,22,0.86,1730.76
2019,15,23,0.9,1950.3631806527094
2019,15,24,0.94,2403.0
2019,15,25,0.98,2884.61
2019,16,1,0.02,87.64311139215842
2019,16,2,0.06,165.43647694458087
2019,16,3,0.1,248.13023660447382
2019,16,4,0.14,312.09205689150195
2019,16,5,0.18,375.0
2019,16,6,0.22,420.0
2019,16,7,0.26,468.0
2019,16,8,0.3,500.0
2019,16,9,0.34,546.8497481067734
2019,16,10,0.38,594.7982094119068
2019,16,11,0.42,623.652176930488
2019,16,12,0.46,671.3936341579073
2019,16,13,0.5,700.0
2019,16,14,0.54,752.0
2019,16,15,0.58,800.0
2019,16,16,0.62,875.0
2019,16,17,0.66,945.2154356491551
2019,16,18,0.7,1014.4721324766145
2019,16,19,0.74,1109.8553046824304
2019,16,20,0.78,1200.0
2019,16,21,0.82,1346.15
2019,16,22,0.86,1536.8246948227027
2019,16,23,0.9,1730.76
2019,16,24,0.94,2050.0
2019,16,25,0.98,2884.61
2019,17,1,0.02,99.0
2019,17,2,0.06,200.0
2019,17,3,0.1,288.46
2019,17,4,0.14,360.0
2019,17,5,0.18,416.47375212246504
2019,17,6,0.22,480.0
2019,17,7,0.26,520.0
2019,17,8,0.3,576.4737195440346
2019,17,9,0.34,623.3914171260392
2019,17,10,0.38,680.0
2019,17,11,0.42,738.46
2019,17,12,0.46,800.0
2019,17,13,0.5,865.0
2019,17,14,0.54,923.07
2019,17,15,0.58,1000.0
2019,17,16,0.62,1080.3837267112563
2019,17,17,0.66,1153.84
2019,17,18,0.7,1250.0
2019,17,19,0.74,1365.3592541481507
2019,17,20,0.78,1500.0
2019,17,21,0.82,1635.063111679008
2019,17,22,0.86,1921.6852990879393
2019,17,23,0.9,2115.38
2019,17,24,0.94,2750.0
2019,17,25,0.98,2884.61
2019,18,1,0.02,102.0
2019,18,2,0.06,192.0
2019,18,3,0.1,276.0
2019,18,4,0.14,350.0
2019,18,5,0.18,405.092045364159
2019,18,6,0.22,465.5
2019,18,7,0.26,507.0
2019,18,8,0.3,545.5839353202011
2019,18,9,0.34,586.5220641086704
2019,18,10,0.38,609.3834313713912
2019,18,11,0.42,673.0
2019,18,12,0.46,720.0
2019,18,13,0.5,770.0
2019,18,14,0.54,826.0
2019,18,15,0.58,878.1078054618209
2019,18,16,0.62,924.4854591036628
2019,18,17,0.66,1000.0
2019,18,18,0.7,1076.4798800968024
2019,18,19,0.74,1160.55674025506
2019,18,20,0.78,1256.9370032622749
2019,18,21,0.82,1400.0
2019,18,22,0.86,1509.1910545016713
2019,18,23,0.9,1730.76
2019,18,24,0.94,2057.69
2019,18,25,0.98,2884.61
2019,19,1,0.02,77.4736410707822
2019,19,2,0.06,150.0
2019,19,3,0.1,234.39339864899785
2019,19,4,0.14,318.5921744611055
2019,19,5,0.18,400.0
2019,19,6,0.22,450.0
2019,19,7,0.26,492.0
2019,19,8,0.3,540.0
2019,19,9,0.34,584.8841777935555
2019,19,10,0.38,626.1468266914972
2019,19,11,0.42,673.07
2019,19,12,0.46,713.8631938463924
2019,19,13,0.5,760.5016235335289
2019,19,14,0.54,800.0
2019,19,15,0.58,865.38
2019,19,16,0.62,923.07
2019,19,17,0.66,1000.0
2019,19,18,0.7,1084.6578425348096
2019,19,19,0.74,1155.0
2019,19,20,0.78,1291.422299587608
2019,19,21,0.82,1400.0
2019,19,22,0.86,1538.0
2019,19,23,0.9,1730.76
2019,19,24,0.94,2082.02033934702
2019,19,25,0.98,2884.61
2019,20,1,0.02,96.00505609366097
2019,20,2,0.06,190.77560333410003
2019,20,3,0.1,285.0
2019,20,4,0.14,350.0
2019,20,5,0.18,400.0
2019,20,6,0.22,460.2744989627143
2019,20,7,0.26,500.0
2019,20,8,0.3,550.8991032616362
2019,20,9,0.34,597.2
2019,20,10,0.38,615.38
2019,20,11,0.42,672.784594106377
2019,20,12,0.46,713.0413226127818
2019,20,13,0.5,760.0
2019,20,14,0.54,800.0
2019,20,15,0.58,852.4937304760734
2019,20,16,0.62,920.0
2019,20,17,0.66,961.53
2019,20,18,0.7,1038.46
2019,20,19,0.74,1150.4763810530183
2019,20,20,0.78,1240.0
2019,20,21,0.82,1384.8807389789922
2019,20,22,0.86,1547.5261566583392
2019,20,23,0.9,1846.0301411873938
2019,20,24,0.94,2307.0
2019,20,25,0.98,2884.61
2019,21,1,0.02,104.01079395580781
2019,21,2,0.06,200.0
2019,21,3,0.1,270.0
2019,21,4,0.14,325.48306796635694
2019,21,5,0.18,384.0
2019,21,6,0.22,415.04985572966115
2019,21,7,0.26,480.0
2019,21,8,0.3,525.0
2019,21,9,0.34,560.0
2019,21,10,0.38,600.0
2019,21,11,0.42,640.0
2019,21,12,0.46,680.0
2019,21,13,0.5,730.76
2019,21,14,0.54,769.23
2019,21,15,0.58,825.7671196846361
2019,21,16,0.62,900.3489746805939
2019,21,17,0.66,961.53
2019,21,18,0.7,1039.1016036692074
2019,21,19,0.74,1153.0
2019,21,20,0.78,1230.76
2019,21,21,0.82,1346.15
2019,21,22,0.86,1511.4437797790383
2019,21,23,0.9,1730.76
2019,21,24,0.94,2091.245852110256
2019,21,25,0.98,2884.61
2019,22,1,0.02,109.92113445809349
2019,22,2,0.06,200.0
2019,22,3,0.1,276.16796592655834
2019,22,4,0.14,340.0
2019,22,5,0.18,390.0
2019,22,6,0.22,428.6048945966037
2019,22,7,0.26,480.0
2019,22,8,0.3,520.0
2019,22,9,0.34,570.0
2019,22,10,0.38,600.0
2019,22,11,0.42,640.0
2019,22,12,0.46,692.0
2019,22,13,0.5,750.0
2019,22,14,0.54,800.0
2019,22,15,0.58,865.0
2019,22,16,0.62,923.07
2019,22,17,0.66,1000.0
2019,22,18,0.7,1080.0
2019,22,19,0.74,1170.0
2019,22,20,0.78,1307.69
2019,22,21,0.82,1442.0
2019,22,22,0.86,1600.0
2019,22,23,0.9,1894.883497691078
2019,22,24,0.94,2309.682079976184
2019,22,25,0.98,2884.61
2019,23,1,0.02,100.0
2019,23,2,0.06,176.0
2019,23,3,0.1,260.0
2019,23,4,0.14,330.0
2019,23,5,0.18,400.0
2019,23,6,0.22,454.54279140202567
2019,23,7,0.26,490.0
2019,23,8,0.3,553.84
2019,23,9,0.34,600.0
2019,23,10,0.38,623.3729822805353
2019,23,11,0.42,673.07
2019,23,12,0.46,720.0
2019,23,13,0.5,769.23
2019,23,14,0.54,807.0
2019,23,15,0.58,862.7998334889879
2019,23,16,0.62,900.2454012719626
2019,23,17,0.66,990.0
2019,23,18,0.7,1076.92
2019,23,19,0.74,1153.84
2019,23,20,0.78,1250.0
2019,23,21,0.82,1384.61
2019,23,22,0.86,1536.436442972701
2019,23,23,0.9,1741.9495454945968
2019,23,24,0.94,2086.241648073332
2019,23,25,0.98,2884.61
2019,24,1,0.02,132.1450561878864
2019,24,2,0.06,221.65567884582893
2019,24,3,0.1,320.0
2019,24,4,0.14,392.05003906334764
2019,24,5,0.18,450.0
2019,24,6,0.22,500.0
2019,24,7,0.26,560.0227037060563
2019,24,8,0.3,600.0
2019,24,9,0.34,653.9193636781126
2019,24,10,0.38,732.0838129855683
2019,24,11,0.42,800.0
2019,24,12,0.46,871.3152047914343
2019,24,13,0.5,961.53
2019,24,14,0.54,1040.0
2019,24,15,0.58,1121.1210601616322
2019,24,16,0.62,1230.6066198569868
2019,24,17,0.66,1346.0
2019,24,18,0.7,1440.0
2019,24,19,0.74,1576.92
2019,24,20,0.78,1750.0
2019,24,21,0.82,1923.07
2019,24,22,0.86,2120.0115789929614
2019,24,23,0.9,2500.0
2019,24,24,0.94,2884.61
2019,24,25,0.98,2884.61
2019,25,1,0.02,112.46631865055326
2019,25,2,0.06,225.38287962548668
2019,25,3,0.1,320.0
2019,25,4,0.14,400.0
2019,25,5,0.18,480.0
2019,25,6,0.22,525.0
2019,25,7,0.26,576.92
2019,25,8,0.3,615.38
2019,25,9,0.34,673.164407149342
2019,25,10,0.38,740.0
2019,25,11,0.42,800.0
2019,25,12,0.46,880.0
2019,25,13,0.5,961.53
2019,25,14,0.54,1021.8750209393967
2019,25,15,0.58,1140.0
2019,25,16,0.62,1200.0
2019,25,17,0.66,1307.335604573848
2019,25,18,0.7,1440.329002052142
2019,25,19,0.74,1538.46
2019,25,20,0.78,1700.0
2019,25,21,0.82,1923.0
2019,25,22,0.86,2115.38
2019,25,23,0.9,2500.0
2019,25,24,0.94,2884.61
2019,25,25,0.98,2884.61
2019,26,1,0.02,102.26767105782744
2019,26,2,0.06,192.0
2019,26,3,0.1,253.58630337586138
2019,26,4,0.14,340.7497297454045
2019,26,5,0.18,400.0
2019,26,6,0.22,440.0
2019,26,7,0.26,500.0
2019,26,8,0.3,550.0
2019,26,9,0.34,598.0
2019,26,10,0.38,634.0
2019,26,11,0.42,684.1403914790411
2019,26,12,0.46,738.5044359287583
2019,26,13,0.5,790.0
2019,26,14,0.54,865.0
2019,26,15,0.58,923.07
2019,26,16,0.62,992.0
2019,26,17,0.66,1057.2464059678362
2019,26,18,0.7,1153.84
2019,26,19,0.74,1280.0
2019,26,20,0.78,1384.61
2019,26,21,0.82,1538.46
2019,26,22,0.86,1730.0
2019,26,23,0.9,1938.674563904254
2019,26,24,0.94,2345.890708855819
2019,26,25,0.98,2884.61
2019,27,1,0.02,98.80787877646317
2019,27,2,0.06,203.3340739638441
2019,27,3,0.1,270.0
2019,27,4,0.14,362.70447825450367
2019,27,5,0.18,440.0
2019,27,6,0.22,500.0
2019,27,7,0.26,560.0
2019,27,8,0.3,600.0
2019,27,9,0.34,673.0
2019,27,10,0.38,720.0
2019,27,11,0.42,769.23
2019,27,12,0.46,807.0
2019,27,13,0.5,875.0
2019,27,14,0.54,942.3
2019,27,15,0.58,1000.0
2019,27,16,0.62,1076.0
2019,27,17,0.66,1153.84
2019,27,18,0.7,1250.0
2019,27,19,0.74,1355.0
2019,27,20,0.78,1500.0
2019,27,21,0.82,1634.61
2019,27,22,0.86,1826.92
2019,27,23,0.9,2080.0
2019,27,24,0.94,2500.0
2019,27,25,0.98,2884.61
2019,28,1,0.02,108.0
2019,28,2,0.06,200.0
2019,28,3,0.1,275.28259667848096
2019,28,4,0.14,323.07
2019,28,5,0.18,364.0168586541945
2019,28,6,0.22,400.0
2019,28,7,0.26,450.0
2019,28,8,0.3,480.0
2019,28,9,0.34,520.0
2019,28,10,0.38,563.2
2019,28,11,0.42,600.0
2019,28,12,0.46,640.0
2019,28,13,0.5,682.9519778387703
2019,28,14,0.54,720.0
2019,28,15,0.58,769.0
2019,28,16,0.62,807.69
2019,28,17,0.66,880.0
2019,28,18,0.7,961.0
2019,28,19,0.74,1010.3835973287183
2019,28,20,0.78,1100.0701108737144
2019,28,21,0.82,1200.0
2019,28,22,0.86,1346.15
2019,28,23,0.9,1614.2692825194622
2019,28,24,0.94,2000.0
2019,28,25,0.98,2884.61
2019,29,1,0.02,96.0
2019,29,2,0.06,200.0
2019,29,3,0.1,285.0
2019,29,4,0.14,351.36577073441345
2019,29,5,0.18,400.0
2019,29,6,0.22,460.0
2019,29,7,0.26,500.0
2019,29,8,0.3,557.1965436518016
2019,29,9,0.34,600.0
2019,29,10,0.38,640.0
2019,29,11,0.42,691.9043624789718
2019,29,12,0.46,736.8984517824349
2019,29,13,0.5,788.0384843879757
2019,29,14,0.54,826.92
2019,29,15,0.58,900.0
2019,29,16,0.62,979.072912471271
2019,29,17,0.66,1057.0
2019,29,18,0.7,1120.0
2019,29,19,0.74,1200.0
2019,29,20,0.78,1300.0
2019,29,21,0.82,1440.1226531254806
2019,29,22,0.86,1557.0
2019,29,23,0.9,1730.76
2019,29,24,0.94,2071.3193511650206
2019,29,25,0.98,2884.61
2019,30,1,0.02,90.3683274297793
2019,30,2,0.06,178.39760512135754
2019,30,3,0.1,240.0
2019,30,4,0.14,300.0
2019,30,5,0.18,369.7857827733018
2019,30,6,0.22,420.0
2019,30,7,0.26,478.384501096518
2019,30,8,0.3,520.0
2019,30,9,0.34,560.0
2019,30,10,0.38,600.0
2019,30,11,0.42,640.0
2019,30,12,0.46,684.0
2019,30,13,0.5,731.0008339065138
2019,30,14,0.54,780.0
2019,30,15,0.58,840.0
2019,30,16,0.62,903.84
2019,30,17,0.66,961.53
2019,30,18,0.7,1028.6891738235927
2019,30,19,0.74,1115.2145749360911
2019,30,20,0.78,1211.53
2019,30,21,0.82,1346.0
2019,30,22,0.86,1500.0
2019,30,23,0.9,1732.5084101704879
2019,30,24,0.94,2115.38
2019,30,25,0.98,2884.61
2019,31,1,0.02,80.7427809679867
2019,31,2,0.06,180.0
2019,31,3,0.1,262.5
2019,31,4,0.14,350.0
2019,31,5,0.18,414.0
2019,31,6,0.22,475.8025896327542
2019,31,7,0.26,510.0
2019,31,8,0.3,560.0
2019,31,9,0.34,600.0
2019,31,10,0.38,620.0
2019,31,11,0.42,660.0
2019,31,12,0.46,700.0
2019,31,13,0.5,765.0
2019,31,14,0.54,800.0
2019,31,15,0.58,878.3552966568194
2019,31,16,0.62,950.0
2019,31,17,0.66,1000.0
2019,31,18,0.7,1057.69
2019,31,19,0.74,1153.84
2019,31,20,0.78,1259.660214135534
2019,31,21,0.82,1403.84
2019,31,22,0.86,1538.46
2019,31,23,0.9,1730.76
2019,31,24,0.94,2079.814338626274
2019,31,25,0.98,2884.61
2019,32,1,0.02,131.2893662590246
2019,32,2,0.06,229.3066808629114
2019,32,3,0.1,320.0
2019,32,4,0.14,380.0
2019,32,5,0.18,420.5234967318926
2019,32,6,0.22,480.0
2019,32,7,0.26,525.0
2019,32,8,0.3,560.0
2019,32,9,0.34,600.0
2019,32,10,0.38,629.5206672597355
2019,32,11,0.42,673.0
2019,32,12,0.46,720.0
2019,32,13,0.5,769.0
2019,32,14,0.54,807.69
2019,32,15,0.58,880.0
2019,32,16,0.62,957.9874580961209
2019,32,17,0.66,1000.0
2019,32,18,0.7,1100.0
2019,32,19,0.74,1200.0
2019,32,20,0.78,1288.46
2019,32,21,0.82,1423.07
2019,32,22,0.86,1538.46
2019,32,23,0.9,1800.0
2019,32,24,0.94,2178.0630508130394
2019,32,25,0.98,2884.61
2019,33,1,0.02,96.0
2019,33,2,0.06,184.81373522353087
2019,33,3,0.1,294.0
2019,33,4,0.14,385.0
2019,33,5,0.18,461.53
2019,33,6,0.22,520.0
2019,33,7,0.26,587.0945729408143
2019,33,8,0.3,640.0
2019,33,9,0.34,680.0
2019,33,10,0.38,729.2176592102668
2019,33,11,0.42,770.9398981183399
2019,33,12,0.46,840.0
2019,33,13,0.5,885.4643467644399
2019,33,14,0.54,961.0
2019,33,15,0.58,1014.4493408507968
2019,33,16,0.62,1108.391132668536
2019,33,17,0.66,1200.0
2019,33,18,0.7,1288.46
2019,33,19,0.74,1400.0
2019,33,20,0.78,1538.46
2019,33,21,0.82,1730.0
2019,33,22,0.86,1923.07
2019,33,23,0.9,2211.53
2019,33,24,0.94,2692.3
2019,33,25,0.98,2884.61
2019,34,1,0.02,100.0
2019,34,2,0.06,221.0506954046716
2019,34,3,0.1,312.5
2019,34,4,0.14,400.0
2019,34,5,0.18,461.0
2019,34,6,0.22,500.0
2019,34,7,0.26,560.0
2019,34,8,0.3,600.0
2019,34,9,0.34,661.3684164604498
2019,34,10,0.38,720.0
2019,34,11,0.42,769.0
2019,34,12,0.46,840.0
2019,34,13,0.5,912.0
2019,34,14,0.54,995.7565304035409
2019,34,15,0.58,1060.0
2019,34,16,0.62,1153.84
2019,34,17,0.66,1269.0
2019,34,18,0.7,1400.0
2019,34,19,0.74,1538.46
2019,34,20,0.78,1725.9722657463449
2019,34,21,0.82,1923.0
2019,34,22,0.86,2115.38
2019,34,23,0.9,2500.0
2019,34,24,0.94,2884.61
2019,34,25,0.98,2884.61
2019,35,1,0.02,125.0
2019,35,2,0.06,200.0
2019,35,3,0.1,250.0
2019,35,4,0.14,315.0
2019,35,5,0.18,360.0
2019,35,6,0.22,400.0
2019,35,7,0.26,437.9000574420029
2019,35,8,0.3,480.0
2019,35,9,0.34,516.3527242441794
2019,35,10,0.38,563.3470742805232
2019,35,11,0.42,600.0
2019,35,12,0.46,658.9100895468441
2019,35,13,0.5,694.3374771190348
2019,35,14,0.54,750.0
2019,35,15,0.58,800.0
2019,35,16,0.62,865.38
2019,35,17,0.66,923.07
2019,35,18,0.7,1000.0
2019,35,19,0.74,1100.0
2019,35,20,0.78,1240.0
2019,35,21,0.82,1346.15
2019,35,22,0.86,1480.0
2019,35,23,0.9,1692.0
2019,35,24,0.94,2115.38
2019,35,25,0.98,2884.61
2019,36,1,0.02,125.0
2019,36,2,0.06,237.5
2019,36,3,0.1,315.0
2019,36,4,0.14,395.3108925508558
2019,36,5,0.18,450.0
2019,36,6,0.22,500.0
2019,36,7,0.26,552.0
2019,36,8,0.3,600.0
2019,36,9,0.34,640.0
2019,36,10,0.38,680.0
2019,36,11,0.42,738.0
2019,36,12,0.46,792.9689779089387
2019,36,13,0.5,865.0
2019,36,14,0.54,953.199279957833
2019,36,15,0.58,1000.0
2019,36,16,0.62,1120.0
2019,36,17,0.66,1200.0
2019,36,18,0.7,1307.69
2019,36,19,0.74,1438.6495186371253
2019,36,20,0.78,1538.46
2019,36,21,0.82,1730.76
2019,36,22,0.86,1923.07
2019,36,23,0.9,2307.0
2019,36,24,0.94,2884.0
2019,36,25,0.98,2884.61
2019,37,1,0.02,119.65796645163465
2019,37,2,0.06,200.0
2019,37,3,0.1,300.0
2019,37,4,0.14,360.0
2019,37,5,0.18,400.0
2019,37,6,0.22,460.0
2019,37,7,0.26,500.0
2019,37,8,0.3,550.0
2019,37,9,0.34,600.0
2019,37,10,0.38,620.0
2019,37,11,0.42,673.0
2019,37,12,0.46,720.0
2019,37,13,0.5,769.0
2019,37,14,0.54,807.69
2019,37,15,0.58,880.0
2019,37,16,0.62,961.0
2019,37,17,0.66,1000.0
2019,37,18,0.7,1115.38
2019,37,19,0.74,1200.0
2019,37,20,0.78,1346.0
2019,37,21,0.82,1519.8476855893089
2019,37,22,0.86,1730.0
2019,37,23,0.9,1948.5299737915316
2019,37,24,0.94,2385.2932211476914
2019,37,25,0.98,2884.61
2019,38,1,0.02,120.0
2019,38,2,0.06,225.0
2019,38,3,0.1,300.0
2019,38,4,0.14,395.9497902280673
2019,38,5,0.18,450.0
2019,38,6,0.22,500.0
2019,38,7,0.26,559.3584823817605
2019,38,8,0.3,600.0
2019,38,9,0.34,640.0
2019,38,10,0.38,680.0
2019,38,11,0.42,728.0
2019,38,12,0.46,775.2860351715335
2019,38,13,0.5,826.92
2019,38,14,0.54,900.0
2019,38,15,0.58,960.0
2019,38,16,0.62,1000.0
2019,38,17,0.66,1057.69
2019,38,18,0.7,1153.84
2019,38,19,0.74,1250.0
2019,38,20,0.78,1346.15
2019,38,21,0.82,1458.6337115595584
2019,38,22,0.86,1619.8827822419412
2019,38,23,0.9,1865.38
2019,38,24,0.94,2115.38
2019,38,25,0.98,2884.61
2019,39,1,0.02,100.0
2019,39,2,0.06,180.0
2019,39,3,0.1,250.0
2019,39,4,0.14,324.0
2019,39,5,0.18,390.0
2019,39,6,0.22,440.0
2019,39,7,0.26,500.0
2019,39,8,0.3,557.1993716144916
2019,39,9,0.34,600.0
2019,39,10,0.38,650.0
2019,39,11,0.42,692.8858371703653
2019,39,12,0.46,750.0
2019,39,13,0.5,800.0
2019,39,14,0.54,865.0
2019,39,15,0.58,923.07
2019,39,16,0.62,1000.0
2019,39,17,0.66,1057.69
2019,39,18,0.7,1153.84
2019,39,19,0.74,1250.0
2019,39,20,0.78,1346.0
2019,39,21,0.82,1483.8119251670173
2019,39,22,0.86,1634.61
2019,39,23,0.9,1923.0
2019,39,24,0.94,2307.0
2019,39,25,0.98,2884.61
2019,40,1,0.02,99.1617735487407
2019,40,2,0.06,200.0
2019,40,3,0.1,275.0
2019,40,4,0.14,337.65540261512854
2019,40,5,0.18,384.61
2019,40,6,0.22,420.0
2019,40,7,0.26,480.0
2019,40,8,0.3,509.8169816431412
2019,40,9,0.34,560.0
2019,40,10,0.38,600.0
2019,40,11,0.42,640.0
2019,40,12,0.46,692.0
2019,40,13,0.5,738.135123898283
2019,40,14,0.54,781.8939034218225
2019,40,15,0.58,846.15
2019,40,16,0.62,920.0
2019,40,17,0.66,961.53
2019,40,18,0.7,1040.0
2019,40,19,0.74,1153.84
2019,40,20,0.78,1250.0
2019,40,21,0.82,1403.84
2019,40,22,0.86,1538.46
2019,40,23,0.9,1810.1552845805045
2019,40,24,0.94,2211.0
2019,40,25,0.98,2884.61
2019,41,1,0.02,103.05375346169643
2019,41,2,0.06,195.6825843469685
2019,41,3,0.1,276.92
2019,41,4,0.14,360.0
2019,41,5,0.18,440.0
2019,41,6,0.22,480.0
2019,41,7,0.26,520.0
2019,41,8,0.3,576.0
2019,41,9,0.34,600.0
2019,41,10,0.38,650.0
2019,41,11,0.42,703.8367530600669
2019,41,12,0.46,769.0
2019,41,13,0.5,800.0
2019,41,14,0.54,866.7470861051244
2019,41,15,0.58,939.1360445948031
2019,41,16,0.62,1000.0
2019,41,17,0.66,1115.0
2019,41,18,0.7,1200.0
2019,41,19,0.74,1307.69
2019,41,20,0.78,1434.0512294760072
2019,41,21,0.82,1538.46
2019,41,22,0.86,1800.0
2019,41,23,0.9,2057.69
2019,41,24,0.94,2500.0
2019,41,25,0.98,2884.61
2019,42,1,0.02,90.0
2019,42,2,0.06,187.45934510515545
2019,42,3,0.1,266.5598622903554
2019,42,4,0.14,346.0
2019,42,5,0.18,400.0
2019,42,6,0.22,470.0
2019,42,7,0.26,507.4807095054047
2019,42,8,0.3,560.0
2019,42,9,0.34,600.0
2019,42,10,0.38,660.0
2019,42,11,0.42,715.2430557012175
2019,42,12,0.46,769.23
2019,42,13,0.5,810.0
2019,42,14,0.54,880.0
2019,42,15,0.58,961.3525215475219
2019,42,16,0.62,1038.4542986944386
2019,42,17,0.66,1120.0
2019,42,18,0.7,1210.6016973909461
2019,42,19,0.74,1346.0
2019,42,20,0.78,1442.3
2019,42,21,0.82,1600.0
2019,42,22,0.86,1826.2898970681572
2019,42,23,0.9,2100.189582430739
2019,42,24,0.94,2500.0
2019,42,25,0.98,2884.61
2019,44,1,0.02,123.74117555227542
2019,44,2,0.06,210.0
2019,44,3,0.1,274.3992752119349
2019,44,4,0.14,350.0
2019,44,5,0.18,403.8794193688261
2019,44,6,0.22,480.0
2019,44,7,0.26,520.0
2019,44,8,0.3,600.0
2019,44,9,0.34,640.0
2019,44,10,0.38,692.3
2019,44,11,0.42,750.0
2019,44,12,0.46,800.0
2019,44,13,0.5,850.0
2019,44,14,0.54,923.07
2019,44,15,0.58,988.5534074393447
2019,44,16,0.62,1019.23
2019,44,17,0.66,1115.38
2019,44,18,0.7,1250.0
2019,44,19,0.74,1346.15
2019,44,20,0.78,1464.90932579515
2019,44,21,0.82,1600.0
2019,44,22,0.86,1750.0
2019,44,23,0.9,2000.0
2019,44,24,0.94,2498.841037646328
2019,44,25,0.98,2884.61
2019,45,1,0.02,40.4
2019,45,2,0.06,180.0
2019,45,3,0.1,269.3599540911895
2019,45,4,0.14,351.71610809250336
2019,45,5,0.18,400.0
2019,45,6,0.22,463.4343203326039
2019,45,7,0.26,500.0
2019,45,8,0.3,560.0
2019,45,9,0.34,600.0
2019,45,10,0.38,625.1204267208132
2019,45,11,0.42,673.07
2019,45,12,0.46,720.0
2019,45,13,0.5,769.0
2019,45,14,0.54,805.9314498562642
2019,45,15,0.58,865.38
2019,45,16,0.62,946.7688762413501
2019,45,17,0.66,1000.0
2019,45,18,0.7,1072.2046709669544
2019,45,19,0.74,1153.84
2019,45,20,0.78,1269.23
2019,45,21,0.82,1440.0
2019,45,22,0.86,1631.877349558417
2019,45,23,0.9,1826.92
2019,45,24,0.94,2126.8244226231923
2019,45,25,0.98,2884.3187237589445
2019,46,1,0.02,100.0
2019,46,2,0.06,198.38782803252315
2019,46,3,0.1,271.22550176190043
2019,46,4,0.14,370.0
2019,46,5,0.18,442.15634448831736
2019,46,6,0.22,486.2083329439379
2019,46,7,0.26,529.7425441622916
2019,46,8,0.3,580.0
2019,46,9,0.34,610.0
2019,46,10,0.38,660.0
2019,46,11,0.42,700.0
2019,46,12,0.46,750.0
2019,46,13,0.5,794.8895804530745
2019,46,14,0.54,840.0
2019,46,15,0.58,884.61
2019,46,16,0.62,948.0
2019,46,17,0.66,1000.0
2019,46,18,0.7,1057.69
2019,46,19,0.74,1153.84
2019,46,20,0.78,1237.569696353267
2019,46,21,0.82,1346.022790221572
2019,46,22,0.86,1482.9607784074801
2019,46,23,0.9,1724.5338747599312
2019,46,24,0.94,2047.9623723914058
2019,46,25,0.98,2884.61
2019,47,1,0.02,127.35169992574647
2019,47,2,0.06,225.0
2019,47,3,0.1,308.0303647636967
2019,47,4,0.14,370.0
2019,47,5,0.18,406.0
2019,47,6,0.22,461.4251182084805
2019,47,7,0.26,500.0
2019,47,8,0.3,550.2752017621606
2019,47,9,0.34,600.0
2019,47,10,0.38,640.0
2019,47,11,0.42,680.0
2019,47,12,0.46,720.0
2019,47,13,0.5,769.0
2019,47,14,0.54,800.0
2019,47,15,0.58,865.38
2019,47,16,0.62,924.2407116856351
2019,47,17,0.66,1000.0
2019,47,18,0.7,1057.69
2019,47,19,0.74,1153.84
2019,47,20,0.78,1250.0
2019,47,21,0.82,1346.15
2019,47,22,0.86,1500.0
2019,47,23,0.9,1730.0
2019,47,24,0.94,2115.38
2019,47,25,0.98,2884.61
2019,48,1,0.02,112.12742315517428
2019,48,2,0.06,200.0
2019,48,3,0.1,288.0
2019,48,4,0.14,350.0
2019,48,5,0.18,400.0
2019,48,6,0.22,440.0
2019,48,7,0.26,480.76
2019,48,8,0.3,530.0
2019,48,9,0.34,576.92
2019,48,10,0.38,600.0
2019,48,11,0.42,673.07
2019,48,12,0.46,724.8984130783675
2019,48,13,0.5,780.0
2019,48,14,0.54,830.76
2019,48,15,0.58,900.0
2019,48,16,0.62,961.53
2019,48,17,0.66,1038.46
2019,48,18,0.7,1153.0
2019,48,19,0.74,1250.0
2019,48,20,0.78,1350.0
2019,48,21,0.82,1500.0
2019,48,22,0.86,1711.53
2019,48,23,0.9,2000.0
2019,48,24,0.94,2500.0
2019,48,25,0.98,2884.61
2019,49,1,0.02,96.0217368890272
2019,49,2,0.06,150.0
2019,49,3,0.1,224.5659544337431
2019,49,4,0.14,276.92
2019,49,5,0.18,350.0
2019,49,6,0.22,400.0
2019,49,7,0.26,461.53
2019,49,8,0.3,507.62131716584673
2019,49,9,0.34,560.0
2019,49,10,0.38,600.0
2019,49,11,0.42,640.0
2019,49,12,0.46,682.69
2019,49,13,0.5,740.0
2019,49,14,0.54,800.0
2019,49,15,0.58,863.1871108740694
2019,49,16,0.62,923.0026076815411
2019,49,17,0.66,1000.0
2019,49,18,0.7,1076.988640145479
2019,49,19,0.74,1172.5793952475956
2019,49,20,0.78,1272.5826733916833
2019,49,21,0.82,1423.07
2019,49,22,0.86,1538.46
2019,49,23,0.9,1826.92
2019,49,24,0.94,2117.5485803451525
2019,49,25,0.98,2884.61
2019,50,1,0.02,120.0
2019,50,2,0.06,216.19686853298654
2019,50,3,0.1,300.0
2019,50,4,0.14,400.0
2019,50,5,0.18,461.3121769337896
2019,50,6,0.22,500.0
2019,50,7,0.26,559.7637773807589
2019,50,8,0.3,600.0
2019,50,9,0.34,642.6354345193196
2019,50,10,0.38,700.0
2019,50,11,0.42,760.157803477619
2019,50,12,0.46,800.0
2019,50,13,0.5,855.0
2019,50,14,0.54,900.0
2019,50,15,0.58,961.0
2019,50,16,0.62,1000.0
2019,50,17,0.66,1076.92
2019,50,18,0.7,1153.84
2019,50,19,0.74,1250.0
2019,50,20,0.78,1346.15
2019,50,21,0.82,1500.0
2019,50,22,0.86,1676.6779645749525
2019,50,23,0.9,1923.07
2019,50,24,0.94,2265.672306777487
2019,50,25,0.98,2884.61
2019,51,1,0.02,124.73745158050217
2019,51,2,0.06,215.64576579742172
2019,51,3,0.1,300.0
2019,51,4,0.14,375.0
2019,51,5,0.18,448.0
2019,51,6,0.22,500.0
2019,51,7,0.26,560.0
2019,51,8,0.3,600.0
2019,51,9,0.34,673.07
2019,51,10,0.38,730.0
2019,51,11,0.42,778.0197456168534
2019,51,12,0.46,850.0
2019,51,13,0.5,920.7429375169819
2019,51,14,0.54,1000.0
2019,51,15,0.58,1057.0
2019,51,16,0.62,1153.84
2019,51,17,0.66,1250.0
2019,51,18,0.7,1384.61
2019,51,19,0.74,1519.0
2019,51,20,0.78,1690.8034469061802
2019,51,21,0.82,1923.0
2019,51,22,0.86,2115.0
2019,51,23,0.9,2401.7219510397417
2019,51,24,0.94,2884.0
2019,51,25,0.98,2884.61
2019,53,1,0.02,136.41545161607067
2019,53,2,0.06,262.18375714686874
2019,53,3,0.1,360.0
2019,53,4,0.14,447.68973776259145
2019,53,5,0.18,490.0
2019,53,6,0.22,538.0
2019,53,7,0.26,576.92
2019,53,8,0.3,620.0
2019,53,9,0.34,680.0
2019,53,10,0.38,720.0
2019,53,11,0.42,771.4088942650548
2019,53,12,0.46,820.0
2019,53,13,0.5,900.0
2019,53,14,0.54,980.0
2019,53,15,0.58,1052.723406093856
2019,53,16,0.62,1153.0
2019,53,17,0.66,1250.0
2019,53,18,0.7,1360.0
2019,53,19,0.74,1480.76
2019,53,20,0.78,1615.38
2019,53,21,0.82,1799.971448202039
2019,53,22,0.86,1941.664189663062
2019,53,23,0.9,2211.53
2019,53,24,0.94,2692.0
2019,53,25,0.98,2884.61
2019,54,1,0.02,107.90264231089918
2019,54,2,0.06,208.0
2019,54,3,0.1,275.0
2019,54,4,0.14,333.149681115651
2019,54,5,0.18,380.0
2019,54,6,0.22,420.0
2019,54,7,0.26,461.0
2019,54,8,0.3,499.89155458450875
2019,54,9,0.34,534.0862125999085
2019,54,10,0.38,576.0
2019,54,11,0.42,604.4341116492459
2019,54,12,0.46,673.07
2019,54,13,0.5,720.0
2019,54,14,0.54,769.23
2019,54,15,0.58,800.0
2019,54,16,0.62,865.0
2019,54,17,0.66,924.7368177908047
2019,54,18,0.7,1000.0
2019,54,19,0.74,1080.0
2019,54,20,0.78,1179.9378476067661
2019,54,21,0.82,1319.4703169765432
2019,54,22,0.86,1442.3
2019,54,23,0.9,1654.4334602676572
2019,54,24,0.94,2025.0561272463717
2019,54,25,0.98,2884.61
2019,55,1,0.02,80.0
2019,55,2,0.06,177.54876411847982
2019,55,3,0.1,250.0
2019,55,4,0.14,340.0
2019,55,5,0.18,400.0
2019,55,6,0.22,480.0
2019,55,7,0.26,509.71489752924873
2019,55,8,0.3,557.2910995902895
2019,55,9,0.34,600.0
2019,55,10,0.38,653.84
2019,55,11,0.42,700.0
2019,55,12,0.46,740.0
2019,55,13,0.5,800.0
2019,55,14,0.54,860.0445035469419
2019,55,15,0.58,922.0658040017596
2019,55,16,0.62,990.0
2019,55,17,0.66,1057.69
2019,55,18,0.7,1153.0
2019,55,19,0.74,1211.53
2019,55,20,0.78,1345.458906465956
2019,55,21,0.82,1442.3
2019,55,22,0.86,1634.3716807364096
2019,55,23,0.9,1881.716415936227
2019,55,24,0.94,2192.4435009307012
2019,55,25,0.98,2884.61
2019,56,1,0.02,100.0
2019,56,2,0.06,185.31615167928254
2019,56,3,0.1,250.0
2019,56,4,0.14,320.0
2019,56,5,0.18,400.0
2019,56,6,0.22,460.0
2019,56,7,0.26,500.0
2019,56,8,0.3,558.1476552574405
2019,56,9,0.34,600.0
2019,56,10,0.38,654.7487709448181
2019,56,11,0.42,700.0
2019,56,12,0.46,760.0
2019,56,13,0.5,800.0
2019,56,14,0.54,864.8761743987784
2019,56,15,0.58,923.0
2019,56,16,0.62,1000.0
2019,56,17,0.66,1057.0
2019,56,18,0.7,1152.9104310979496
2019,56,19,0.74,1217.2852597224407
2019,56,20,0.78,1307.69
2019,56,21,0.82,1440.0
2019,56,22,0.86,1575.8558128849024
2019,56,23,0.9,1800.0
2019,56,24,0.94,2115.0524653727
2019,56,25,0.98,2884.61
