year,state_fips,q_1,q_2,q_3,q_4,q_5,q_6,q_7,q_8,q_9,q_10,q_11,q_12,q_13,q_14,q_15,q_16,q_17,q_18,q_19,q_20,q_21,q_22,q_23,q_24,q_25
2010,1,85.29017240534712,160.0,218.4716146961423,270.0,300.0,340.0,375.193835081634,400.0,420.0,461.53,500.0,523.8981171699437,570.0,600.0,673.07,719.7689181189734,780.0320558435697,855.7107042757096,900.0,961.0,1019.1538206185862,1153.84,1269.1074906578722,1623.4339843633898,2195.209037623119
2010,2,75.0,169.89384988840757,250.0,319.1986374017576,370.0,410.0,461.0,500.0,550.0,588.8547309895847,611.9799216671618,673.2674382657505,720.0,775.2,845.6190448816402,900.0,961.0,1021.7956107964596,1134.479399012727,1236.5207399946996,1384.61,1536.456692536129,1826.92,2202.9399824835355,2884.61
2010,4,100.0,193.0,248.4369278707883,300.0,338.79186425282217,380.0,400.0,440.0,480.0,520.0,560.0,600.0,640.0,692.0,750.0,785.4140261883605,840.0,909.0,979.4260071631921,1091.4652070535526,1211.53,1390.8456095897675,1606.5015377702748,1923.07,2884.5946171802593
2010,5,96.01579706247227,159.366859712904,226.23635062398247,280.0,307.69,346.6086664531149,370.0,400.0,410.0,450.0,480.0,509.0821713989671,550.0,576.92,604.6420300603514,646.15,700.0,760.0,807.6176849061337,880.0,961.53,1057.0,1200.0,1418.2377546223431,1950.4799147624794
2010,6,96.0,167.51227253124026,230.0,280.4509450600945,320.0,352.938842089234,397.4161764426285,430.0,480.0,513.4845438218066,570.0,600.0,673.07,730.0,800.0,865.38,961.0,1038.46,1153.0,1260.0,1439.694660781092,1616.0,1923.0,2307.69,2884.61
2010,8,96.0,170.0,250.0,300.0,350.0,384.67274526937155,431.6013045752364,480.0,520.0,576.0,606.6059825185611,673.07,715.38,769.23,826.92,884.61,961.53,1019.23,1153.0,1250.0,1400.0,1538.46,1826.92,2253.3376159377426,2884.61
2010,9,90.0,165.0,225.0,289.1181200671128,350.0,400.0,452.1857456275563,500.0,576.0,615.0,673.07,738.1683373441755,800.0,865.38,961.0,1010.0,1115.38,1192.0,1300.0,1442.0,1557.69,1750.0,2000.0,2500.0,2884.61
2010,10,90.0,172.77049203721802,230.975444977496,300.0,330.9696057799528,380.0,407.8246602476262,467.4924980790209,500.0,550.0,600.0,640.0,692.0,736.2695757881768,788.46,865.0,936.0850260990368,1000.0,1050.2171889576844,1153.2249689898713,1250.0,1384.61,1600.0,1923.07,2744.645609449034
2010,11,101.99850496128106,248.12635858302363,349.48869432729924,413.2,480.76,550.0,577.254323143163,640.0,685.5460764790737,769.23,828.2416190401202,894.5272665579856,961.53,1000.0,1104.8985718211743,1162.5,1250.0,1346.15,1480.76,1646.5418492550903,1846.15,2019.23,2403.84,2884.61,2884.61
2010,12,100.0,191.78466980953843,245.0,300.0,330.0,369.5220437027881,400.0,440.0,480.0,512.0045381084868,560.0,600.0,636.0,675.0,730.76,769.23,830.6301241323096,906.4548535872956,979.9368337125874,1057.69,1160.0,1346.0,1538.0,1923.0,2884.61
2010,13,108.75,180.0,240.0,290.0,323.05130723512656,360.0,400.0,436.76027957808566,480.0,510.0,560.0,600.0,640.1552060450646,685.2499007828353,750.0,800.0,865.38,961.0,1000.0,1115.0,1211.0,1388.1381383537382,1609.5964984631082,1923.07,2884.61
2010,15,90.02071443141563,174.0,230.0,285.0636093660017,326.4277447903134,366.3517213537361,400.0,450.0,484.4650472087184,520.0,560.0,600.0,635.7490070368062,673.07,727.0482187257194,769.23,828.0,900.0,970.8823270615068,1050.0,1153.84,1250.0,1442.3,1800.0,2634.136072677801
2010,16,59.55669456340613,120.0,173.05851521562926,230.76,271.90765625969766,315.0,359.49498790315994,400.0,420.0,461.53,500.0,528.6083163847935,576.4022036694478,600.0,647.1813834762985,700.0,768.5353536529917,826.6062032701518,912.584748635625,1000.0,1076.5103530259098,1211.53,1382.2073204637543,1687.9862877800608,2461.3820136718905
2010,17,96.0,156.5023809549228,200.0,255.0,307.69,346.15,384.61,416.0,461.53,500.0,550.0,600.0,653.0,700.0,769.0,826.0,900.0,961.53,1050.0,1153.0,1250.0,1415.1296678944188,1680.0,2019.23,2884.61
2010,18,83.80336252705777,160.0,217.5,269.13806418625006,304.0,340.3464449320144,380.0,405.125384313895,456.0,500.0,520.0,562.5,600.0,635.3501549466288,700.0,750.0,807.0,877.3102720736807,950.0,1000.0,1100.0,1200.0,1384.2521646142293,1664.936193300433,2409.7822851522087
2010,19,66.05678993215419,133.23942268209265,181.25,247.62531427395595,290.0,332.8363190434337,370.2227165726571,400.0,450.0,480.76,520.0,560.0,600.0,634.61,675.0,720.1619928651716,770.0,840.0,903.84,977.2960768505499,1057.69,1179.2526587041916,1311.5874857768708,1576.92,2307.0
2010,20,72.5,135.23514922612657,203.4515302674458,254.4948460926621,300.0,340.0,376.0,408.0,450.0,480.76,519.0,555.6331181973835,587.7665451962279,630.0,680.0,740.0,787.6827895339346,850.0,942.3,1011.0853770687486,1137.9235856886064,1250.0,1442.3,1805.5703040105577,2593.509174360412
2010,21,92.08389568238339,150.0,200.0,250.0,299.331401967278,325.0,360.0,398.21399281277684,424.0,461.53,500.0,538.46,576.0,600.0,650.0,696.8,750.0,800.0,865.38,959.9172620967092,1047.0264545052694,1160.0,1327.2709235726716,1538.46,2189.0160017325725
2010,22,91.2622748012575,160.0,200.0,250.0,300.0,325.0,360.0,400.0,433.1720708306947,463.7119092420433,500.0,550.0,579.6873000924118,615.7277425909966,692.2991626468754,769.0,807.69,896.5379221919112,961.4572532389462,1038.0,1153.84,1346.0,1519.031252165633,1813.5134064372858,2750.934050273024
2010,23,72.69187415628666,130.0,187.0,240.0,297.5,340.0,384.0,415.0,450.0,490.6300364558849,531.4725010879621,576.0,600.0,649.1203527784963,698.1982373933133,744.0,800.0,865.38,960.0,1038.46,1153.0,1250.0,1401.8300679073648,1651.8494936368759,2489.6951421898207
2010,24,57.63702594540121,160.0,240.0,300.0,353.9558706655602,400.0,461.0,500.0,560.0,600.0,650.0,700.0,769.0567672013913,830.0,900.0,961.53,1057.299555678336,1153.84,1250.0,1365.38,1500.0,1666.7397513193735,1923.0127516163166,2307.2353079718696,2884.61
2010,25,90.0,153.84,207.49561107006684,280.0,346.15,397.7341751706959,448.71606188331936,500.0,560.0,600.0,673.0,723.8805653421866,783.00578479151,846.15,923.07,1000.0,1057.69,1153.84,1250.0,1384.0,1527.0526656343604,1730.0,1923.07,2307.69,2884.61
2010,26,71.00530594396109,130.0,172.5,225.0,273.5621152549529,315.0,354.98925703656425,400.0,440.0,488.6533127539049,530.76,576.92,620.0,673.07,730.76,791.9383166955063,850.0,921.9445884135075,1000.0,1115.0,1203.3148152674212,1384.0,1538.46,1923.07,2596.15
2010,27,66.13022972231757,130.23494048519507,192.3,250.0,301.5764209122247,368.0,414.0,460.0,500.0,560.0,600.0,650.0,700.0,759.4271183297452,800.0,865.38,932.7455902808728,999.6845960318082,1061.53,1153.84,1260.0,1442.0,1623.73551459826,1923.07,2884.61
2010,28,90.56216240397958,152.6394208298533,219.32925112401372,261.0,300.0,320.0,350.0,384.61,411.58921411234144,450.0,480.76,519.23,560.0,600.0,628.137295661047,680.0,730.76,800.0,865.38,958.767379624131,1057.0,1200.0,1358.0243595946938,1633.9068770041526,2498.0731271649524
2010,29,87.0,159.66163967733107,222.73388473501134,267.6478396018011,300.0,345.92758376107855,380.0,415.38,456.4466085603913,488.04322039525067,519.23,560.0,600.0,673.0,720.0,769.23,825.4685752055797,900.0,961.53,1050.0,1153.84,1300.0,1500.0,1779.0802134939822,2500.0
2010,30,76.85439394916723,148.31879531352808,200.0,250.0,292.0159448082554,340.0,360.0,396.0,418.4921713025556,444.56718039282293,480.0,500.0,550.0,580.0,635.4092057811281,681.870828672306,720.0,780.0,840.933048627283,920.0,969.5278317325185,1100.0,1269.9320114429906,1508.003187367741,1985.5756086596484
2010,31,72.21432240958895,150.0,200.0,275.0,320.0,360.97514774443596,400.0,429.967167724215,468.0,494.0,520.0,560.0,600.0,640.0,692.0,730.76,773.5335126743456,859.7649332656407,923.07,970.8502957563504,1072.185890475113,1200.0,1384.61,1634.61,2307.69
2010,32,100.33193921881342,176.30718339364574,239.98114108299163,288.46,330.0,364.1440436959367,400.0,430.0,463.22838332289814,500.0,540.0,576.843613428763,600.0,640.0,690.0,735.183882835185,774.0,846.0704859991904,923.07,1000.0,1100.0,1250.0,1442.180838093273,1730.0,2307.69
2010,33,75.0,150.0,216.0,289.94418973422836,340.48193351883924,400.0,444.0,494.7242641603011,538.46,580.0,634.0,680.0,734.4766917826618,794.2876399228368,846.0,903.84,966.6095600260492,1050.0,1153.0,1230.0112433882266,1346.15,1500.0,1700.0,1923.07,2884.0
2010,34,85.0,171.13967404859457,250.0,300.2009985833716,358.6800754129,400.0,440.0,490.62722733936414,538.46,580.0,634.61,700.0,769.23,865.0,923.07,1000.0,1076.92,1175.0,1300.818633247691,1442.0,1600.0,1806.698753149414,2038.558440811817,2500.0,2884.61
2010,35,80.0,153.26482387929576,214.52981620438663,264.0,303.976688670779,346.04476233235204,369.22313243209186,400.0,424.0034042357694,480.0,500.0,550.0,592.2749011043214,640.3598755868278,692.3,769.0,807.69,903.0,1000.0,1088.3123252911628,1192.230787187071,1346.0,1538.46,1923.07,2500.0
2010,36,96.0,167.38729608163865,231.61379762947521,300.0,333.7502989164129,384.0,400.0,450.1556335746223,500.0,550.0,600.0,640.0,692.3,760.0,804.0337133984725,865.38,961.0,1019.23,1125.0,1230.76,1346.15,1520.0,1730.76,2115.0,2884.61
2010,37,96.11514050686519,180.0,232.25855960677612,280.0,315.0,350.0,384.0,402.2114602077446,448.77427649333214,480.0,516.6116514119572,568.9538414913025,600.0,640.0,692.3,750.0,807.69,865.38,961.0,1000.0,1125.0,1250.0,1442.3,1846.15,2788.46
2010,38,77.5,150.0,200.0,267.26668680958886,320.0,362.6147265224871,400.0,440.0,476.4201161807873,500.0,529.2155984789885,576.0,600.0,649.7987081686663,692.0,735.4142500088101,780.0,840.0,903.7460410018367,984.579335905859,1057.69,1192.0,1378.1355372417866,1673.07,2403.84
2010,39,70.0,140.9743579283373,184.61,231.5128742808545,288.0,323.0,368.0,400.0,442.3,480.76,526.6777809200236,576.0,603.7342393653138,658.8,700.0,761.0,807.0,876.1433448680026,960.0,1005.1907065308692,1120.0,1250.0,1414.4041308095118,1650.9707458733121,2340.5733025828426
2010,40,100.0,180.0,240.0,288.0,320.0,350.0,389.6,403.75484598214604,450.0,480.24648058018596,520.0,560.0,600.0,640.0,680.0,721.8383071136737,769.4631421312409,846.15,937.4340873804888,1000.0,1060.0,1205.04321015528,1402.0836081580408,1692.8196079598704,2309.0217803369587
2010,41,61.87968319004951,144.89810847569652,200.0,240.0,280.1603202068191,322.3313167519856,360.0,400.0,432.2748209068777,480.0,520.0,560.0,600.0,667.9007540846328,711.1834083511757,770.0,846.7627123875826,923.0287447267045,1012.7751319850695,1150.0,1250.0,1374.7313525534166,1551.456331764044,1826.92,2689.2274359761573
2010,42,72.50131477431057,146.0324146253376,200.0859839162062,269.1942838356259,323.9758498221758,366.42175121247953,400.0,440.0,480.0,520.0,568.4,600.0,650.0,700.0,760.0,800.0,865.38,950.0,1000.0,1076.0,1158.9741778425935,1346.15,1538.46,1923.0,2884.100749187008
2010,44,80.0,145.0,192.219233109459,240.0,288.46,330.0,375.0,417.19461032445173,466.00801809903913,504.0,560.0,600.0,650.0,714.1304061000023,769.23,840.0,916.8301000135148,1000.0,1076.92,1154.1147152242272,1325.6100441490812,1442.3,1634.61,1923.0,2692.0505665753085
2010,45,87.0,153.78194250872843,227.20777119375404,288.5423457493371,324.85262547910435,360.0,390.0,416.4177901325646,454.98958352838434,480.2327488645184,519.23,557.8500087304424,600.0,640.0,673.07,720.0,769.0,821.9277485467953,884.0,961.53,1040.0,1160.0944519668906,1346.15,1576.785947108891,2307.0
2010,46,72.5,150.0,217.13170124842267,270.0,310.09112047769077,359.0136100136326,389.5912312768293,412.3045779077755,450.0,480.0,500.0,540.0,576.92,607.6982025261232,644.815498988213,691.7089671627814,738.9750959040073,777.3340131579808,826.92,894.9134358577975,992.3,1100.0,1250.0,1516.4451568510844,2022.7783511237287
2010,47,88.73165958086271,160.0,200.0,250.0,300.0,329.75869054417467,360.0,385.0,410.74564494480023,448.6901963968917,480.0,516.9529135999809,560.0,600.0,643.8819577929052,692.0958833105612,750.0,800.0,865.0,957.3867048169734,1040.0,1160.0,1440.3357975308886,1760.6356441136165,2552.4654640114863
2010,48,84.0,160.0,217.5,272.0,300.0,340.0,369.23,400.0,425.0,469.90018201101134,500.0,540.0,580.0,630.0,680.0,738.0,800.0,865.38,942.0,1000.0,1153.84,1260.1520854031114,1480.76,1846.15,2874.50739876255
2010,49,60.0,126.40517080769335,180.095781163813,225.0,280.0,320.0,357.0790662017147,400.0,427.2065784698346,475.0,500.0,550.0,600.0,641.8646299052319,692.186089141092,734.2965713470741,800.0,865.38,931.5538639755528,1000.0,1151.1873131654088,1250.0,1441.527714319355,1762.737513091223,2515.35888028086
2010,50,51.0,127.57008618858167,198.12934034044372,264.0,315.0,360.0,400.0,442.0,480.76,520.0,576.0,600.0,650.0,692.3,750.0,788.46,826.92,885.8823549323957,961.0,1019.23,1125.0,1230.0,1441.1476841610217,1730.0,2500.0
2010,51,77.91168538140558,173.56547924906357,232.5,288.0,325.0,378.0,402.49940395551397,461.0,504.2087376184406,563.9309153647605,605.76,673.07,730.76,769.23,850.0,923.0,998.0,1081.0,1191.410815710193,1346.0,1476.9637674086755,1711.53,1923.07,2403.0,2884.61
2010,53,88.11794447020094,171.0883504852331,245.00113562682887,299.22133934910175,342.2298382305775,396.0,440.0,480.0,519.23,569.9555825385469,609.0445778140273,680.0,730.76,791.0759581118272,857.0415035878633,923.07,999.6494580336756,1066.060872477338,1153.84,1250.0,1404.3941072788155,1574.422207777091,1793.31495317356,2019.23,2826.2235395853577
2010,54,96.1348297389741,173.76126233652013,230.0,281.02533384238376,320.0,347.791813372578,384.0,420.0,468.72836386408915,500.0,553.84,600.0,639.3365502341633,683.9790259059189,730.76,788.46,854.0310063784078,923.07,1000.0,1078.2049965247936,1189.6731271009637,1335.3786030992146,1500.0,1746.5414061620213,2346.15
2010,55,72.5,127.5,187.5,249.49994053082716,300.0,351.0,400.0,440.0,480.0,516.0,560.0,600.0,650.0,692.3,738.46,789.0,830.0,884.61,961.53,1038.0,1150.0,1250.0,1406.1210605765948,1638.8650810097,2375.406377190236
2010,56,72.5,145.0,208.23207860189754,270.0,320.0,367.5,400.0,440.0,480.4775631690444,520.0,576.2499381678319,603.1858666761204,660.0,710.9324333656856,769.23,807.69,880.0,932.6580533727832,1000.0,1080.0,1160.0,1280.0,1400.0,1585.2331030964397,2198.637662814346
2015,1,115.04585691077578,190.0,250.0,290.0,332.09446681271413,368.38242005430675,400.0,427.6550313601511,479.3834777414194,503.27321545909183,554.3932995424003,600.0,635.7070315446796,680.0,724.8301938068715,769.23,845.1872144886427,923.0,991.9581134177664,1079.6547768326907,1200.0,1346.0,1520.646678018956,1826.0,2884.0
2015,2,122.78957839374,230.0,312.2664225162596,375.83950716636144,408.5364633117189,450.0,495.0,550.0,593.4750805137597,630.0,692.0,750.0,800.0,876.9782625799517,942.0864468858148,1005.1468190575439,1100.0,1160.081011632172,1269.23,1384.61,1500.0,1700.0,1923.07,2307.69,2884.61
2015,4,100.0,186.53670071144742,240.4671826574777,298.77624825415927,336.28829209621216,378.0,400.0,448.0,480.0,520.0,560.0,600.0,646.9470755405094,693.2482049678811,750.7531918756056,800.0,865.38,961.3748257763776,1057.0,1153.84,1300.0,1442.3,1692.106195984176,2000.0,2884.61
2015,5,100.0,174.0,252.01843244668476,300.41306376969834,346.15,384.0,400.0,447.4071109770601,480.0,500.0,541.8930616196474,591.5704585826718,615.0,660.0,711.030502715398,761.0404774173863,807.0,876.9116698736387,958.0200873500422,1019.23,1153.0,1288.1134693373767,1500.0,1800.0,2884.61
2015,6,108.0,185.0,243.25806879276016,300.0,350.0,384.61,415.53839588776333,461.53,500.0,560.0,600.0,650.0,711.0,769.23,840.0,923.07,1000.0,1120.0,1230.0,1384.0,1538.0,1750.0,2014.0,2500.0,2884.61
2015,8,96.82535602966237,195.77208579962863,265.1510283521806,342.0,384.61,423.07,480.0,520.0,560.0,600.0,646.15,700.0,760.0,800.0,865.38,941.9502243295439,1000.0,1096.15,1216.8379608235969,1346.15,1517.9414205987885,1730.0,1923.07,2307.69,2884.61
2015,9,100.0,180.0,250.0,310.6738200638749,360.0,403.92241134036783,475.0,522.1125139804051,576.0,640.0,697.510894802235,769.0,807.69,894.2053144473462,980.76,1057.69,1153.0,1250.0,1346.15,1515.1782373679036,1666.66,1912.0186115930042,2185.45535539537,2500.0,2884.61
2015,10,113.96476434130577,200.0,269.2864440439734,320.0,369.44145684609504,400.0,450.0,485.55727343749396,526.9274571122161,576.0,617.0504418684974,673.0,700.0,761.53,800.0,865.38,960.0,1000.0,1120.0,1220.8326879466183,1346.15,1509.4929590342088,1730.0,2055.3204377766274,2852.7128455111233
2015,11,150.17136406048047,272.2896226702241,350.0,400.0,480.0,554.309095587773,600.0,692.020450464757,764.8239248224693,826.92,900.0,961.53,1038.46,1153.0,1230.0,1334.0651501117175,1442.3,1540.3780856884732,1730.76,1903.0,2100.0,2307.69,2692.3,2884.61,2884.61
2015,12,113.87083616271966,194.11245454319976,250.0,300.0,343.13470953141564,384.0,401.6,457.0263592380122,496.0,538.46,576.92,600.0,670.0,700.0,769.0,815.2532832138786,884.61,961.53,1055.5012589775943,1153.84,1280.0,1442.3,1730.0,2153.0294117221056,2884.61
2015,13,104.26164202134233,200.0,262.5,303.67158333707346,357.4236724667412,393.9663423644307,423.016772173465,475.0,500.0,550.0,576.92,615.38,673.07,720.0,769.23,813.7616990568937,894.5300005298931,961.53,1057.69,1153.84,1313.266383010231,1500.0,1730.0,2017.6684203275156,2884.61
2015,15,91.47108933952234,170.41712846178552,232.22676479892849,292.00323836461,346.15,400.0,435.9816229013831,480.0,510.0,560.0,600.0,640.0,680.0,720.0,769.23,841.0577076626281,923.0,1000.0,1064.398230290133,1187.3266070223297,1320.0,1442.3,1634.61,2000.0,2884.0
2015,16,75.0,148.11245121588613,200.4,250.0,313.1074582140781,360.0,400.0,440.0,480.0,520.0,560.0,600.0,615.38,673.0,711.53,769.0,807.7749367950338,881.7227814712129,961.53,1057.69,1153.84,1285.1090919267342,1480.1634719542903,1809.164303361623,2500.0
2015,17,95.0,170.0,240.0,300.0,350.0,392.6441210769098,420.0,473.61862519819016,510.0,562.2449045481563,600.3344929334927,673.0,727.8078833771268,776.2795992354976,850.0,912.1696489184378,980.76,1057.69,1153.84,1280.0,1442.0,1615.38,1923.07,2307.69,2884.61
2015,18,85.0,169.6103267288747,240.0,289.1823416367252,343.2324276494603,384.61,402.8214526926305,452.9593992304651,497.50664469116754,539.074015200288,587.164211205472,620.0074779875707,673.07,720.0,769.23,830.0,900.0,961.53,1039.7894615439907,1149.7853067940177,1247.473978422478,1402.5040325897069,1586.4518733058246,1923.07,2870.715724904036
2015,19,90.85609757743488,156.3505457644871,212.99974780282633,280.0,331.60915586247603,388.13048125529735,432.9972744332926,480.0,510.0,553.84,599.9221044526056,630.0,680.0,720.0,769.0,807.69,880.0,940.1787216378393,1000.0,1095.9389510439564,1192.3,1346.0,1576.0,1923.0,2599.156978073025
2015,20,84.67475762065764,166.99106368075397,243.78236220828944,298.8992271834662,336.0,385.4555332517377,420.0,475.0,500.0,550.0,595.1771302477443,624.0,674.9139849296046,725.508794823814,769.23,846.15,903.84,961.53,1040.0,1153.0,1250.0,1386.0278657812564,1615.0,1925.0775489550672,2876.918107778774
2015,21,97.6514778704249,172.58687273648388,253.8333823975602,310.71526620047536,360.0,400.0,423.07,468.7228267182055,508.1205813951472,560.0,600.0,640.0,673.07,720.0,769.23,810.0995522536443,880.2422983934661,961.0,1000.0,1100.4641499517256,1211.412798831063,1363.0279513062544,1574.051378311116,1923.07,2884.61
2015,22,113.48642302098385,184.0,233.09085625677952,288.0,320.0,360.0,400.0,423.07,480.0,513.0845067550445,560.0,600.0,650.0,700.0,750.0,800.0,865.38,955.1414729444173,1014.8440523973848,1134.0996801313142,1250.0,1384.61,1576.2520888874712,1923.07,2884.61
2015,23,75.14017429179619,163.23335337107653,230.52024520611573,296.44820658991716,349.2737661969276,392.45862063091903,440.0,480.0,520.0,560.0,600.0,641.437635406647,680.0,739.5880710809023,793.0132456801996,840.6293996273436,900.0,980.0,1051.7423213689653,1153.0,1244.1039859631144,1377.2660430266237,1576.9795115025504,1923.0,2624.070794628033
2015,24,100.0,200.0,285.0,350.0,400.0,450.0,500.0,560.0,600.0,660.0,714.8153725799411,769.0,844.8938253828572,929.5679609880993,1000.0,1076.0,1175.5671463761282,1307.5247061388045,1442.3,1576.0,1746.3878536064358,1923.07,2180.939124885497,2500.0,2884.61
2015,25,80.99727656391524,180.0,253.60085073196927,321.1637081754711,384.0,420.0,481.5849450072449,550.0,600.0,660.0,720.0,788.1843600910406,865.0,923.07,1000.0,1057.69,1153.84,1256.8163640769978,1400.0,1538.46,1730.0,1923.07,2219.808307030721,2692.3,2884.61
2015,26,81.5,161.10055549829636,218.60598635908565,275.49100439433056,336.515621160665,380.0,400.0,457.6,500.0,547.4419878354315,600.0,640.0,700.0,759.2809685563736,801.820790178119,865.38,960.0,1019.23,1146.1774536506746,1250.0,1386.4771361068813,1538.46,1733.1639157783163,2115.38,2884.61
2015,27,80.0,175.0,236.67788929378813,300.0,360.0,400.0,448.8878237602222,494.4,550.0,600.0,652.8,715.2063000096083,760.0,807.0,880.0,961.53,1000.0,1100.0,1192.0,1305.4105421888019,1442.0,1615.38,1888.4976792860643,2228.0402922290405,2884.61
2015,28,100.0,180.0,228.18136793291183,279.6354868380797,320.0,350.0,375.0,400.0,440.0,480.0,507.69,560.0,600.0,630.0327027407111,680.0,732.9769791796156,795.2390554987211,840.0,920.0,1000.0,1120.0,1250.0,1442.3,1730.76,2654.925295656642
2015,29,87.92041811959817,177.830162928583,230.76,300.0,350.0,396.0,428.57089288856076,473.864449444241,500.0,550.0,586.0,630.9037513249567,675.0,733.6797866053557,781.8222737385422,865.0,923.0,1000.0,1057.69,1153.84,1250.0,1408.8877494546543,1625.5348795215646,1923.07,2884.61
2015,30,60.0,147.0865468579567,200.11199686657724,261.1476320601344,307.6338240562185,360.0,400.0,430.0341323779301,480.0,519.1835981711213,560.0,600.0,636.695176443575,679.6848682185281,720.0,764.8144768724167,804.2682220976441,884.61,961.53,1050.0,1153.84,1336.1250181746207,1538.0,1864.258785803146,2760.474324865274
2015,31,76.0,144.16670557293202,225.0,288.46,346.15,400.0,425.8536918793758,470.0,506.1877432765426,560.0,596.15,626.9647953563465,680.0,720.0,769.0,807.0,865.38,960.0,1000.0,1096.15,1200.0,1346.0,1538.46,1885.4120825137493,2884.0
2015,32,95.78642382157695,192.0,250.58641817553044,300.0,350.0,384.61,402.76339776817764,460.0,488.34874712499425,524.3156312732189,572.0,600.0,640.0,680.0,738.46,796.0711812690614,879.6871148146731,961.53,1038.46,1153.84,1250.0,1403.84,1590.916120506096,1923.07,2884.61
2015,33,90.0,160.0,230.0,295.8802876537009,349.89716577353687,400.0,450.0,500.0,552.5637571968729,600.0,640.0,679.209607267618,730.76,780.0,855.0,924.0260911768261,1000.0,1096.114384556354,1192.0,1300.0,1429.9172667457362,1600.0,1923.0,2307.0,2884.61
2015,34,100.0,200.0,268.58802673746516,324.0,381.1862931284915,420.0,480.0,520.0,596.0,624.7595017326427,692.0,760.0,825.0,920.0,993.7334917167062,1057.69,1153.84,1250.0,1346.15,1500.0,1667.3376606907482,1923.0,2192.140408026178,2692.3,2884.61
2015,35,102.36124148667886,175.0,230.52942805751596,286.0,320.0,351.06997732829245,399.6,420.0,461.7286109376038,500.0,524.3627305516831,576.0,600.0,660.0,720.0,778.5603149196122,862.4446937017591,950.0,1020.7831956732025,1153.0,1280.0,1442.0,1615.38,2000.0,2884.61
2015,36,100.0,192.15864175564022,250.0,300.0079110957254,360.0,400.0,450.0,500.0,538.46,589.0960949317295,640.0,700.0,769.0,809.3365812168455,900.0,961.53,1057.0,1153.84,1280.0,1400.0,1538.46,1750.0,2000.0,2500.0,2884.61
2015,37,90.33546606947374,180.0,250.0,300.0,350.0,380.0,400.0,440.0,480.0,504.5809998239927,556.6875559394049,600.0,637.2842039421887,692.0,750.0,807.0,893.8291068281077,961.53,1057.0,1153.84,1324.9493331060587,1500.0,1788.228663160653,2211.53,2884.61
2015,38,105.0,190.0,264.8514183565583,333.2968548641592,392.0,435.687362394345,480.0,520.0,562.7316199164379,600.0,640.0,676.0,720.0,769.0,807.69,874.8006652810433,937.5675310505667,1000.0,1057.0,1153.84,1260.0,1442.3,1681.953308328133,2000.0,2884.61
2015,39,92.48249351894383,170.0,230.89851074876287,288.0,340.0,384.0,420.0,472.03235654663393,500.0,555.6994851272699,600.0,630.4710241394636,680.0,744.0,800.0,859.7663499960171,923.07,1000.0,1072.4295525726207,1154.0,1300.0,1442.3,1615.1612247747807,1923.07,2884.61
2015,40,92.61548713388744,191.14112620188124,257.81245997806417,300.0,350.0,385.0,410.534722443234,456.1918688818581,499.2267638934222,534.1940428091183,576.92,613.4746998532833,673.0,717.6089179593041,755.0,800.0,865.38,942.4,1000.0,1080.4125016932455,1200.0,1400.0,1576.7479353481178,1953.650010208797,2884.61
2015,41,92.5,185.0,250.0,300.0,360.0,389.0053688790244,421.8535415581776,461.53,488.52519125649826,526.8,578.3753892307817,623.07,680.0,730.76,800.0,865.3307265441123,923.07,1000.0,1100.0,1246.15,1375.7195484390684,1538.46,1826.92,2207.420289375429,2884.61
2015,42,83.04458220033173,160.0,225.0,280.0,346.15,400.0,440.0,480.0,520.0,567.0033860487191,600.0,656.0,711.0,769.0,826.0,887.4469177779122,961.53,1019.0,1153.0,1250.0,1384.3798526013095,1538.46,1776.9666421344305,2115.0,2884.61
2015,44,76.06686878815614,160.0,207.7951237997352,280.0,331.86670431615124,378.48923576943633,400.0,455.3763036146869,500.0,540.0,596.0477698805905,620.0,692.0,741.8151745226914,800.0,865.0,934.122208947966,1000.0,1096.0,1200.0,1326.3636565005008,1500.0,1711.53,2066.9034228853475,2884.61
2015,45,107.68713468859237,184.61,256.5190227349146,300.0,350.0,380.19158569419926,400.0,440.0,484.8,520.0,570.2548391974279,600.0,630.0,673.07,720.0,769.23,823.6792047401468,884.0244732707795,961.0,1039.2882724799078,1153.84,1293.2159413344987,1500.0,1843.5164858128896,2696.334282452029
2015,46,83.02708454343608,170.0,229.6997258504355,300.0,370.0,400.0,444.1502212830691,480.0,500.0,548.1414098217413,580.0,615.38,650.0,688.3173303420648,720.0,769.0,807.5645660321143,875.1905783323568,935.4614027722017,1000.0,1120.0,1238.2447295205197,1400.0,1739.1449896293586,2596.0
2015,47,100.0,166.64755501040474,230.76,288.0,330.0,368.2962225615852,400.0,439.5013537070095,478.09496837713056,500.0,542.9361524239677,585.0703956557154,615.0,673.0,709.3318255865339,769.23,825.8390506831709,900.0,961.53,1057.69,1153.3182075739105,1300.0,1538.46,1884.1011654617548,2884.61
2015,48,112.5,200.0,260.0,313.5,350.0,392.0,420.0,461.53,500.0,540.0,580.0,630.0,692.0,750.0,800.0,865.38,943.2,1000.0,1100.0,1200.0,1346.15,1524.3196444953412,1750.0,2134.4394509720946,2884.61
2015,49,64.48533298980207,134.5831393659802,183.67514635394005,248.73767024809018,300.0,350.0,400.0,428.95838124375604,480.0,520.0,574.0,600.0,673.0,711.411149741941,769.0,820.0,881.2147647269852,961.53,1057.0,1155.8699229601018,1342.8952343264132,1442.3,1692.0671760129362,2038.7250686750465,2884.61
2015,50,87.51579385641178,183.0,264.41775025353763,323.69926455620856,376.3876405454312,420.0,479.0005480533646,500.0,550.0,600.0,640.0,692.3,732.188193358899,787.9044508680851,826.9045721737563,880.0,961.0,1015.0934440166149,1108.8933176250537,1192.3,1288.46,1442.0,1634.61,1923.07,2788.429465673855
2015,51,97.91423087837799,165.0,225.0,283.5751063805242,345.8339760663044,400.0,450.0,500.0,556.3487575133821,600.0,673.07,730.76,798.76202927246,865.38,961.0,1019.23,1115.38,1250.0,1346.15,1538.0,1730.76,1978.725892696442,2300.0,2784.7735577841463,2884.61
2015,53,99.37911807997165,200.74336203952345,277.3112146551368,342.58366546554123,389.4080854348645,432.0,480.0,520.0,576.92,624.1593617437753,680.0,735.7588619260326,800.0,846.15,920.0,1000.0,1073.7193433656882,1153.84,1269.23,1411.334264082104,1539.0316800445137,1735.5248708333193,2030.7183327677594,2403.84,2884.61
2015,54,102.7068927699943,192.0149271250865,250.0,300.0,350.0,386.7436979844848,408.0,461.1602953704252,500.0,538.0,576.92,600.0,650.0,692.3,749.0832353232736,800.0,845.8442053729402,903.84,985.0933594974689,1057.69,1153.84,1305.3445177960712,1500.0,1783.3933089769585,2513.464237882456
2015,55,75.0,150.0,208.07861972177153,270.0,333.7648138381287,380.0,421.7542325678886,480.0,520.0,570.3205143116836,600.0,640.0,692.3,750.0,800.0,865.0,923.07,1000.0,1077.6531045123684,1192.3,1320.0,1442.152945910576,1634.61,1923.7813513630972,2790.963916071111
2015,56,80.0,172.10259325303667,240.0,304.8603523852043,360.0,400.0,441.74086738823837,480.0,523.6206839116247,576.92,600.0,653.84,717.3582835666305,760.0,800.0,880.0,961.0,1020.0,1120.0,1230.76,1346.15,1519.2950808098353,1728.7994308798118,2086.515626008694,2884.61
2019,1,133.5884439443131,225.0,307.39895971346795,366.1847220162983,415.36764830473663,461.53,500.0,550.4136551235252,590.7739687908759,615.9706328274383,673.0,720.0,769.0,807.0,866.0157338027682,942.3,1000.0,1076.0,1153.84,1250.0,1399.3010712739072,1538.0,1810.8400094299445,2211.53,2884.61
2019,2,100.0,230.0,300.0,369.23,420.0,480.0,520.0,576.0,600.0,673.0,740.0,800.0,865.38,932.8376290086558,1000.0,1061.3151610808184,1153.84,1250.0,1346.15,1500.0,1615.2966874023218,1826.92,2000.0,2307.69,2884.61
2019,4,120.0,200.0,275.0,350.0,400.0,450.0,500.0,542.9638329014688,595.6459789465894,625.0594431737165,673.07,720.0,769.0,819.8899829978069,884.3793597543145,961.0,1027.9637334550673,1115.38,1211.53,1346.0,1445.2831567256524,1625.3318075310096,1923.0609092715135,2307.69,2884.61
2019,5,109.9524065208882,200.0,270.0,340.0,384.0,404.5537800625067,460.0,500.0,540.0,578.0253026031329,607.123989583467,662.8811560945356,711.0,756.6694265978334,807.0,865.4817673328804,932.1228306633758,1000.0,1120.0,1206.0864450762674,1346.15,1500.0,1730.76,2034.0804072828232,2884.0
2019,6,138.46,240.0,324.52822755429304,400.0,450.0,500.0,540.0,590.0,625.0,680.0,720.0,780.0,845.0,923.0,1000.0,1080.0,1173.07,1307.69,1450.0,1615.38,1846.1408084592208,2115.0,2403.0,2884.61,2884.61
2019,8,113.44483289692508,238.86529483024154,307.30253686398964,400.0,475.6777590040851,519.0,576.0,600.0,666.4038093129112,693.6095424091947,754.1494297766104,800.0,865.0,923.07,1000.0,1057.69,1153.84,1260.102368263606,1400.0,1538.46,1732.4520028180925,1994.4208298474152,2307.0,2788.46,2884.61
2019,9,88.0,173.2660074299812,263.1326101977353,350.0,401.1234877002069,477.0445357789458,520.0,576.0,610.0,680.0,760.0,800.0,875.6186654511282,961.53,1055.0087662173,1153.1476391282508,1250.0,1384.61,1514.6174900497142,1662.4865331111064,1863.813574345095,2000.0,2359.7331335860626,2884.61,2884.61
2019,10,127.09910524236025,201.1862157138632,301.3005323227174,384.61,440.0,480.0,525.0,576.0,600.0,646.3078205660549,680.0,736.7829310309135,787.5957421115978,824.070192121124,900.0,990.0,1021.0110352823821,1120.0,1200.0,1307.69,1442.3,1634.2782049338775,1883.6147339919603,2148.758067089529,2884.61
2019,11,171.27617313628963,300.0,399.1087306444542,500.0,600.0,700.0,800.0,946.3545266753656,1000.0,1115.38,1192.3,1250.0,1346.15,1442.3,1538.46,1634.61,1730.76,1923.0,2082.4519499015023,2307.69,2500.0,2692.3,2884.61,2884.61,2884.61
2019,12,146.55621635986145,230.76,300.0,360.0,400.0,450.0,480.76,520.0,560.0,600.0,640.0,692.0,750.0,795.9365433500257,855.0,923.0,990.5627321506925,1076.0,1153.84,1283.6883680943206,1442.0,1600.0,1923.0,2307.69,2884.61
2019,13,137.83179413757242,240.0,323.1365694261779,384.54260479231243,420.0,474.88939069445036,500.0,557.0,600.0,625.6861037111464,680.0,720.0,769.23,840.2860749623201,919.2008832118728,989.4651397165582,1054.9505334083608,1153.0,1249.0681895257978,1346.0,1442.3,1692.2291202069332,2000.0,2500.0,2884.61
2019,15,114.9614816845729,210.0,300.0,383.498516030957,440.0,480.0,520.0,570.0,600.0,650.0,692.3,750.0,807.69,869.3020480996247,923.07,1000.0,1076.0,1153.84,1250.0,1384.61,1538.0,1730.76,1950.3631806527094,2403.0,2884.61
2019,16,87.64311139215842,165.43647694458087,248.13023660447382,312.09205689150195,375.0,420.0,468.0,500.0,546.8497481067734,594.7982094119068,623.652176930488,671.3936341579073,700.0,752.0,800.0,875.0,945.2154356491551,1014.4721324766145,1109.8553046824304,1200.0,1346.15,1536.8246948227027,1730.76,2050.0,2884.61
2019,17,99.0,200.0,288.46,360.0,416.47375212246504,480.0,520.0,576.4737195440346,623.3914171260392,680.0,738.46,800.0,865.0,923.07,1000.0,1080.3837267112563,1153.84,1250.0,1365.3592541481507,1500.0,1635.063111679008,1921.6852990879393,2115.38,2750.0,2884.61
2019,18,102.0,192.0,276.0,350.0,405.092045364159,465.5,507.0,545.5839353202011,586.5220641086704,609.3834313713912,673.0,720.0,770.0,826.0,878.1078054618209,924.4854591036628,1000.0,1076.4798800968024,1160.55674025506,1256.9370032622749,1400.0,1509.1910545016713,1730.76,2057.69,2884.61
2019,19,77.4736410707822,150.0,234.39339864899785,318.5921744611055,400.0,450.0,492.0,540.0,584.8841777935555,626.1468266914972,673.07,713.8631938463924,760.5016235335289,800.0,865.38,923.07,1000.0,1084.6578425348096,1155.0,1291.422299587608,1400.0,1538.0,1730.76,2082.02033934702,2884.61
2019,20,96.00505609366097,190.77560333410003,285.0,350.0,400.0,460.2744989627143,500.0,550.8991032616362,597.2,615.38,672.784594106377,713.0413226127818,760.0,800.0,852.4937304760734,920.0,961.53,1038.46,1150.4763810530183,1240.0,1384.8807389789922,1547.5261566583392,1846.0301411873938,2307.0,2884.61
2019,21,104.01079395580781,200.0,270.0,325.48306796635694,384.0,415.04985572966115,480.0,525.0,560.0,600.0,640.0,680.0,730.76,769.23,825.7671196846361,900.3489746805939,961.53,1039.1016036692074,1153.0,1230.76,1346.15,1511.4437797790383,1730.76,2091.245852110256,2884.61
2019,22,109.92113445809349,200.0,276.16796592655834,340.0,390.0,428.6048945966037,480.0,520.0,570.0,600.0,640.0,692.0,750.0,800.0,865.0,923.07,1000.0,1080.0,1170.0,1307.69,1442.0,1600.0,1894.883497691078,2309.682079976184,2884.61
2019,23,100.0,176.0,260.0,330.0,400.0,454.54279140202567,490.0,553.84,600.0,623.3729822805353,673.07,720.0,769.23,807.0,862.7998334889879,900.2454012719626,990.0,1076.92,1153.84,1250.0,1384.61,1536.436442972701,1741.9495454945968,2086.241648073332,2884.61
2019,24,132.1450561878864,221.65567884582893,320.0,392.05003906334764,450.0,500.0,560.0227037060563,600.0,653.9193636781126,732.0838129855683,800.0,871.3152047914343,961.53,1040.0,1121.1210601616322,1230.6066198569868,1346.0,1440.0,1576.92,1750.0,1923.07,2120.0115789929614,2500.0,2884.61,2884.61
2019,25,112.46631865055326,225.38287962548668,320.0,400.0,480.0,525.0,576.92,615.38,673.164407149342,740.0,800.0,880.0,961.53,1021.8750209393967,1140.0,1200.0,1307.335604573848,1440.329002052142,1538.46,1700.0,1923.0,2115.38,2500.0,2884.61,2884.61
2019,26,102.26767105782744,192.0,253.58630337586138,340.7497297454045,400.0,440.0,500.0,550.0,598.0,634.0,684.1403914790411,738.5044359287583,790.0,865.0,923.07,992.0,1057.2464059678362,1153.84,1280.0,1384.61,1538.46,1730.0,1938.674563904254,2345.890708855819,2884.61
2019,27,98.80787877646317,203.3340739638441,270.0,362.70447825450367,440.0,500.0,560.0,600.0,673.0,720.0,769.23,807.0,875.0,942.3,1000.0,1076.0,1153.84,1250.0,1355.0,1500.0,1634.61,1826.92,2080.0,2500.0,2884.61
2019,28,108.0,200.0,275.28259667848096,323.07,364.0168586541945,400.0,450.0,480.0,520.0,563.2,600.0,640.0,682.9519778387703,720.0,769.0,807.69,880.0,961.0,1010.3835973287183,1100.0701108737144,1200.0,1346.15,1614.2692825194622,2000.0,2884.61
2019,29,96.0,200.0,285.0,351.36577073441345,400.0,460.0,500.0,557.1965436518016,600.0,640.0,691.9043624789718,736.8984517824349,788.0384843879757,826.92,900.0,979.072912471271,1057.0,1120.0,1200.0,1300.0,1440.1226531254806,1557.0,1730.76,2071.3193511650206,2884.61
2019,30,90.3683274297793,178.39760512135754,240.0,300.0,369.7857827733018,420.0,478.384501096518,520.0,560.0,600.0,640.0,684.0,731.0008339065138,780.0,840.0,903.84,961.53,1028.6891738235927,1115.2145749360911,1211.53,1346.0,1500.0,1732.5084101704879,2115.38,2884.61
2019,31,80.7427809679867,180.0,262.5,350.0,414.0,475.8025896327542,510.0,560.0,600.0,620.0,660.0,700.0,765.0,800.0,878.3552966568194,950.0,1000.0,1057.69,1153.84,1259.660214135534,1403.84,1538.46,1730.76,2079.814338626274,2884.61
2019,32,131.2893662590246,229.3066808629114,320.0,380.0,420.5234967318926,480.0,525.0,560.0,600.0,629.5206672597355,673.0,720.0,769.0,807.69,880.0,957.9874580961209,1000.0,1100.0,1200.0,1288.46,1423.07,1538.46,1800.0,2178.0630508130394,2884.61
2019,33,96.0,184.81373522353087,294.0,385.0,461.53,520.0,587.0945729408143,640.0,680.0,729.2176592102668,770.9398981183399,840.0,885.4643467644399,961.0,1014.4493408507968,1108.391132668536,1200.0,1288.46,1400.0,1538.46,1730.0,1923.07,2211.53,2692.3,2884.61
2019,34,100.0,221.0506954046716,312.5,400.0,461.0,500.0,560.0,600.0,661.3684164604498,720.0,769.0,840.0,912.0,995.7565304035409,1060.0,1153.84,1269.0,1400.0,1538.46,1725.9722657463449,1923.0,2115.38,2500.0,2884.61,2884.61
2019,35,125.0,200.0,250.0,315.0,360.0,400.0,437.9000574420029,480.0,516.3527242441794,563.3470742805232,600.0,658.9100895468441,694.3374771190348,750.0,800.0,865.38,923.07,1000.0,1100.0,1240.0,1346.15,1480.0,1692.0,2115.38,2884.61
2019,36,125.0,237.5,315.0,395.3108925508558,450.0,500.0,552.0,600.0,640.0,680.0,738.0,792.9689779089387,865.0,953.199279957833,1000.0,1120.0,1200.0,1307.69,1438.6495186371253,1538.46,1730.76,1923.07,2307.0,2884.0,2884.61
2019,37,119.65796645163465,200.0,300.0,360.0,400.0,460.0,500.0,550.0,600.0,620.0,673.0,720.0,769.0,807.69,880.0,961.0,1000.0,1115.38,1200.0,1346.0,1519.8476855893089,1730.0,1948.5299737915316,2385.2932211476914,2884.61
2019,38,120.0,225.0,300.0,395.9497902280673,450.0,500.0,559.3584823817605,600.0,640.0,680.0,728.0,775.2860351715335,826.92,900.0,960.0,1000.0,1057.69,1153.84,1250.0,1346.15,1458.6337115595584,1619.8827822419412,1865.38,2115.38,2884.61
2019,39,100.0,180.0,250.0,324.0,390.0,440.0,500.0,557.1993716144916,600.0,650.0,692.8858371703653,750.0,800.0,865.0,923.07,1000.0,1057.69,1153.84,1250.0,1346.0,1483.8119251670173,1634.61,1923.0,2307.0,2884.61
2019,40,99.1617735487407,200.0,275.0,337.65540261512854,384.61,420.0,480.0,509.8169816431412,560.0,600.0,640.0,692.0,738.135123898283,781.8939034218225,846.15,920.0,961.53,1040.0,1153.84,1250.0,1403.84,1538.46,1810.1552845805045,2211.0,2884.61
2019,41,103.05375346169643,195.6825843469685,276.92,360.0,440.0,480.0,520.0,576.0,600.0,650.0,703.8367530600669,769.0,800.0,866.7470861051244,939.1360445948031,1000.0,1115.0,1200.0,1307.69,1434.0512294760072,1538.46,1800.0,2057.69,2500.0,2884.61
2019,42,90.0,187.45934510515545,266.5598622903554,346.0,400.0,470.0,507.4807095054047,560.0,600.0,660.0,715.2430557012175,769.23,810.0,880.0,961.3525215475219,1038.4542986944386,1120.0,1210.6016973909461,1346.0,1442.3,1600.0,1826.2898970681572,2100.189582430739,2500.0,2884.61
2019,44,123.74117555227542,210.0,274.3992752119349,350.0,403.8794193688261,480.0,520.0,600.0,640.0,692.3,750.0,800.0,850.0,923.07,988.5534074393447,1019.23,1115.38,1250.0,1346.15,1464.90932579515,1600.0,1750.0,2000.0,2498.841037646328,2884.61
2019,45,40.4,180.0,269.3599540911895,351.71610809250336,400.0,463.4343203326039,500.0,560.0,600.0,625.1204267208132,673.07,720.0,769.0,805.9314498562642,865.38,946.7688762413501,1000.0,1072.2046709669544,1153.84,1269.23,1440.0,1631.877349558417,1826.92,2126.8244226231923,2884.3187237589445
2019,46,100.0,198.38782803252315,271.22550176190043,370.0,442.15634448831736,486.2083329439379,529.7425441622916,580.0,610.0,660.0,700.0,750.0,794.8895804530745,840.0,884.61,948.0,1000.0,1057.69,1153.84,1237.569696353267,1346.022790221572,1482.9607784074801,1724.5338747599312,2047.9623723914058,2884.61
2019,47,127.35169992574647,225.0,308.0303647636967,370.0,406.0,461.4251182084805,500.0,550.2752017621606,600.0,640.0,680.0,720.0,769.0,800.0,865.38,924.2407116856351,1000.0,1057.69,1153.84,1250.0,1346.15,1500.0,1730.0,2115.38,2884.61
2019,48,112.12742315517428,200.0,288.0,350.0,400.0,440.0,480.76,530.0,576.92,600.0,673.07,724.8984130783675,780.0,830.76,900.0,961.53,1038.46,1153.0,1250.0,1350.0,1500.0,1711.53,2000.0,2500.0,2884.61
2019,49,96.0217368890272,150.0,224.5659544337431,276.92,350.0,400.0,461.53,507.62131716584673,560.0,600.0,640.0,682.69,740.0,800.0,863.1871108740694,923.0026076815411,1000.0,1076.988640145479,1172.5793952475956,1272.5826733916833,1423.07,1538.46,1826.92,2117.5485803451525,2884.61
2019,50,120.0,216.19686853298654,300.0,400.0,461.3121769337896,500.0,559.7637773807589,600.0,642.6354345193196,700.0,760.157803477619,800.0,855.0,900.0,961.0,1000.0,1076.92,1153.84,1250.0,1346.15,1500.0,1676.6779645749525,1923.07,2265.672306777487,2884.61
2019,51,124.73745158050217,215.64576579742172,300.0,375.0,448.0,500.0,560.0,600.0,673.07,730.0,778.0197456168534,850.0,920.7429375169819,1000.0,1057.0,1153.84,1250.0,1384.61,1519.0,1690.8034469061802,1923.0,2115.0,2401.7219510397417,2884.0,2884.61
2019,53,136.41545161607067,262.18375714686874,360.0,447.68973776259145,490.0,538.0,576.92,620.0,680.0,720.0,771.4088942650548,820.0,900.0,980.0,1052.723406093856,1153.0,1250.0,1360.0,1480.76,1615.38,1799.971448202039,1941.664189663062,2211.53,2692.0,2884.61
2019,54,107.90264231089918,208.0,275.0,333.149681115651,380.0,420.0,461.0,499.89155458450875,534.0862125999085,576.0,604.4341116492459,673.07,720.0,769.23,800.0,865.0,924.7368177908047,1000.0,1080.0,1179.9378476067661,1319.4703169765432,1442.3,1654.4334602676572,2025.0561272463717,2884.61
2019,55,80.0,177.54876411847982,250.0,340.0,400.0,480.0,509.71489752924873,557.2910995902895,600.0,653.84,700.0,740.0,800.0,860.0445035469419,922.0658040017596,990.0,1057.69,1153.0,1211.53,1345.458906465956,1442.3,1634.3716807364096,1881.716415936227,2192.4435009307012,2884.61
2019,56,100.0,185.31615167928254,250.0,320.0,400.0,460.0,500.0,558.1476552574405,600.0,654.7487709448181,700.0,760.0,800.0,864.8761743987784,923.0,1000.0,1057.0,1152.9104310979496,1217.2852597224407,1307.69,1440.0,1575.8558128849024,1800.0,2115.0524653727,2884.61
