suite,source,grid,dgp,n_train,method,metric,target_id,n_seeds,seed_min,seed_max,mean,se,mean_se
abstract,merged_original_causal_drf,main,D0,1000,causal_drf,tate_functional_rmse,TATE-K-grid_mean,10,0,9,0.03594725737,0.003675546661,0.0359(0.0037)
abstract,merged_original_causal_drf,main,D0,1000,causal_drf,tate_functional_rmse,TATE-K-grid_sd,10,0,9,0.01156813152,0.00247821919,0.0116(0.0025)
abstract,merged_original_causal_drf,main,D0,1000,causal_drf,tate_functional_rmse,TATE-K-grid_skewness,10,0,9,1.456900296e-17,3.362432129e-18,0.0000(0.0000)
abstract,merged_original_causal_drf,main,D0,1000,causal_drf,tate_functional_rmse,TATE-K-grid_upper_tail_mean,10,0,9,0.04457954902,0.003315023533,0.0446(0.0033)
abstract,merged_original_causal_drf,main,D0,1000,causal_drf,tcate_functional_rmse,TCATE-K-grid_mean,10,0,9,0.09288925396,0.001864111445,0.0929(0.0019)
abstract,merged_original_causal_drf,main,D0,1000,causal_drf,tcate_functional_rmse,TCATE-K-grid_sd,10,0,9,0.01495480338,0.001984877577,0.0150(0.0020)
abstract,merged_original_causal_drf,main,D0,1000,causal_drf,tcate_functional_rmse,TCATE-K-grid_skewness,10,0,9,3.273815324e-17,3.813291709e-18,0.0000(0.0000)
abstract,merged_original_causal_drf,main,D0,1000,causal_drf,tcate_functional_rmse,TCATE-K-grid_upper_tail_mean,10,0,9,0.09709179678,0.002280789098,0.0971(0.0023)
abstract,merged_phase6,main,D0,1000,cwdb_dr,tate_functional_rmse,TATE-K-grid_mean,10,0,9,0.003278612958,0.001086344111,0.0033(0.0011)
abstract,merged_phase6,main,D0,1000,cwdb_dr,tate_functional_rmse,TATE-K-grid_sd,10,0,9,0.005754334391,0.001279843386,0.0058(0.0013)
abstract,merged_phase6,main,D0,1000,cwdb_dr,tate_functional_rmse,TATE-K-grid_skewness,10,0,9,0.0003871921651,9.580294511e-05,0.0004(0.0001)
abstract,merged_phase6,main,D0,1000,cwdb_dr,tate_functional_rmse,TATE-K-grid_upper_tail_mean,10,0,9,0.006972863427,0.0009058944773,0.0070(0.0009)
abstract,merged_phase6,main,D0,1000,cwdb_dr,tcate_functional_rmse,TCATE-K-grid_mean,10,0,9,0.00917478288,0.001216251802,0.0092(0.0012)
abstract,merged_phase6,main,D0,1000,cwdb_dr,tcate_functional_rmse,TCATE-K-grid_sd,10,0,9,0.01384955138,0.001266163825,0.0138(0.0013)
abstract,merged_phase6,main,D0,1000,cwdb_dr,tcate_functional_rmse,TCATE-K-grid_skewness,10,0,9,0.001077515686,0.0002307617262,0.0011(0.0002)
abstract,merged_phase6,main,D0,1000,cwdb_dr,tcate_functional_rmse,TCATE-K-grid_upper_tail_mean,10,0,9,0.01626753612,0.0009916169999,0.0163(0.0010)
abstract,merged_original_drf,main,D0,1000,drf,tate_functional_rmse,TATE-K-grid_mean,10,0,9,0.0172060094,0.002488913785,0.0172(0.0025)
abstract,merged_original_drf,main,D0,1000,drf,tate_functional_rmse,TATE-K-grid_sd,10,0,9,0.01124581772,0.002240983707,0.0112(0.0022)
abstract,merged_original_drf,main,D0,1000,drf,tate_functional_rmse,TATE-K-grid_skewness,10,0,9,1.538656314e-17,2.729512151e-18,0.0000(0.0000)
abstract,merged_original_drf,main,D0,1000,drf,tate_functional_rmse,TATE-K-grid_upper_tail_mean,10,0,9,0.02402929752,0.002094070014,0.0240(0.0021)
abstract,merged_original_drf,main,D0,1000,drf,tcate_functional_rmse,TCATE-K-grid_mean,10,0,9,0.07438436754,0.00233352741,0.0744(0.0023)
abstract,merged_original_drf,main,D0,1000,drf,tcate_functional_rmse,TCATE-K-grid_sd,10,0,9,0.01426980523,0.002165340201,0.0143(0.0022)
abstract,merged_original_drf,main,D0,1000,drf,tcate_functional_rmse,TCATE-K-grid_skewness,10,0,9,3.309186774e-17,3.610226455e-18,0.0000(0.0000)
abstract,merged_original_drf,main,D0,1000,drf,tcate_functional_rmse,TCATE-K-grid_upper_tail_mean,10,0,9,0.0772257509,0.002729626498,0.0772(0.0027)
abstract,merged_original_causal_drf,main,D2,1000,causal_drf,tate_functional_rmse,TATE-K-grid_mean,10,0,9,0.0503349045,0.008168165931,0.0503(0.0082)
abstract,merged_original_causal_drf,main,D2,1000,causal_drf,tate_functional_rmse,TATE-K-grid_sd,10,0,9,0.01188349889,0.002502342623,0.0119(0.0025)
abstract,merged_original_causal_drf,main,D2,1000,causal_drf,tate_functional_rmse,TATE-K-grid_skewness,10,0,9,1.168208934e-17,2.957964625e-18,0.0000(0.0000)
abstract,merged_original_causal_drf,main,D2,1000,causal_drf,tate_functional_rmse,TATE-K-grid_upper_tail_mean,10,0,9,0.05458607202,0.009025291523,0.0546(0.0090)
abstract,merged_original_causal_drf,main,D2,1000,causal_drf,tcate_functional_rmse,TCATE-K-grid_mean,10,0,9,0.05809494545,0.007330137658,0.0581(0.0073)
abstract,merged_original_causal_drf,main,D2,1000,causal_drf,tcate_functional_rmse,TCATE-K-grid_sd,10,0,9,0.01615064325,0.002523983247,0.0162(0.0025)
abstract,merged_original_causal_drf,main,D2,1000,causal_drf,tcate_functional_rmse,TCATE-K-grid_skewness,10,0,9,1.699767633e-17,2.048489306e-18,0.0000(0.0000)
abstract,merged_original_causal_drf,main,D2,1000,causal_drf,tcate_functional_rmse,TCATE-K-grid_upper_tail_mean,10,0,9,0.06190825909,0.008446467498,0.0619(0.0084)
abstract,merged_phase6,main,D2,1000,cwdb_dr,tate_functional_rmse,TATE-K-grid_mean,10,0,9,0.02087248846,0.004674390036,0.0209(0.0047)
abstract,merged_phase6,main,D2,1000,cwdb_dr,tate_functional_rmse,TATE-K-grid_sd,10,0,9,0.00949859389,0.001453440153,0.0095(0.0015)
abstract,merged_phase6,main,D2,1000,cwdb_dr,tate_functional_rmse,TATE-K-grid_skewness,10,0,9,2.98381481e-15,1.329055293e-15,0.0000(0.0000)
abstract,merged_phase6,main,D2,1000,cwdb_dr,tate_functional_rmse,TATE-K-grid_upper_tail_mean,10,0,9,0.02454343553,0.004096072986,0.0245(0.0041)
abstract,merged_phase6,main,D2,1000,cwdb_dr,tcate_functional_rmse,TCATE-K-grid_mean,10,0,9,0.045452482,0.005115328833,0.0455(0.0051)
abstract,merged_phase6,main,D2,1000,cwdb_dr,tcate_functional_rmse,TCATE-K-grid_sd,10,0,9,0.02871460988,0.002823066711,0.0287(0.0028)
abstract,merged_phase6,main,D2,1000,cwdb_dr,tcate_functional_rmse,TCATE-K-grid_skewness,10,0,9,8.521756495e-15,4.768571388e-15,0.0000(0.0000)
abstract,merged_phase6,main,D2,1000,cwdb_dr,tcate_functional_rmse,TCATE-K-grid_upper_tail_mean,10,0,9,0.04594919425,0.005269867254,0.0459(0.0053)
abstract,merged_original_drf,main,D2,1000,drf,tate_functional_rmse,TATE-K-grid_mean,10,0,9,0.01903902593,0.003852508149,0.0190(0.0039)
abstract,merged_original_drf,main,D2,1000,drf,tate_functional_rmse,TATE-K-grid_sd,10,0,9,0.01147243939,0.002572757597,0.0115(0.0026)
abstract,merged_original_drf,main,D2,1000,drf,tate_functional_rmse,TATE-K-grid_skewness,10,0,9,1.176978263e-17,2.153121519e-18,0.0000(0.0000)
abstract,merged_original_drf,main,D2,1000,drf,tate_functional_rmse,TATE-K-grid_upper_tail_mean,10,0,9,0.02164820397,0.005415820815,0.0216(0.0054)
abstract,merged_original_drf,main,D2,1000,drf,tcate_functional_rmse,TCATE-K-grid_mean,10,0,9,0.03538340953,0.005425106891,0.0354(0.0054)
abstract,merged_original_drf,main,D2,1000,drf,tcate_functional_rmse,TCATE-K-grid_sd,10,0,9,0.01693892483,0.002396253954,0.0169(0.0024)
abstract,merged_original_drf,main,D2,1000,drf,tcate_functional_rmse,TCATE-K-grid_skewness,10,0,9,1.680505812e-17,1.855138682e-18,0.0000(0.0000)
abstract,merged_original_drf,main,D2,1000,drf,tcate_functional_rmse,TCATE-K-grid_upper_tail_mean,10,0,9,0.03958520684,0.005033104223,0.0396(0.0050)
abstract,merged_original_causal_drf,main,D5,1000,causal_drf,tate_functional_rmse,TATE-K-grid_mean,10,0,9,0.02457168005,0.007100125156,0.0246(0.0071)
abstract,merged_original_causal_drf,main,D5,1000,causal_drf,tate_functional_rmse,TATE-K-grid_sd,10,0,9,0.01756150116,0.002957287035,0.0176(0.0030)
abstract,merged_original_causal_drf,main,D5,1000,causal_drf,tate_functional_rmse,TATE-K-grid_skewness,10,0,9,1.342212431e-17,2.808950438e-18,0.0000(0.0000)
abstract,merged_original_causal_drf,main,D5,1000,causal_drf,tate_functional_rmse,TATE-K-grid_upper_tail_mean,10,0,9,0.03257420916,0.008044860585,0.0326(0.0080)
abstract,merged_original_causal_drf,main,D5,1000,causal_drf,tcate_functional_rmse,TCATE-K-grid_mean,10,0,9,0.04041270879,0.00505254801,0.0404(0.0051)
abstract,merged_original_causal_drf,main,D5,1000,causal_drf,tcate_functional_rmse,TCATE-K-grid_sd,10,0,9,0.03062741964,0.003542288932,0.0306(0.0035)
abstract,merged_original_causal_drf,main,D5,1000,causal_drf,tcate_functional_rmse,TCATE-K-grid_skewness,10,0,9,1.882129278e-17,2.659928552e-18,0.0000(0.0000)
abstract,merged_original_causal_drf,main,D5,1000,causal_drf,tcate_functional_rmse,TCATE-K-grid_upper_tail_mean,10,0,9,0.04990851472,0.006279052452,0.0499(0.0063)
abstract,merged_phase6,main,D5,1000,cwdb_dr,tate_functional_rmse,TATE-K-grid_mean,10,0,9,0.01496381053,0.004618928533,0.0150(0.0046)
abstract,merged_phase6,main,D5,1000,cwdb_dr,tate_functional_rmse,TATE-K-grid_sd,10,0,9,0.01961591451,0.003425109873,0.0196(0.0034)
abstract,merged_phase6,main,D5,1000,cwdb_dr,tate_functional_rmse,TATE-K-grid_skewness,10,0,9,0.0001602485015,0.0001238308205,0.0002(0.0001)
abstract,merged_phase6,main,D5,1000,cwdb_dr,tate_functional_rmse,TATE-K-grid_upper_tail_mean,10,0,9,0.02353837118,0.008001856003,0.0235(0.0080)
abstract,merged_phase6,main,D5,1000,cwdb_dr,tcate_functional_rmse,TCATE-K-grid_mean,10,0,9,0.03917931433,0.004250895551,0.0392(0.0043)
abstract,merged_phase6,main,D5,1000,cwdb_dr,tcate_functional_rmse,TCATE-K-grid_sd,10,0,9,0.0423097338,0.003079966991,0.0423(0.0031)
abstract,merged_phase6,main,D5,1000,cwdb_dr,tcate_functional_rmse,TCATE-K-grid_skewness,10,0,9,0.0002594770758,0.000213915229,0.0003(0.0002)
abstract,merged_phase6,main,D5,1000,cwdb_dr,tcate_functional_rmse,TCATE-K-grid_upper_tail_mean,10,0,9,0.05087111736,0.006424789999,0.0509(0.0064)
abstract,merged_original_drf,main,D5,1000,drf,tate_functional_rmse,TATE-K-grid_mean,10,0,9,0.01490243764,0.004252314618,0.0149(0.0043)
abstract,merged_original_drf,main,D5,1000,drf,tate_functional_rmse,TATE-K-grid_sd,10,0,9,0.0149992169,0.003357696023,0.0150(0.0034)
abstract,merged_original_drf,main,D5,1000,drf,tate_functional_rmse,TATE-K-grid_skewness,10,0,9,1.247675863e-17,2.741371287e-18,0.0000(0.0000)
abstract,merged_original_drf,main,D5,1000,drf,tate_functional_rmse,TATE-K-grid_upper_tail_mean,10,0,9,0.02286875537,0.005712149238,0.0229(0.0057)
abstract,merged_original_drf,main,D5,1000,drf,tcate_functional_rmse,TCATE-K-grid_mean,10,0,9,0.04092530296,0.004942372772,0.0409(0.0049)
abstract,merged_original_drf,main,D5,1000,drf,tcate_functional_rmse,TCATE-K-grid_sd,10,0,9,0.02419136477,0.004815239553,0.0242(0.0048)
abstract,merged_original_drf,main,D5,1000,drf,tcate_functional_rmse,TCATE-K-grid_skewness,10,0,9,1.769949909e-17,3.17914156e-18,0.0000(0.0000)
abstract,merged_original_drf,main,D5,1000,drf,tcate_functional_rmse,TCATE-K-grid_upper_tail_mean,10,0,9,0.05283931535,0.00615040401,0.0528(0.0062)
abstract,merged_original_causal_drf,main,D6,1000,causal_drf,tate_functional_rmse,TATE-K-grid_mean,10,0,9,0.0983975946,0.018066225,0.0984(0.0181)
abstract,merged_original_causal_drf,main,D6,1000,causal_drf,tate_functional_rmse,TATE-K-grid_sd,10,0,9,0.008353286984,0.00214738682,0.0084(0.0021)
abstract,merged_original_causal_drf,main,D6,1000,causal_drf,tate_functional_rmse,TATE-K-grid_skewness,10,0,9,2.150447092e-17,6.348266267e-18,0.0000(0.0000)
abstract,merged_original_causal_drf,main,D6,1000,causal_drf,tate_functional_rmse,TATE-K-grid_upper_tail_mean,10,0,9,0.09493505996,0.01841663013,0.0949(0.0184)
abstract,merged_original_causal_drf,main,D6,1000,causal_drf,tcate_functional_rmse,TCATE-K-grid_mean,10,0,9,0.1625724049,0.01758370748,0.1626(0.0176)
abstract,merged_original_causal_drf,main,D6,1000,causal_drf,tcate_functional_rmse,TCATE-K-grid_sd,10,0,9,0.01385846938,0.002440737747,0.0139(0.0024)
abstract,merged_original_causal_drf,main,D6,1000,causal_drf,tcate_functional_rmse,TCATE-K-grid_skewness,10,0,9,3.587469187e-17,5.387721433e-18,0.0000(0.0000)
abstract,merged_original_causal_drf,main,D6,1000,causal_drf,tcate_functional_rmse,TCATE-K-grid_upper_tail_mean,10,0,9,0.1615030471,0.01678475788,0.1615(0.0168)
abstract,merged_phase6,main,D6,1000,cwdb_dr,tate_functional_rmse,TATE-K-grid_mean,10,0,9,0.09694279861,0.02620314244,0.0969(0.0262)
abstract,merged_phase6,main,D6,1000,cwdb_dr,tate_functional_rmse,TATE-K-grid_sd,10,0,9,0.009645715872,0.001609704151,0.0096(0.0016)
abstract,merged_phase6,main,D6,1000,cwdb_dr,tate_functional_rmse,TATE-K-grid_skewness,10,0,9,3.918705757e-17,1.663689759e-17,0.0000(0.0000)
abstract,merged_phase6,main,D6,1000,cwdb_dr,tate_functional_rmse,TATE-K-grid_upper_tail_mean,10,0,9,0.09597273684,0.02425826993,0.0960(0.0243)
abstract,merged_phase6,main,D6,1000,cwdb_dr,tcate_functional_rmse,TCATE-K-grid_mean,10,0,9,0.1829258812,0.03075615805,0.1829(0.0308)
abstract,merged_phase6,main,D6,1000,cwdb_dr,tcate_functional_rmse,TCATE-K-grid_sd,10,0,9,0.02250121191,0.002096335076,0.0225(0.0021)
abstract,merged_phase6,main,D6,1000,cwdb_dr,tcate_functional_rmse,TCATE-K-grid_skewness,10,0,9,9.929115321e-17,2.522087562e-17,0.0000(0.0000)
abstract,merged_phase6,main,D6,1000,cwdb_dr,tcate_functional_rmse,TCATE-K-grid_upper_tail_mean,10,0,9,0.1827250471,0.02897531384,0.1827(0.0290)
abstract,merged_original_drf,main,D6,1000,drf,tate_functional_rmse,TATE-K-grid_mean,10,0,9,0.08809809566,0.0164011409,0.0881(0.0164)
abstract,merged_original_drf,main,D6,1000,drf,tate_functional_rmse,TATE-K-grid_sd,10,0,9,0.008477737514,0.002068123785,0.0085(0.0021)
abstract,merged_original_drf,main,D6,1000,drf,tate_functional_rmse,TATE-K-grid_skewness,10,0,9,2.013367234e-17,6.433867295e-18,0.0000(0.0000)
abstract,merged_original_drf,main,D6,1000,drf,tate_functional_rmse,TATE-K-grid_upper_tail_mean,10,0,9,0.08763844168,0.01503331356,0.0876(0.0150)
abstract,merged_original_drf,main,D6,1000,drf,tcate_functional_rmse,TCATE-K-grid_mean,10,0,9,0.1636820629,0.01138395563,0.1637(0.0114)
abstract,merged_original_drf,main,D6,1000,drf,tcate_functional_rmse,TCATE-K-grid_sd,10,0,9,0.01242626014,0.002180679993,0.0124(0.0022)
abstract,merged_original_drf,main,D6,1000,drf,tcate_functional_rmse,TCATE-K-grid_skewness,10,0,9,3.041247408e-17,5.342759629e-18,0.0000(0.0000)
abstract,merged_original_drf,main,D6,1000,drf,tcate_functional_rmse,TCATE-K-grid_upper_tail_mean,10,0,9,0.1646695837,0.01007954326,0.1647(0.0101)
abstract,merged_original_causal_drf,main,D7,1000,causal_drf,tate_functional_rmse,TATE-K-grid_mean,10,0,9,0.02685665202,0.007361651963,0.0269(0.0074)
abstract,merged_original_causal_drf,main,D7,1000,causal_drf,tate_functional_rmse,TATE-K-grid_sd,10,0,9,0.01182446896,0.00279783518,0.0118(0.0028)
abstract,merged_original_causal_drf,main,D7,1000,causal_drf,tate_functional_rmse,TATE-K-grid_skewness,10,0,9,0.01298785927,0.003069872599,0.0130(0.0031)
abstract,merged_original_causal_drf,main,D7,1000,causal_drf,tate_functional_rmse,TATE-K-grid_upper_tail_mean,10,0,9,0.0313841472,0.007671623193,0.0314(0.0077)
abstract,merged_original_causal_drf,main,D7,1000,causal_drf,tcate_functional_rmse,TCATE-K-grid_mean,10,0,9,0.04227719704,0.005938237102,0.0423(0.0059)
abstract,merged_original_causal_drf,main,D7,1000,causal_drf,tcate_functional_rmse,TCATE-K-grid_sd,10,0,9,0.01796919401,0.002834665732,0.0180(0.0028)
abstract,merged_original_causal_drf,main,D7,1000,causal_drf,tcate_functional_rmse,TCATE-K-grid_skewness,10,0,9,0.03839465576,0.001278158736,0.0384(0.0013)
abstract,merged_original_causal_drf,main,D7,1000,causal_drf,tcate_functional_rmse,TCATE-K-grid_upper_tail_mean,10,0,9,0.04552680236,0.006464834355,0.0455(0.0065)
abstract,merged_phase6,main,D7,1000,cwdb_dr,tate_functional_rmse,TATE-K-grid_mean,10,0,9,0.02229718571,0.003976215763,0.0223(0.0040)
abstract,merged_phase6,main,D7,1000,cwdb_dr,tate_functional_rmse,TATE-K-grid_sd,10,0,9,0.009468678867,0.001901763919,0.0095(0.0019)
abstract,merged_phase6,main,D7,1000,cwdb_dr,tate_functional_rmse,TATE-K-grid_skewness,10,0,9,0.00650518665,0.001778112062,0.0065(0.0018)
abstract,merged_phase6,main,D7,1000,cwdb_dr,tate_functional_rmse,TATE-K-grid_upper_tail_mean,10,0,9,0.02652889173,0.004177687704,0.0265(0.0042)
abstract,merged_phase6,main,D7,1000,cwdb_dr,tcate_functional_rmse,TCATE-K-grid_mean,10,0,9,0.05134613949,0.004792641483,0.0513(0.0048)
abstract,merged_phase6,main,D7,1000,cwdb_dr,tcate_functional_rmse,TCATE-K-grid_sd,10,0,9,0.02911171191,0.003451451652,0.0291(0.0035)
abstract,merged_phase6,main,D7,1000,cwdb_dr,tcate_functional_rmse,TCATE-K-grid_skewness,10,0,9,0.01432499923,0.00201874622,0.0143(0.0020)
abstract,merged_phase6,main,D7,1000,cwdb_dr,tcate_functional_rmse,TCATE-K-grid_upper_tail_mean,10,0,9,0.05247993513,0.004998626357,0.0525(0.0050)
abstract,merged_original_drf,main,D7,1000,drf,tate_functional_rmse,TATE-K-grid_mean,10,0,9,0.01915600797,0.004017798707,0.0192(0.0040)
abstract,merged_original_drf,main,D7,1000,drf,tate_functional_rmse,TATE-K-grid_sd,10,0,9,0.01160083585,0.002548308421,0.0116(0.0025)
abstract,merged_original_drf,main,D7,1000,drf,tate_functional_rmse,TATE-K-grid_skewness,10,0,9,0.01062070546,0.003264538197,0.0106(0.0033)
abstract,merged_original_drf,main,D7,1000,drf,tate_functional_rmse,TATE-K-grid_upper_tail_mean,10,0,9,0.02119916356,0.005389545868,0.0212(0.0054)
abstract,merged_original_drf,main,D7,1000,drf,tcate_functional_rmse,TCATE-K-grid_mean,10,0,9,0.03633951395,0.00577316268,0.0363(0.0058)
abstract,merged_original_drf,main,D7,1000,drf,tcate_functional_rmse,TCATE-K-grid_sd,10,0,9,0.01695856269,0.002304267279,0.0170(0.0023)
abstract,merged_original_drf,main,D7,1000,drf,tcate_functional_rmse,TCATE-K-grid_skewness,10,0,9,0.04846526188,0.001478398937,0.0485(0.0015)
abstract,merged_original_drf,main,D7,1000,drf,tcate_functional_rmse,TCATE-K-grid_upper_tail_mean,10,0,9,0.03961629676,0.005494990574,0.0396(0.0055)
abstract,merged_original_causal_drf,main,D8,1000,causal_drf,tate_functional_rmse,TATE-K-grid_mean,10,0,9,0.1238303324,0.01237689607,0.1238(0.0124)
abstract,merged_original_causal_drf,main,D8,1000,causal_drf,tate_functional_rmse,TATE-K-grid_sd,10,0,9,0.02035237675,0.003730958061,0.0204(0.0037)
abstract,merged_original_causal_drf,main,D8,1000,causal_drf,tate_functional_rmse,TATE-K-grid_skewness,10,0,9,1.667400073e-17,3.573589663e-18,0.0000(0.0000)
abstract,merged_original_causal_drf,main,D8,1000,causal_drf,tate_functional_rmse,TATE-K-grid_upper_tail_mean,10,0,9,0.1380348571,0.01435179946,0.1380(0.0144)
abstract,merged_original_causal_drf,main,D8,1000,causal_drf,tcate_functional_rmse,TCATE-K-grid_mean,10,0,9,0.1575646882,0.007642438362,0.1576(0.0076)
abstract,merged_original_causal_drf,main,D8,1000,causal_drf,tcate_functional_rmse,TCATE-K-grid_sd,10,0,9,0.02838212531,0.003687343925,0.0284(0.0037)
abstract,merged_original_causal_drf,main,D8,1000,causal_drf,tcate_functional_rmse,TCATE-K-grid_skewness,10,0,9,3.254489789e-17,4.06930761e-18,0.0000(0.0000)
abstract,merged_original_causal_drf,main,D8,1000,causal_drf,tcate_functional_rmse,TCATE-K-grid_upper_tail_mean,10,0,9,0.1696650761,0.009458709909,0.1697(0.0095)
abstract,merged_phase6,main,D8,1000,cwdb_dr,tate_functional_rmse,TATE-K-grid_mean,10,0,9,0.03496321246,0.007608900591,0.0350(0.0076)
abstract,merged_phase6,main,D8,1000,cwdb_dr,tate_functional_rmse,TATE-K-grid_sd,10,0,9,0.01609003735,0.004531942039,0.0161(0.0045)
abstract,merged_phase6,main,D8,1000,cwdb_dr,tate_functional_rmse,TATE-K-grid_skewness,10,0,9,6.761142736e-17,1.425046983e-17,0.0000(0.0000)
abstract,merged_phase6,main,D8,1000,cwdb_dr,tate_functional_rmse,TATE-K-grid_upper_tail_mean,10,0,9,0.04244001419,0.009634067946,0.0424(0.0096)
abstract,merged_phase6,main,D8,1000,cwdb_dr,tcate_functional_rmse,TCATE-K-grid_mean,10,0,9,0.10003356,0.01470837551,0.1000(0.0147)
abstract,merged_phase6,main,D8,1000,cwdb_dr,tcate_functional_rmse,TCATE-K-grid_sd,10,0,9,0.05470815778,0.006391487206,0.0547(0.0064)
abstract,merged_phase6,main,D8,1000,cwdb_dr,tcate_functional_rmse,TCATE-K-grid_skewness,10,0,9,1.215454569e-16,1.622155425e-17,0.0000(0.0000)
abstract,merged_phase6,main,D8,1000,cwdb_dr,tcate_functional_rmse,TCATE-K-grid_upper_tail_mean,10,0,9,0.1142010863,0.01575322811,0.1142(0.0158)
abstract,merged_original_drf,main,D8,1000,drf,tate_functional_rmse,TATE-K-grid_mean,10,0,9,0.03401963585,0.0048305967,0.0340(0.0048)
abstract,merged_original_drf,main,D8,1000,drf,tate_functional_rmse,TATE-K-grid_sd,10,0,9,0.02126462166,0.003062133159,0.0213(0.0031)
abstract,merged_original_drf,main,D8,1000,drf,tate_functional_rmse,TATE-K-grid_skewness,10,0,9,2.066149077e-17,3.381965026e-18,0.0000(0.0000)
abstract,merged_original_drf,main,D8,1000,drf,tate_functional_rmse,TATE-K-grid_upper_tail_mean,10,0,9,0.0476392643,0.006849989584,0.0476(0.0068)
abstract,merged_original_drf,main,D8,1000,drf,tcate_functional_rmse,TCATE-K-grid_mean,10,0,9,0.08486146016,0.006514727228,0.0849(0.0065)
abstract,merged_original_drf,main,D8,1000,drf,tcate_functional_rmse,TCATE-K-grid_sd,10,0,9,0.02582603343,0.003202626648,0.0258(0.0032)
abstract,merged_original_drf,main,D8,1000,drf,tcate_functional_rmse,TCATE-K-grid_skewness,10,0,9,3.391672119e-17,4.47781497e-18,0.0000(0.0000)
abstract,merged_original_drf,main,D8,1000,drf,tcate_functional_rmse,TCATE-K-grid_upper_tail_mean,10,0,9,0.09306423644,0.007626679497,0.0931(0.0076)
income,merged_phase6,income,IC0,500,causal_drf,tate_functional_rmse,TATE-K-grid_mean,10,0,9,0.2258919615,0.01186691832,0.2259(0.0119)
income,merged_phase6,income,IC0,500,causal_drf,tate_functional_rmse,TATE-K-grid_sd,10,0,9,0.00766253099,0.001736733379,0.0077(0.0017)
income,merged_phase6,income,IC0,500,causal_drf,tate_functional_rmse,TATE-K-grid_skewness,10,0,9,0.08327859117,0.003357652074,0.0833(0.0034)
income,merged_phase6,income,IC0,500,causal_drf,tate_functional_rmse,TATE-K-grid_upper_tail_mean,10,0,9,0.2317124349,0.01223428881,0.2317(0.0122)
income,merged_phase6,income,IC0,500,causal_drf,tcate_functional_rmse,TCATE-K-grid_mean,10,0,9,0.2260304363,0.01179764593,0.2260(0.0118)
income,merged_phase6,income,IC0,500,causal_drf,tcate_functional_rmse,TCATE-K-grid_sd,10,0,9,0.00846280297,0.001627937462,0.0085(0.0016)
income,merged_phase6,income,IC0,500,causal_drf,tcate_functional_rmse,TCATE-K-grid_skewness,10,0,9,0.08327783387,0.003354643082,0.0833(0.0034)
income,merged_phase6,income,IC0,500,causal_drf,tcate_functional_rmse,TCATE-K-grid_upper_tail_mean,10,0,9,0.2318620341,0.01215880155,0.2319(0.0122)
income,merged_phase6,income,IC0,500,cwdb_dr,tate_functional_rmse,TATE-K-grid_mean,10,0,9,0.02159118783,0.00495454514,0.0216(0.0050)
income,merged_phase6,income,IC0,500,cwdb_dr,tate_functional_rmse,TATE-K-grid_sd,10,0,9,0.00882753788,0.002590653562,0.0088(0.0026)
income,merged_phase6,income,IC0,500,cwdb_dr,tate_functional_rmse,TATE-K-grid_skewness,10,0,9,0.007268287953,0.001905852042,0.0073(0.0019)
income,merged_phase6,income,IC0,500,cwdb_dr,tate_functional_rmse,TATE-K-grid_upper_tail_mean,10,0,9,0.01938035457,0.005147426306,0.0194(0.0051)
income,merged_phase6,income,IC0,500,cwdb_dr,tcate_functional_rmse,TCATE-K-grid_mean,10,0,9,0.05013972901,0.006095509945,0.0501(0.0061)
income,merged_phase6,income,IC0,500,cwdb_dr,tcate_functional_rmse,TCATE-K-grid_sd,10,0,9,0.03184044438,0.00286590407,0.0318(0.0029)
income,merged_phase6,income,IC0,500,cwdb_dr,tcate_functional_rmse,TCATE-K-grid_skewness,10,0,9,0.01765196371,0.001924702224,0.0177(0.0019)
income,merged_phase6,income,IC0,500,cwdb_dr,tcate_functional_rmse,TCATE-K-grid_upper_tail_mean,10,0,9,0.05380695941,0.005964528807,0.0538(0.0060)
income,merged_phase6,income,IC0,500,drf,tate_functional_rmse,TATE-K-grid_mean,10,0,9,0.2241346513,0.01057603054,0.2241(0.0106)
income,merged_phase6,income,IC0,500,drf,tate_functional_rmse,TATE-K-grid_sd,10,0,9,0.008352063488,0.001613067701,0.0084(0.0016)
income,merged_phase6,income,IC0,500,drf,tate_functional_rmse,TATE-K-grid_skewness,10,0,9,0.08061126022,0.003340996902,0.0806(0.0033)
income,merged_phase6,income,IC0,500,drf,tate_functional_rmse,TATE-K-grid_upper_tail_mean,10,0,9,0.229276304,0.01078409969,0.2293(0.0108)
income,merged_phase6,income,IC0,500,drf,tcate_functional_rmse,TCATE-K-grid_mean,10,0,9,0.2241628257,0.01054680823,0.2242(0.0105)
income,merged_phase6,income,IC0,500,drf,tcate_functional_rmse,TCATE-K-grid_sd,10,0,9,0.008408843845,0.001595440628,0.0084(0.0016)
income,merged_phase6,income,IC0,500,drf,tcate_functional_rmse,TCATE-K-grid_skewness,10,0,9,0.08061465322,0.003335394603,0.0806(0.0033)
income,merged_phase6,income,IC0,500,drf,tcate_functional_rmse,TCATE-K-grid_upper_tail_mean,10,0,9,0.2293055343,0.01075394839,0.2293(0.0108)
income,merged_phase6,income,IC1,500,causal_drf,tate_functional_rmse,TATE-K-grid_mean,10,0,9,0.1976723862,0.01179579321,0.1977(0.0118)
income,merged_phase6,income,IC1,500,causal_drf,tate_functional_rmse,TATE-K-grid_sd,10,0,9,0.006163805332,0.001421367209,0.0062(0.0014)
income,merged_phase6,income,IC1,500,causal_drf,tate_functional_rmse,TATE-K-grid_skewness,10,0,9,0.05778886985,0.001460122693,0.0578(0.0015)
income,merged_phase6,income,IC1,500,causal_drf,tate_functional_rmse,TATE-K-grid_upper_tail_mean,10,0,9,0.201236638,0.01224296062,0.2012(0.0122)
income,merged_phase6,income,IC1,500,causal_drf,tcate_functional_rmse,TCATE-K-grid_mean,10,0,9,0.1979302471,0.01171487172,0.1979(0.0117)
income,merged_phase6,income,IC1,500,causal_drf,tcate_functional_rmse,TCATE-K-grid_sd,10,0,9,0.007261722291,0.001276205277,0.0073(0.0013)
income,merged_phase6,income,IC1,500,causal_drf,tcate_functional_rmse,TCATE-K-grid_skewness,10,0,9,0.05790671252,0.001453630789,0.0579(0.0015)
income,merged_phase6,income,IC1,500,causal_drf,tcate_functional_rmse,TCATE-K-grid_upper_tail_mean,10,0,9,0.2015121565,0.01215393913,0.2015(0.0122)
income,merged_phase6,income,IC1,500,cwdb_dr,tate_functional_rmse,TATE-K-grid_mean,10,0,9,0.02468817322,0.00463458494,0.0247(0.0046)
income,merged_phase6,income,IC1,500,cwdb_dr,tate_functional_rmse,TATE-K-grid_sd,10,0,9,0.01743993309,0.003738005682,0.0174(0.0037)
income,merged_phase6,income,IC1,500,cwdb_dr,tate_functional_rmse,TATE-K-grid_skewness,10,0,9,0.00584856457,0.001547590592,0.0058(0.0015)
income,merged_phase6,income,IC1,500,cwdb_dr,tate_functional_rmse,TATE-K-grid_upper_tail_mean,10,0,9,0.02205426556,0.004190810144,0.0221(0.0042)
income,merged_phase6,income,IC1,500,cwdb_dr,tcate_functional_rmse,TCATE-K-grid_mean,10,0,9,0.05655161994,0.005129454562,0.0566(0.0051)
income,merged_phase6,income,IC1,500,cwdb_dr,tcate_functional_rmse,TCATE-K-grid_sd,10,0,9,0.0361043777,0.0033583022,0.0361(0.0034)
income,merged_phase6,income,IC1,500,cwdb_dr,tcate_functional_rmse,TCATE-K-grid_skewness,10,0,9,0.0188500187,0.001999106569,0.0189(0.0020)
income,merged_phase6,income,IC1,500,cwdb_dr,tcate_functional_rmse,TCATE-K-grid_upper_tail_mean,10,0,9,0.06601051416,0.005259288946,0.0660(0.0053)
income,merged_phase6,income,IC1,500,drf,tate_functional_rmse,TATE-K-grid_mean,10,0,9,0.2036704034,0.01062261852,0.2037(0.0106)
income,merged_phase6,income,IC1,500,drf,tate_functional_rmse,TATE-K-grid_sd,10,0,9,0.00674423287,0.001336042078,0.0067(0.0013)
income,merged_phase6,income,IC1,500,drf,tate_functional_rmse,TATE-K-grid_skewness,10,0,9,0.05794748009,0.00226168729,0.0579(0.0023)
income,merged_phase6,income,IC1,500,drf,tate_functional_rmse,TATE-K-grid_upper_tail_mean,10,0,9,0.2069113093,0.01076854611,0.2069(0.0108)
income,merged_phase6,income,IC1,500,drf,tcate_functional_rmse,TCATE-K-grid_mean,10,0,9,0.203752233,0.01058588462,0.2038(0.0106)
income,merged_phase6,income,IC1,500,drf,tcate_functional_rmse,TCATE-K-grid_sd,10,0,9,0.006862071756,0.001298573086,0.0069(0.0013)
income,merged_phase6,income,IC1,500,drf,tcate_functional_rmse,TCATE-K-grid_skewness,10,0,9,0.05807602191,0.002256304564,0.0581(0.0023)
income,merged_phase6,income,IC1,500,drf,tcate_functional_rmse,TCATE-K-grid_upper_tail_mean,10,0,9,0.2069973972,0.010729654,0.2070(0.0107)
income,merged_phase6,income,IC2,500,causal_drf,tate_functional_rmse,TATE-K-grid_mean,10,0,9,0.2252849161,0.01189298196,0.2253(0.0119)
income,merged_phase6,income,IC2,500,causal_drf,tate_functional_rmse,TATE-K-grid_sd,10,0,9,0.007314635671,0.002228220556,0.0073(0.0022)
income,merged_phase6,income,IC2,500,causal_drf,tate_functional_rmse,TATE-K-grid_skewness,10,0,9,0.09664566409,0.002342245909,0.0966(0.0023)
income,merged_phase6,income,IC2,500,causal_drf,tate_functional_rmse,TATE-K-grid_upper_tail_mean,10,0,9,0.2386579029,0.0117055935,0.2387(0.0117)
income,merged_phase6,income,IC2,500,causal_drf,tcate_functional_rmse,TCATE-K-grid_mean,10,0,9,0.2254195091,0.01185259571,0.2254(0.0119)
income,merged_phase6,income,IC2,500,causal_drf,tcate_functional_rmse,TCATE-K-grid_sd,10,0,9,0.008182701482,0.002246029193,0.0082(0.0022)
income,merged_phase6,income,IC2,500,causal_drf,tcate_functional_rmse,TCATE-K-grid_skewness,10,0,9,0.09668473948,0.002335113417,0.0967(0.0023)
income,merged_phase6,income,IC2,500,causal_drf,tcate_functional_rmse,TCATE-K-grid_upper_tail_mean,10,0,9,0.2387527808,0.01169041881,0.2388(0.0117)
income,merged_phase6,income,IC2,500,cwdb_dr,tate_functional_rmse,TATE-K-grid_mean,10,0,9,0.01348377865,0.004160773662,0.0135(0.0042)
income,merged_phase6,income,IC2,500,cwdb_dr,tate_functional_rmse,TATE-K-grid_sd,10,0,9,0.01077209487,0.002766422422,0.0108(0.0028)
income,merged_phase6,income,IC2,500,cwdb_dr,tate_functional_rmse,TATE-K-grid_skewness,10,0,9,0.007473498357,0.001403879469,0.0075(0.0014)
income,merged_phase6,income,IC2,500,cwdb_dr,tate_functional_rmse,TATE-K-grid_upper_tail_mean,10,0,9,0.01422421444,0.004754552258,0.0142(0.0048)
income,merged_phase6,income,IC2,500,cwdb_dr,tcate_functional_rmse,TCATE-K-grid_mean,10,0,9,0.04283299096,0.006011744882,0.0428(0.0060)
income,merged_phase6,income,IC2,500,cwdb_dr,tcate_functional_rmse,TCATE-K-grid_sd,10,0,9,0.03221045439,0.003581981672,0.0322(0.0036)
income,merged_phase6,income,IC2,500,cwdb_dr,tcate_functional_rmse,TCATE-K-grid_skewness,10,0,9,0.01641449626,0.00190384406,0.0164(0.0019)
income,merged_phase6,income,IC2,500,cwdb_dr,tcate_functional_rmse,TCATE-K-grid_upper_tail_mean,10,0,9,0.05246718356,0.00729304182,0.0525(0.0073)
income,merged_phase6,income,IC2,500,drf,tate_functional_rmse,TATE-K-grid_mean,10,0,9,0.241061109,0.01302942432,0.2411(0.0130)
income,merged_phase6,income,IC2,500,drf,tate_functional_rmse,TATE-K-grid_sd,10,0,9,0.007588217564,0.001986733023,0.0076(0.0020)
income,merged_phase6,income,IC2,500,drf,tate_functional_rmse,TATE-K-grid_skewness,10,0,9,0.1062692266,0.003124157147,0.1063(0.0031)
income,merged_phase6,income,IC2,500,drf,tate_functional_rmse,TATE-K-grid_upper_tail_mean,10,0,9,0.2531027537,0.01237938168,0.2531(0.0124)
income,merged_phase6,income,IC2,500,drf,tcate_functional_rmse,TCATE-K-grid_mean,10,0,9,0.2410740991,0.01301618023,0.2411(0.0130)
income,merged_phase6,income,IC2,500,drf,tcate_functional_rmse,TCATE-K-grid_sd,10,0,9,0.007654284609,0.001970466564,0.0077(0.0020)
income,merged_phase6,income,IC2,500,drf,tcate_functional_rmse,TCATE-K-grid_skewness,10,0,9,0.1062636195,0.003122606964,0.1063(0.0031)
income,merged_phase6,income,IC2,500,drf,tcate_functional_rmse,TCATE-K-grid_upper_tail_mean,10,0,9,0.253109553,0.01236833833,0.2531(0.0124)
income,merged_phase6,income,IC3,500,causal_drf,tate_functional_rmse,TATE-K-grid_mean,10,0,9,0.333650366,0.01193108649,0.3337(0.0119)
income,merged_phase6,income,IC3,500,causal_drf,tate_functional_rmse,TATE-K-grid_sd,10,0,9,0.007474642241,0.001694433189,0.0075(0.0017)
income,merged_phase6,income,IC3,500,causal_drf,tate_functional_rmse,TATE-K-grid_skewness,10,0,9,0.09267449124,0.003977312023,0.0927(0.0040)
income,merged_phase6,income,IC3,500,causal_drf,tate_functional_rmse,TATE-K-grid_upper_tail_mean,10,0,9,0.3461367518,0.01154203236,0.3461(0.0115)
income,merged_phase6,income,IC3,500,causal_drf,tcate_functional_rmse,TCATE-K-grid_mean,10,0,9,0.3339314292,0.0117909526,0.3339(0.0118)
income,merged_phase6,income,IC3,500,causal_drf,tcate_functional_rmse,TCATE-K-grid_sd,10,0,9,0.00852889677,0.00175345671,0.0085(0.0018)
income,merged_phase6,income,IC3,500,causal_drf,tcate_functional_rmse,TCATE-K-grid_skewness,10,0,9,0.09278537227,0.003946612468,0.0928(0.0039)
income,merged_phase6,income,IC3,500,causal_drf,tcate_functional_rmse,TCATE-K-grid_upper_tail_mean,10,0,9,0.3463380729,0.01142880494,0.3463(0.0114)
income,merged_phase6,income,IC3,500,cwdb_dr,tate_functional_rmse,TATE-K-grid_mean,10,0,9,0.03624471465,0.007614266904,0.0362(0.0076)
income,merged_phase6,income,IC3,500,cwdb_dr,tate_functional_rmse,TATE-K-grid_sd,10,0,9,0.01884244895,0.003665682256,0.0188(0.0037)
income,merged_phase6,income,IC3,500,cwdb_dr,tate_functional_rmse,TATE-K-grid_skewness,10,0,9,0.01754407146,0.003677977068,0.0175(0.0037)
income,merged_phase6,income,IC3,500,cwdb_dr,tate_functional_rmse,TATE-K-grid_upper_tail_mean,10,0,9,0.04338363019,0.009825611692,0.0434(0.0098)
income,merged_phase6,income,IC3,500,cwdb_dr,tcate_functional_rmse,TCATE-K-grid_mean,10,0,9,0.06667482791,0.006400694494,0.0667(0.0064)
income,merged_phase6,income,IC3,500,cwdb_dr,tcate_functional_rmse,TCATE-K-grid_sd,10,0,9,0.04533183962,0.006264187189,0.0453(0.0063)
income,merged_phase6,income,IC3,500,cwdb_dr,tcate_functional_rmse,TCATE-K-grid_skewness,10,0,9,0.04010923754,0.004814057489,0.0401(0.0048)
income,merged_phase6,income,IC3,500,cwdb_dr,tcate_functional_rmse,TCATE-K-grid_upper_tail_mean,10,0,9,0.0679695727,0.00623836095,0.0680(0.0062)
income,merged_phase6,income,IC3,500,drf,tate_functional_rmse,TATE-K-grid_mean,10,0,9,0.3550875361,0.01089107658,0.3551(0.0109)
income,merged_phase6,income,IC3,500,drf,tate_functional_rmse,TATE-K-grid_sd,10,0,9,0.007455535883,0.001902574194,0.0075(0.0019)
income,merged_phase6,income,IC3,500,drf,tate_functional_rmse,TATE-K-grid_skewness,10,0,9,0.1021371664,0.003757712163,0.1021(0.0038)
income,merged_phase6,income,IC3,500,drf,tate_functional_rmse,TATE-K-grid_upper_tail_mean,10,0,9,0.3681847666,0.01065038178,0.3682(0.0107)
income,merged_phase6,income,IC3,500,drf,tcate_functional_rmse,TCATE-K-grid_mean,10,0,9,0.3551759763,0.01085777231,0.3552(0.0109)
income,merged_phase6,income,IC3,500,drf,tcate_functional_rmse,TCATE-K-grid_sd,10,0,9,0.007577171434,0.001878304266,0.0076(0.0019)
income,merged_phase6,income,IC3,500,drf,tcate_functional_rmse,TCATE-K-grid_skewness,10,0,9,0.1022439408,0.003734535935,0.1022(0.0037)
income,merged_phase6,income,IC3,500,drf,tcate_functional_rmse,TCATE-K-grid_upper_tail_mean,10,0,9,0.3682636356,0.01061932714,0.3683(0.0106)
income,merged_phase6,income,IC0,1000,causal_drf,tate_functional_rmse,TATE-K-grid_mean,10,0,9,0.1873001383,0.008521763985,0.1873(0.0085)
income,merged_phase6,income,IC0,1000,causal_drf,tate_functional_rmse,TATE-K-grid_sd,10,0,9,0.009152265124,0.002997781868,0.0092(0.0030)
income,merged_phase6,income,IC0,1000,causal_drf,tate_functional_rmse,TATE-K-grid_skewness,10,0,9,0.06659736117,0.002085820005,0.0666(0.0021)
income,merged_phase6,income,IC0,1000,causal_drf,tate_functional_rmse,TATE-K-grid_upper_tail_mean,10,0,9,0.1907438127,0.008149404356,0.1907(0.0081)
income,merged_phase6,income,IC0,1000,causal_drf,tcate_functional_rmse,TCATE-K-grid_mean,10,0,9,0.1874911576,0.008502522122,0.1875(0.0085)
income,merged_phase6,income,IC0,1000,causal_drf,tcate_functional_rmse,TCATE-K-grid_sd,10,0,9,0.01007524395,0.002776224748,0.0101(0.0028)
income,merged_phase6,income,IC0,1000,causal_drf,tcate_functional_rmse,TCATE-K-grid_skewness,10,0,9,0.06662994087,0.002077991239,0.0666(0.0021)
income,merged_phase6,income,IC0,1000,causal_drf,tcate_functional_rmse,TCATE-K-grid_upper_tail_mean,10,0,9,0.1909334129,0.008143325795,0.1909(0.0081)
income,merged_phase6,income,IC0,1000,cwdb_dr,tate_functional_rmse,TATE-K-grid_mean,10,0,9,0.01282217786,0.002444462922,0.0128(0.0024)
income,merged_phase6,income,IC0,1000,cwdb_dr,tate_functional_rmse,TATE-K-grid_sd,10,0,9,0.01156371322,0.001859817086,0.0116(0.0019)
income,merged_phase6,income,IC0,1000,cwdb_dr,tate_functional_rmse,TATE-K-grid_skewness,10,0,9,0.002824959102,0.000718673044,0.0028(0.0007)
income,merged_phase6,income,IC0,1000,cwdb_dr,tate_functional_rmse,TATE-K-grid_upper_tail_mean,10,0,9,0.01289546658,0.002265750119,0.0129(0.0023)
income,merged_phase6,income,IC0,1000,cwdb_dr,tcate_functional_rmse,TCATE-K-grid_mean,10,0,9,0.0308085818,0.004624400552,0.0308(0.0046)
income,merged_phase6,income,IC0,1000,cwdb_dr,tcate_functional_rmse,TCATE-K-grid_sd,10,0,9,0.02233227208,0.002242090128,0.0223(0.0022)
income,merged_phase6,income,IC0,1000,cwdb_dr,tcate_functional_rmse,TCATE-K-grid_skewness,10,0,9,0.008087661098,0.0009454127644,0.0081(0.0009)
income,merged_phase6,income,IC0,1000,cwdb_dr,tcate_functional_rmse,TCATE-K-grid_upper_tail_mean,10,0,9,0.03484763569,0.004581175146,0.0348(0.0046)
income,merged_phase6,income,IC0,1000,drf,tate_functional_rmse,TATE-K-grid_mean,10,0,9,0.1836172236,0.006841824527,0.1836(0.0068)
income,merged_phase6,income,IC0,1000,drf,tate_functional_rmse,TATE-K-grid_sd,10,0,9,0.008879052224,0.002682529011,0.0089(0.0027)
income,merged_phase6,income,IC0,1000,drf,tate_functional_rmse,TATE-K-grid_skewness,10,0,9,0.06200807273,0.002027486903,0.0620(0.0020)
income,merged_phase6,income,IC0,1000,drf,tate_functional_rmse,TATE-K-grid_upper_tail_mean,10,0,9,0.1871579958,0.006898792557,0.1872(0.0069)
income,merged_phase6,income,IC0,1000,drf,tcate_functional_rmse,TCATE-K-grid_mean,10,0,9,0.1837060318,0.006829180442,0.1837(0.0068)
income,merged_phase6,income,IC0,1000,drf,tcate_functional_rmse,TCATE-K-grid_sd,10,0,9,0.009102877201,0.002614381648,0.0091(0.0026)
income,merged_phase6,income,IC0,1000,drf,tcate_functional_rmse,TCATE-K-grid_skewness,10,0,9,0.06202510428,0.002023752294,0.0620(0.0020)
income,merged_phase6,income,IC0,1000,drf,tcate_functional_rmse,TCATE-K-grid_upper_tail_mean,10,0,9,0.1872365514,0.006894797354,0.1872(0.0069)
income,merged_phase6,income,IC1,1000,causal_drf,tate_functional_rmse,TATE-K-grid_mean,10,0,9,0.1643138538,0.00903672428,0.1643(0.0090)
income,merged_phase6,income,IC1,1000,causal_drf,tate_functional_rmse,TATE-K-grid_sd,10,0,9,0.008628223493,0.002565757214,0.0086(0.0026)
income,merged_phase6,income,IC1,1000,causal_drf,tate_functional_rmse,TATE-K-grid_skewness,10,0,9,0.04573657122,0.002265181399,0.0457(0.0023)
income,merged_phase6,income,IC1,1000,causal_drf,tate_functional_rmse,TATE-K-grid_upper_tail_mean,10,0,9,0.1660603879,0.008743658052,0.1661(0.0087)
income,merged_phase6,income,IC1,1000,causal_drf,tcate_functional_rmse,TCATE-K-grid_mean,10,0,9,0.1646240652,0.009044464656,0.1646(0.0090)
income,merged_phase6,income,IC1,1000,causal_drf,tcate_functional_rmse,TCATE-K-grid_sd,10,0,9,0.009600037569,0.002371783665,0.0096(0.0024)
income,merged_phase6,income,IC1,1000,causal_drf,tcate_functional_rmse,TCATE-K-grid_skewness,10,0,9,0.04588940665,0.002245000429,0.0459(0.0022)
income,merged_phase6,income,IC1,1000,causal_drf,tcate_functional_rmse,TCATE-K-grid_upper_tail_mean,10,0,9,0.1663454417,0.008766930287,0.1663(0.0088)
income,merged_phase6,income,IC1,1000,cwdb_dr,tate_functional_rmse,TATE-K-grid_mean,10,0,9,0.01695681705,0.002850425865,0.0170(0.0029)
income,merged_phase6,income,IC1,1000,cwdb_dr,tate_functional_rmse,TATE-K-grid_sd,10,0,9,0.008769919001,0.002124576521,0.0088(0.0021)
income,merged_phase6,income,IC1,1000,cwdb_dr,tate_functional_rmse,TATE-K-grid_skewness,10,0,9,0.007841030812,0.002488417049,0.0078(0.0025)
income,merged_phase6,income,IC1,1000,cwdb_dr,tate_functional_rmse,TATE-K-grid_upper_tail_mean,10,0,9,0.01770596632,0.00255593708,0.0177(0.0026)
income,merged_phase6,income,IC1,1000,cwdb_dr,tcate_functional_rmse,TCATE-K-grid_mean,10,0,9,0.03551320241,0.003945329148,0.0355(0.0039)
income,merged_phase6,income,IC1,1000,cwdb_dr,tcate_functional_rmse,TCATE-K-grid_sd,10,0,9,0.01908727916,0.002142123371,0.0191(0.0021)
income,merged_phase6,income,IC1,1000,cwdb_dr,tcate_functional_rmse,TCATE-K-grid_skewness,10,0,9,0.01424771163,0.002320378124,0.0142(0.0023)
income,merged_phase6,income,IC1,1000,cwdb_dr,tcate_functional_rmse,TCATE-K-grid_upper_tail_mean,10,0,9,0.03956165869,0.003388519679,0.0396(0.0034)
income,merged_phase6,income,IC1,1000,drf,tate_functional_rmse,TATE-K-grid_mean,10,0,9,0.1728292668,0.006045290187,0.1728(0.0060)
income,merged_phase6,income,IC1,1000,drf,tate_functional_rmse,TATE-K-grid_sd,10,0,9,0.008737252622,0.002318171919,0.0087(0.0023)
income,merged_phase6,income,IC1,1000,drf,tate_functional_rmse,TATE-K-grid_skewness,10,0,9,0.04776645989,0.001254738649,0.0478(0.0013)
income,merged_phase6,income,IC1,1000,drf,tate_functional_rmse,TATE-K-grid_upper_tail_mean,10,0,9,0.1752761151,0.005944957192,0.1753(0.0059)
income,merged_phase6,income,IC1,1000,drf,tcate_functional_rmse,TCATE-K-grid_mean,10,0,9,0.1729311183,0.00603511098,0.1729(0.0060)
income,merged_phase6,income,IC1,1000,drf,tcate_functional_rmse,TCATE-K-grid_sd,10,0,9,0.008974207947,0.002246706182,0.0090(0.0022)
income,merged_phase6,income,IC1,1000,drf,tcate_functional_rmse,TCATE-K-grid_skewness,10,0,9,0.04785940998,0.001256727334,0.0479(0.0013)
income,merged_phase6,income,IC1,1000,drf,tcate_functional_rmse,TCATE-K-grid_upper_tail_mean,10,0,9,0.1753644743,0.005947610662,0.1754(0.0059)
income,merged_phase6,income,IC2,1000,causal_drf,tate_functional_rmse,TATE-K-grid_mean,10,0,9,0.1897876371,0.007500740626,0.1898(0.0075)
income,merged_phase6,income,IC2,1000,causal_drf,tate_functional_rmse,TATE-K-grid_sd,10,0,9,0.008299479197,0.001884726924,0.0083(0.0019)
income,merged_phase6,income,IC2,1000,causal_drf,tate_functional_rmse,TATE-K-grid_skewness,10,0,9,0.07295171039,0.002137162657,0.0730(0.0021)
income,merged_phase6,income,IC2,1000,causal_drf,tate_functional_rmse,TATE-K-grid_upper_tail_mean,10,0,9,0.1993755188,0.007211401059,0.1994(0.0072)
income,merged_phase6,income,IC2,1000,causal_drf,tcate_functional_rmse,TCATE-K-grid_mean,10,0,9,0.189980869,0.007536677492,0.1900(0.0075)
income,merged_phase6,income,IC2,1000,causal_drf,tcate_functional_rmse,TCATE-K-grid_sd,10,0,9,0.008901379365,0.001780488216,0.0089(0.0018)
income,merged_phase6,income,IC2,1000,causal_drf,tcate_functional_rmse,TCATE-K-grid_skewness,10,0,9,0.07300032644,0.002138973249,0.0730(0.0021)
income,merged_phase6,income,IC2,1000,causal_drf,tcate_functional_rmse,TCATE-K-grid_upper_tail_mean,10,0,9,0.19957572,0.007240722792,0.1996(0.0072)
income,merged_phase6,income,IC2,1000,cwdb_dr,tate_functional_rmse,TATE-K-grid_mean,10,0,9,0.01261897077,0.003609887858,0.0126(0.0036)
income,merged_phase6,income,IC2,1000,cwdb_dr,tate_functional_rmse,TATE-K-grid_sd,10,0,9,0.01248643523,0.001932167165,0.0125(0.0019)
income,merged_phase6,income,IC2,1000,cwdb_dr,tate_functional_rmse,TATE-K-grid_skewness,10,0,9,0.003013363029,0.000941180971,0.0030(0.0009)
income,merged_phase6,income,IC2,1000,cwdb_dr,tate_functional_rmse,TATE-K-grid_upper_tail_mean,10,0,9,0.01128942881,0.002938018114,0.0113(0.0029)
income,merged_phase6,income,IC2,1000,cwdb_dr,tcate_functional_rmse,TCATE-K-grid_mean,10,0,9,0.03526796961,0.003026280195,0.0353(0.0030)
income,merged_phase6,income,IC2,1000,cwdb_dr,tcate_functional_rmse,TCATE-K-grid_sd,10,0,9,0.02363915876,0.002187431986,0.0236(0.0022)
income,merged_phase6,income,IC2,1000,cwdb_dr,tcate_functional_rmse,TCATE-K-grid_skewness,10,0,9,0.009286662405,0.001027711916,0.0093(0.0010)
income,merged_phase6,income,IC2,1000,cwdb_dr,tcate_functional_rmse,TCATE-K-grid_upper_tail_mean,10,0,9,0.03372748247,0.002946219127,0.0337(0.0029)
income,merged_phase6,income,IC2,1000,drf,tate_functional_rmse,TATE-K-grid_mean,10,0,9,0.2168489938,0.005927803938,0.2168(0.0059)
income,merged_phase6,income,IC2,1000,drf,tate_functional_rmse,TATE-K-grid_sd,10,0,9,0.006795893258,0.001698864202,0.0068(0.0017)
income,merged_phase6,income,IC2,1000,drf,tate_functional_rmse,TATE-K-grid_skewness,10,0,9,0.09123942278,0.00208893557,0.0912(0.0021)
income,merged_phase6,income,IC2,1000,drf,tate_functional_rmse,TATE-K-grid_upper_tail_mean,10,0,9,0.2278893028,0.006015994722,0.2279(0.0060)
income,merged_phase6,income,IC2,1000,drf,tcate_functional_rmse,TCATE-K-grid_mean,10,0,9,0.2169041672,0.005929556606,0.2169(0.0059)
income,merged_phase6,income,IC2,1000,drf,tcate_functional_rmse,TCATE-K-grid_sd,10,0,9,0.007003283319,0.001646848833,0.0070(0.0016)
income,merged_phase6,income,IC2,1000,drf,tcate_functional_rmse,TCATE-K-grid_skewness,10,0,9,0.0912439094,0.002088442295,0.0912(0.0021)
income,merged_phase6,income,IC2,1000,drf,tcate_functional_rmse,TCATE-K-grid_upper_tail_mean,10,0,9,0.2279406629,0.006024888539,0.2279(0.0060)
income,merged_phase6,income,IC3,1000,causal_drf,tate_functional_rmse,TATE-K-grid_mean,10,0,9,0.3088204765,0.007682982625,0.3088(0.0077)
income,merged_phase6,income,IC3,1000,causal_drf,tate_functional_rmse,TATE-K-grid_sd,10,0,9,0.008521844151,0.001904048476,0.0085(0.0019)
income,merged_phase6,income,IC3,1000,causal_drf,tate_functional_rmse,TATE-K-grid_skewness,10,0,9,0.07749175923,0.002649119377,0.0775(0.0026)
income,merged_phase6,income,IC3,1000,causal_drf,tate_functional_rmse,TATE-K-grid_upper_tail_mean,10,0,9,0.3186102857,0.008005920229,0.3186(0.0080)
income,merged_phase6,income,IC3,1000,causal_drf,tcate_functional_rmse,TCATE-K-grid_mean,10,0,9,0.3089843156,0.007649043721,0.3090(0.0076)
income,merged_phase6,income,IC3,1000,causal_drf,tcate_functional_rmse,TCATE-K-grid_sd,10,0,9,0.008916576954,0.001836405932,0.0089(0.0018)
income,merged_phase6,income,IC3,1000,causal_drf,tcate_functional_rmse,TCATE-K-grid_skewness,10,0,9,0.07758243052,0.002644106641,0.0776(0.0026)
income,merged_phase6,income,IC3,1000,causal_drf,tcate_functional_rmse,TCATE-K-grid_upper_tail_mean,10,0,9,0.31875016,0.008003464123,0.3188(0.0080)
income,merged_phase6,income,IC3,1000,cwdb_dr,tate_functional_rmse,TATE-K-grid_mean,10,0,9,0.02429440562,0.004262923022,0.0243(0.0043)
income,merged_phase6,income,IC3,1000,cwdb_dr,tate_functional_rmse,TATE-K-grid_sd,10,0,9,0.01095472776,0.00301973954,0.0110(0.0030)
income,merged_phase6,income,IC3,1000,cwdb_dr,tate_functional_rmse,TATE-K-grid_skewness,10,0,9,0.01263965668,0.002703530245,0.0126(0.0027)
income,merged_phase6,income,IC3,1000,cwdb_dr,tate_functional_rmse,TATE-K-grid_upper_tail_mean,10,0,9,0.027219907,0.005817886893,0.0272(0.0058)
income,merged_phase6,income,IC3,1000,cwdb_dr,tcate_functional_rmse,TCATE-K-grid_mean,10,0,9,0.05466876443,0.005574622996,0.0547(0.0056)
income,merged_phase6,income,IC3,1000,cwdb_dr,tcate_functional_rmse,TCATE-K-grid_sd,10,0,9,0.03218164148,0.003197082801,0.0322(0.0032)
income,merged_phase6,income,IC3,1000,cwdb_dr,tcate_functional_rmse,TCATE-K-grid_skewness,10,0,9,0.02238164622,0.001938194174,0.0224(0.0019)
income,merged_phase6,income,IC3,1000,cwdb_dr,tcate_functional_rmse,TCATE-K-grid_upper_tail_mean,10,0,9,0.05556138732,0.006476536166,0.0556(0.0065)
income,merged_phase6,income,IC3,1000,drf,tate_functional_rmse,TATE-K-grid_mean,10,0,9,0.3373590003,0.005804289819,0.3374(0.0058)
income,merged_phase6,income,IC3,1000,drf,tate_functional_rmse,TATE-K-grid_sd,10,0,9,0.008527370039,0.00167420072,0.0085(0.0017)
income,merged_phase6,income,IC3,1000,drf,tate_functional_rmse,TATE-K-grid_skewness,10,0,9,0.09406431948,0.003074491369,0.0941(0.0031)
income,merged_phase6,income,IC3,1000,drf,tate_functional_rmse,TATE-K-grid_upper_tail_mean,10,0,9,0.3490204777,0.006487079618,0.3490(0.0065)
income,merged_phase6,income,IC3,1000,drf,tcate_functional_rmse,TCATE-K-grid_mean,10,0,9,0.3374269461,0.00578843377,0.3374(0.0058)
income,merged_phase6,income,IC3,1000,drf,tcate_functional_rmse,TCATE-K-grid_sd,10,0,9,0.008601696879,0.001661037464,0.0086(0.0017)
income,merged_phase6,income,IC3,1000,drf,tcate_functional_rmse,TCATE-K-grid_skewness,10,0,9,0.09414284451,0.003079128839,0.0941(0.0031)
income,merged_phase6,income,IC3,1000,drf,tcate_functional_rmse,TCATE-K-grid_upper_tail_mean,10,0,9,0.3490871995,0.006480180062,0.3491(0.0065)
